week_end,weekly_spending,avg_transaction_amount,transaction_count,fraud_count,year,month,week_of_year,week_sin,week_cos,current_week_spending,spending_1_week_ago,spending_2_weeks_ago,spending_3_weeks_ago,spending_4_weeks_ago,previous_2_week_avg,previous_4_week_avg,previous_8_week_avg,current_transaction_count,current_avg_transaction_amount,current_fraud_count,previous_transaction_count,previous_avg_transaction_amount,spending_change,spending_change_percentage,next_week_spending,lag_1_change,lag_2_change,lag_3_change,lag_4_change,current_vs_last_week_pct,last_week_vs_2week_pct,current_vs_2week_avg_ratio,current_vs_4week_avg_ratio,current_vs_8week_avg_ratio,current_minus_2week_avg,current_minus_4week_avg,current_minus_8week_avg,lag_4week_mean,lag_4week_std,lag_4week_min,lag_4week_max,lag_4week_range,lag_4week_cv,recent_trend,short_term_trend,transaction_count_change,avg_transaction_change,avg_transaction_ratio,fraud_rate,quarter,month_sin,month_cos,quarter_sin,quarter_cos
2023-02-25,154569.36000000002,4683.92,33,0,2023,2,8,0.8229838658936564,0.5680647467311559,154569.36000000002,154477.05,148663.17,145150.12,149794.1,154523.20500000002,150714.925,150572.13625,33,4683.92,0,33.0,4681.122727272727,92.31000000002678,0.0597564492589849,149757.54,92.31000000002678,5813.879999999976,3513.0500000000175,-4643.9800000000105,0.0005975644925898493,0.03910773596446231,1.0002986930021287,1.025574341758124,1.0265469020334763,46.154999999998836,3854.435000000027,3997.2237500000047,149521.11,3334.5719158311726,145150.12,154477.05,9326.929999999993,0.022301679781745687,1193.8150000000023,46.154999999998836,0.0,2.7972727272726843,1.0005975644925897,0.0,1,0.8660254037844386,0.5000000000000001,1.0,6.123233995736766e-17
2023-03-04,149757.54,5164.0531034482765,29,0,2023,3,9,0.8854560256532099,0.4647231720437686,149757.54,154569.36000000002,154477.05,148663.17,145150.12,152163.45,151866.78,150232.47375,29,5164.0531034482765,0,33.0,4683.92,-4811.820000000007,-3.1130490544827296,154476.43,-4811.820000000007,92.31000000002678,5813.879999999976,3513.0500000000175,-0.031130490544827298,0.0005975644925898493,0.9841886471422671,0.9861112482927472,0.996838674501291,-2405.9100000000035,-2109.2399999999907,-474.9337499999965,150714.92500000002,4005.8397045095307,145150.12,154569.36000000002,9419.24000000002,0.026578918474792927,1151.8550000000032,-2405.9100000000035,-4.0,480.1331034482764,1.1025066831731278,0.0,1,1.0,6.123233995736766e-17,1.0,6.123233995736766e-17
2023-03-11,154476.43,4413.6122857142855,35,0,2023,3,10,0.9350162426854148,0.3546048870425355,154476.43,149757.54,154569.36000000002,154477.05,148663.17,152116.985,153320.095,150757.41375,35,4413.6122857142855,0,29.0,5164.0531034482765,4718.889999999985,3.15101997535482,152678.97,4718.889999999985,-4811.820000000007,92.31000000002678,5813.879999999976,0.0315101997535482,-0.031130490544827298,1.015510726826462,1.0075419663678136,1.0246688780172841,2359.445000000007,1156.3349999999919,3719.016249999986,151866.78,2684.6535409154712,148663.17,154569.36000000002,5906.190000000002,0.01767768791117762,1453.314999999995,2359.445000000007,6.0,-750.440817733991,0.854679879795797,0.0,1,1.0,6.123233995736766e-17,1.0,6.123233995736766e-17
2023-03-18,152678.97,4925.128064516129,31,0,2023,3,11,0.970941817426052,0.239315664287558,152678.97,154476.43,149757.54,154569.36000000002,154477.05,153577.7,152870.575,151195.8425,31,4925.128064516129,0,35.0,4413.6122857142855,-1797.459999999992,-1.1635820429045338,149478.8,-1797.4599999999919,4718.889999999985,-4811.820000000007,92.31000000002678,-0.011635820429045337,0.0315101997535482,0.9941480436287299,0.9987466194851429,1.009809314035867,-898.7300000000105,-191.60500000001048,1483.1275000000023,153320.09499999997,2057.1896286256606,149757.54,154569.36000000002,4811.820000000007,0.01341761253556268,-449.5199999999968,-898.7300000000105,-4.0,511.5157788018432,1.1158950414510778,0.0,1,1.0,6.123233995736766e-17,1.0,6.123233995736766e-17
2023-03-25,149478.8,4529.6606060606055,33,1,2023,3,12,0.992708874098054,0.120536680255323,149478.8,152678.97,154476.43,149757.54,154569.36000000002,151078.885,151597.935,151156.43000000002,33,4529.6606060606055,1,31.0,4925.128064516129,-3200.170000000013,-2.096012306082503,148072.23,-3200.170000000013,-1797.4599999999919,4718.889999999985,-4811.820000000007,-0.02096012306082503,-0.011635820429045337,0.9894089435462803,0.9860213465308745,0.9889013652942185,-1600.085000000021,-2119.1350000000093,-1677.6300000000338,152870.575,1948.867629195219,149757.54,154569.36000000002,4811.820000000007,0.012748481054612498,-1272.6400000000067,-1600.085000000021,2.0,-395.46745845552323,0.9197041268216493,0.030303030303030304,1,1.0,6.123233995736766e-17,1.0,6.123233995736766e-17
2023-04-01,148072.23,5105.938965517242,29,0,2023,4,13,1.0,-1.6081226496766366e-16,148072.23,149478.8,152678.97,154476.43,149757.54,148775.515,151176.60749999998,151521.69375,29,5105.938965517242,0,33.0,4529.6606060606055,-1406.569999999978,-0.9409829353727606,151597.38,-1406.5699999999779,-3200.170000000013,-1797.4599999999919,4718.889999999985,-0.009409829353727606,-0.02096012306082503,0.9952728444596545,0.9794652257955982,0.9772345222348731,-703.2850000000035,-3104.377499999973,-3449.4637499999953,151597.935,2081.595364167829,149478.8,154476.43,4997.630000000005,0.01373102716846261,-421.3274999999994,-703.2850000000035,-4.0,576.2783594566363,1.1272232976319652,0.0,2,0.8660254037844387,-0.4999999999999998,1.2246467991473532e-16,-1.0
2023-04-08,151597.38,4331.353714285714,35,2,2023,4,14,0.992708874098054,-0.1205366802553228,151597.38,148072.23,149478.8,152678.97,154476.43,149834.805,150456.845,151888.47,35,4331.353714285714,2,29.0,5105.938965517242,3525.149999999994,2.3806962318322578,152245.66,3525.149999999994,-1406.5699999999779,-3200.170000000013,-1797.4599999999919,0.023806962318322578,-0.009409829353727606,1.011763455093094,1.007580479306209,0.9980835279991958,1762.5750000000116,1140.5350000000035,-291.0899999999965,151176.60749999998,2533.0629474252573,148072.23,154476.43,6404.1999999999825,0.01675565412741027,-719.7624999999971,1762.5750000000116,6.0,-774.5852512315278,0.8482971973494672,0.05714285714285714,2,0.8660254037844387,-0.4999999999999998,1.2246467991473532e-16,-1.0
2023-04-15,152245.66,5638.728148148149,27,0,2023,4,15,0.970941817426052,-0.2393156642875575,152245.66,151597.38,148072.23,149478.8,152678.97,151921.52000000002,150348.51750000002,151609.54625,27,5638.728148148149,0,35.0,4331.353714285714,648.2799999999988,0.4276327203016297,154260.99,648.2799999999988,3525.149999999994,-1406.5699999999779,-3200.170000000013,0.004276327203016297,0.023806962318322578,1.0021336016122007,1.0126182986805972,1.004195736783956,324.13999999998487,1897.1424999999872,636.1137499999895,150456.845,1794.5487122184777,148072.23,152678.97,4606.739999999991,0.011927331802142187,-108.32749999999942,324.13999999998487,-8.0,1307.3744338624347,1.3018396834113177,0.0,2,0.8660254037844387,-0.4999999999999998,1.2246467991473532e-16,-1.0
2023-04-22,154260.99,5142.032999999999,30,0,2023,4,16,0.9350162426854148,-0.3546048870425354,154260.99,152245.66,151597.38,148072.23,149478.8,153253.325,151544.065,151571.0,30,5142.032999999999,0,27.0,5638.728148148149,2015.3299999999872,1.3237355994252888,153068.45,2015.3299999999872,648.2799999999988,3525.149999999994,-1406.5699999999779,0.013237355994252888,0.004276327203016297,1.0065751591360252,1.0179282837635375,1.017747392311194,1007.664999999979,2716.9249999999884,2689.9899999999907,150348.51750000002,1665.5855217966891,148072.23,152245.66,4173.429999999993,0.011078163918687718,1195.5475000000006,1007.664999999979,3.0,-496.6951481481492,0.9119136203948275,0.0,2,0.8660254037844387,-0.4999999999999998,1.2246467991473532e-16,-1.0
2023-04-29,153068.45,5102.281666666667,30,0,2023,4,17,0.8854560256532099,-0.4647231720437685,153068.45,154260.99,152245.66,151597.38,148072.23,153664.72,152793.12,151984.86375,30,5102.281666666667,0,30.0,5142.032999999999,-1192.539999999979,-0.7730664764954374,156315.11,-1192.539999999979,2015.3299999999872,648.2799999999988,3525.149999999994,-0.007730664764954374,0.013237355994252888,0.9961196688478657,1.0018019790419883,1.0071295668743856,-596.2699999999895,275.3300000000163,1083.5862500000221,151544.065,2232.1737026998976,148072.23,154260.99,6188.75999999998,0.014729535615267398,1249.0550000000003,-596.2699999999895,0.0,-39.751333333332695,0.9922693352350456,0.0,2,0.8660254037844387,-0.4999999999999998,1.2246467991473532e-16,-1.0
2023-05-06,156315.11,5042.422903225806,31,1,2023,5,18,0.8229838658936565,-0.5680647467311557,156315.11,153068.45,154260.99,152245.66,151597.38,154691.78,153972.5525,152214.69874999998,31,5042.422903225806,1,30.0,5102.281666666667,3246.6599999999744,2.121051072249033,154871.81,3246.6599999999744,-1192.539999999979,2015.3299999999872,648.2799999999988,0.021210510722490326,-0.007730664764954374,1.0104939641912452,1.015214123958879,1.0269383396194516,1623.3299999999872,2342.5574999999953,4100.411250000005,152793.12,994.9818522214318,151597.38,154260.99,2663.609999999986,0.006511954544952233,1179.4324999999953,1623.3299999999872,1.0,-59.85876344086046,0.9882682361830553,0.03225806451612903,2,0.49999999999999994,-0.8660254037844387,1.2246467991473532e-16,-1.0
2023-05-13,154871.81,4693.085151515152,33,0,2023,5,19,0.7485107481711013,-0.663122658240795,154871.81,156315.11,153068.45,154260.99,152245.66,155593.46,154629.09,152488.80375,33,4693.085151515152,0,31.0,5042.422903225806,-1443.2999999999884,-0.9233272458433408,168888.91999999998,-1443.2999999999884,3246.6599999999744,-1192.539999999979,2015.3299999999872,-0.009233272458433407,0.021210510722490326,0.9953619515884536,1.001569691705487,1.0156274178260776,-721.6499999999942,242.72000000000116,2383.006250000006,153972.5525,1530.549808832997,152245.66,156315.11,4069.4499999999825,0.009940406806161099,656.5374999999985,-721.6499999999942,2.0,-349.33775171065463,0.9307202592057141,0.0,2,0.49999999999999994,-0.8660254037844387,1.2246467991473532e-16,-1.0
2023-05-20,168888.91999999998,5448.029677419354,31,0,2023,5,20,0.6631226582407952,-0.7485107481711012,168888.91999999998,154871.81,156315.11,153068.45,154260.99,161880.365,158286.0725,154915.06874999998,31,5448.029677419354,0,33.0,4693.085151515152,14017.109999999986,9.050782062920286,160989.07,14017.109999999986,-1443.2999999999884,3246.6599999999744,-1192.539999999979,0.09050782062920286,-0.009233272458433407,1.0432946577554356,1.066985347052565,1.0902033053514686,7008.554999999993,10602.847499999974,13973.851250000007,154629.09,1169.687058404931,153068.45,156315.11,3246.6599999999744,0.007564469650600226,3656.9824999999983,7008.554999999993,-2.0,754.9445259042022,1.1608631638956028,0.0,2,0.49999999999999994,-0.8660254037844387,1.2246467991473532e-16,-1.0
2023-05-27,160989.07,5551.347241379311,29,0,2023,5,21,0.5680647467311558,-0.8229838658936564,160989.07,168888.91999999998,154871.81,156315.11,153068.45,164938.995,160266.22749999998,156529.67375,29,5551.347241379311,0,31.0,5448.029677419354,-7899.849999999977,-4.6775419015054265,157856.59,-7899.849999999977,14017.109999999986,-1443.2999999999884,3246.6599999999744,-0.04677541901505426,0.09050782062920286,0.976052206453665,1.0045102609032213,1.02848914294118,-3949.9249999999884,722.8425000000279,4459.39625000002,158286.0725,6228.680463309918,153068.45,168888.91999999998,15820.469999999972,0.039350780298815724,1980.1549999999988,-3949.9249999999884,-2.0,103.31756395995671,1.0189642072597698,0.0,2,0.49999999999999994,-0.8660254037844387,1.2246467991473532e-16,-1.0
2023-06-03,157856.59,4783.533030303031,33,0,2023,6,22,0.464723172043769,-0.8854560256532096,157856.59,160989.07,168888.91999999998,154871.81,156315.11,159422.83000000002,160651.5975,157312.075,33,4783.533030303031,0,29.0,5551.347241379311,-3132.4800000000105,-1.9457718464986535,167026.12,-3132.4800000000105,-7899.849999999977,14017.109999999986,-1443.2999999999884,-0.019457718464986538,-0.04677541901505426,0.9901755601754152,0.9826020559801778,1.0034613681117612,-1566.2400000000198,-2795.007500000007,544.5149999999849,160266.22749999998,5467.73254860904,154871.81,168888.91999999998,14017.109999999986,0.03411656113643182,385.3700000000026,-1566.2400000000198,4.0,-767.8142110762792,0.8616886716519817,0.0,2,1.2246467991473532e-16,-1.0,1.2246467991473532e-16,-1.0
2023-06-10,167026.12,5759.521379310345,29,1,2023,6,23,0.3546048870425358,-0.9350162426854148,167026.12,157856.59,160989.07,168888.91999999998,154871.81,162441.35499999998,163690.175,159159.63249999998,29,5759.521379310345,1,33.0,4783.533030303031,9169.53,5.808772380044443,164808.9,9169.529999999999,-3132.4800000000105,-7899.849999999977,14017.109999999986,0.058087723800444434,-0.019457718464986538,1.028224124330901,1.0203796287712443,1.0494251423959529,4584.765000000014,3335.945000000007,7866.4875000000175,160651.5975,5224.590417618275,154871.81,168888.91999999998,14017.109999999986,0.03252124783644479,3038.5774999999994,4584.765000000014,-4.0,975.9883490073134,1.2040308581177468,0.034482758620689655,2,1.2246467991473532e-16,-1.0,1.2246467991473532e-16,-1.0
2023-06-17,164808.9,5150.278125,32,1,2023,6,24,0.2393156642875576,-0.970941817426052,164808.9,167026.12,157856.59,160989.07,168888.91999999998,165917.51,162670.16999999998,160478.12125,32,5150.278125,1,29.0,5759.521379310345,-2217.220000000001,-1.3274690210130016,160372.71,-2217.220000000001,9169.529999999999,-3132.4800000000105,-7899.849999999977,-0.013274690210130016,0.058087723800444434,0.9933183061872131,1.0131476471685006,1.0269867238989752,-1108.6100000000151,2138.7300000000105,4330.778749999998,163690.175,4457.638410394561,157856.59,168888.91999999998,11032.329999999987,0.027232168396145714,-1020.0049999999974,-1108.6100000000151,3.0,-609.243254310345,0.8942198119970697,0.03125,2,1.2246467991473532e-16,-1.0,1.2246467991473532e-16,-1.0
2023-06-24,160372.71,5173.313225806452,31,1,2023,6,25,0.120536680255323,-0.992708874098054,160372.71,164808.9,167026.12,157856.59,160989.07,162590.805,162516.08,161391.15375,31,5173.313225806452,1,32.0,5150.278125,-4436.190000000002,-2.691717498266175,153926.21,-4436.190000000002,-2217.220000000001,9169.529999999999,-3132.4800000000105,-0.026917174982661753,-0.013274690210130016,0.9863578078723455,0.9868113358382752,0.9936895937209941,-2218.095000000001,-2143.3699999999953,-1018.4437500000058,162670.16999999998,3519.414583485439,157856.59,167026.12,9169.529999999999,0.021635279433748912,-154.09000000000378,-2218.095000000001,-1.0,23.035100806451737,1.0044725935662846,0.03225806451612903,2,1.2246467991473532e-16,-1.0,1.2246467991473532e-16,-1.0
2023-07-01,153926.21,4810.1940625,32,0,2023,7,26,-3.216245299353273e-16,-1.0,153926.21,160372.71,164808.9,167026.12,157856.59,157149.46,161533.485,161092.54125,32,4810.1940625,0,31.0,5173.313225806452,-6446.5,-4.019698862730448,154072.56,-6446.5,-4436.190000000002,-2217.220000000001,9169.529999999999,-0.04019698862730448,-0.026917174982661753,0.979489270914453,0.9529058944032565,0.9555141957883788,-3223.25,-7607.274999999994,-7166.3312500000175,162516.08,3602.1648480809426,157856.59,167026.12,9169.529999999999,0.022164974986357923,-982.5950000000012,-3223.25,1.0,-363.1191633064518,0.9298091672672988,0.0,3,-0.4999999999999997,-0.8660254037844388,-1.0,-1.8369701987210297e-16
2023-07-08,154072.56,5502.591428571429,28,4,2023,7,27,-0.1205366802553228,-0.992708874098054,154072.56,153926.21,160372.71,164808.9,167026.12,153999.385,158295.095,160992.635,28,5502.591428571429,4,32.0,4810.1940625,146.35000000000582,0.0950780247236684,156718.83000000002,146.35000000000582,-6446.5,-4436.190000000002,-2217.220000000001,0.0009507802472366846,-0.04019698862730448,1.0004751642352336,0.9733249157214884,0.9570162013933121,73.17499999998836,-4222.5350000000035,-6920.075000000012,161533.485,5002.884522745355,153926.21,167026.12,13099.910000000003,0.030971191655682753,-3238.3899999999994,73.17499999998836,-4.0,692.3973660714291,1.1439437488539848,0.14285714285714285,3,-0.4999999999999997,-0.8660254037844388,-1.0,-1.8369701987210297e-16
2023-07-15,156718.83000000002,5404.097586206897,29,3,2023,7,28,-0.2393156642875574,-0.970941817426052,156718.83000000002,154072.56,153926.21,160372.71,164808.9,155395.695,156272.5775,159471.37375000003,29,5404.097586206897,3,28.0,5502.591428571429,2646.2700000000186,1.7175478878263712,154810.01,2646.2700000000186,146.35000000000582,-6446.5,-4436.190000000002,0.017175478878263713,0.0009507802472366846,1.0085146181173166,1.0028556033767344,0.9827395746002971,1323.1350000000093,446.2525000000023,-2752.5437500000116,158295.095,4573.37669659137,153926.21,164808.9,10882.690000000002,0.028891461839619034,-2022.5174999999945,1323.1350000000093,1.0,-98.4938423645317,0.9821004623652201,0.10344827586206896,3,-0.4999999999999997,-0.8660254037844388,-1.0,-1.8369701987210297e-16
2023-07-22,154810.01,4837.8128125,32,0,2023,7,29,-0.3546048870425356,-0.9350162426854148,154810.01,156718.83000000002,154072.56,153926.21,160372.71,155764.42,154881.90250000003,158698.99125000002,32,4837.8128125,0,29.0,5404.097586206897,-1908.820000000007,-1.2179902057717038,149433.58000000002,-1908.820000000007,2646.2700000000186,146.35000000000582,-6446.5,-0.012179902057717039,0.017175478878263713,0.9938727342226165,0.9995358237544892,0.9754946063653697,-954.4100000000035,-71.8925000000163,-3888.9812500000116,156272.57749999998,2615.1360029965454,153926.21,160372.71,6446.5,0.016734452357750007,-1390.6749999999956,-954.4100000000035,3.0,-566.2847737068969,0.895211963760194,0.0,3,-0.4999999999999997,-0.8660254037844388,-1.0,-1.8369701987210297e-16
2023-07-29,149433.58000000002,5152.882068965518,29,0,2023,7,30,-0.464723172043768,-0.8854560256532101,149433.58000000002,154810.01,156718.83000000002,154072.56,153926.21,152121.795,153758.745,157646.115,29,5152.882068965518,0,32.0,4837.8128125,-5376.429999999993,-3.4729214215540662,144315.18,-5376.429999999993,-1908.820000000007,2646.2700000000186,146.35000000000582,-0.03472921421554066,-0.012179902057717039,0.9823285348427555,0.9718704454826295,0.9479052496790042,-2688.2149999999965,-4325.164999999979,-8212.534999999974,154881.9025,1112.1886765152617,153926.21,156718.83000000002,2792.6200000000244,0.0071808820692608796,-1123.157499999994,-2688.2149999999965,-3.0,315.06925646551736,1.065126384313886,0.0,3,-0.4999999999999997,-0.8660254037844388,-1.0,-1.8369701987210297e-16
2023-08-05,144315.18,4655.328387096774,31,0,2023,8,31,-0.5680647467311556,-0.8229838658936566,144315.18,149433.58000000002,154810.01,156718.83000000002,154072.56,146874.38,151319.40000000002,154807.2475,31,4655.328387096774,0,29.0,5152.882068965518,-5118.400000000023,-3.4252006811320608,148255.23,-5118.400000000023,-5376.429999999993,-1908.820000000007,2646.2700000000186,-0.03425200681132061,-0.03472921421554066,0.9825755860211971,0.9537123462028,0.9322249592997899,-2559.2000000000116,-7004.22000000003,-10492.067500000005,153758.745,2677.349129218114,149433.58000000002,156718.83000000002,7285.25,0.017412662474697707,-2439.345000000001,-2559.2000000000116,2.0,-497.5536818687433,0.9034416710474744,0.0,3,-0.8660254037844385,-0.5000000000000004,-1.0,-1.8369701987210297e-16
2023-08-12,148255.23,3901.453421052632,38,0,2023,8,32,-0.663122658240795,-0.7485107481711013,148255.23,144315.18,149433.58000000002,154810.01,156718.83000000002,146285.20500000002,149203.5,152738.03875,38,3901.453421052632,0,31.0,4655.328387096774,3940.0500000000175,2.73017017336639,147846.44,3940.0500000000175,-5118.400000000023,-5376.429999999993,-1908.820000000007,0.027301701733663898,-0.03425200681132061,1.0134670146581126,0.9936444520403342,0.9706503449521346,1970.0249999999942,-948.2699999999895,-4482.8087499999965,151319.40000000002,4846.483709293787,144315.18,156718.83000000002,12403.650000000023,0.032028171597916634,-2115.9000000000015,1970.0249999999942,7.0,-753.8749660441422,0.8380619145721995,0.0,3,-0.8660254037844385,-0.5000000000000004,-1.0,-1.8369701987210297e-16
2023-08-19,147846.44,4620.20125,32,0,2023,8,33,-0.7485107481711011,-0.6631226582407952,147846.44,148255.23,144315.18,149433.58000000002,154810.01,148050.83500000002,147462.6075,151172.255,32,4620.20125,0,38.0,3901.453421052632,-408.79000000000815,-0.275733948812469,147243.54,-408.79000000000815,3940.0500000000175,-5118.400000000023,-5376.429999999993,-0.0027573394881246897,0.027301701733663898,0.9986194269015773,1.0026029140980706,0.9779998320459002,-204.39500000001863,383.8324999999895,-3325.8150000000023,149203.5,3751.0258464118906,144315.18,154810.01,10494.830000000016,0.02514033415041799,-1740.8925000000017,-204.39500000001863,-6.0,718.7478289473679,1.1842256593578517,0.0,3,-0.8660254037844385,-0.5000000000000004,-1.0,-1.8369701987210297e-16
2023-08-26,147243.54,4090.098333333333,36,2,2023,8,34,-0.8229838658936564,-0.5680647467311559,147243.54,147846.44,148255.23,144315.18,149433.58000000002,147544.99,146915.0975,150336.92125,36,4090.098333333333,2,32.0,4620.20125,-602.8999999999942,-0.4077879724395083,145014.11000000002,-602.8999999999942,-408.79000000000815,3940.0500000000175,-5118.400000000023,-0.004077879724395083,-0.0027573394881246897,0.9979568943682874,1.0022355939286636,0.9794236756727516,-301.44999999998254,328.44250000000466,-3093.381250000006,147462.6075,1908.3114446464922,144315.18,149433.58000000002,5118.400000000023,0.012940985358925598,-547.510000000002,-301.44999999998254,4.0,-530.1029166666672,0.8852641069116487,0.05555555555555555,3,-0.8660254037844385,-0.5000000000000004,-1.0,-1.8369701987210297e-16
2023-09-02,145014.11000000002,5577.46576923077,26,2,2023,9,35,-0.8854560256532096,-0.4647231720437691,145014.11000000002,147243.54,147846.44,148255.23,144315.18,146128.825,147089.83000000002,149204.615,26,5577.46576923077,2,36.0,4090.098333333333,-2229.429999999993,-1.5141105681104874,150422.87,-2229.429999999993,-602.8999999999942,-408.79000000000815,3940.0500000000175,-0.015141105681104874,-0.004077879724395083,0.9923716966861261,0.9858880794137841,0.9719143740962706,-1114.7149999999965,-2075.720000000001,-4190.504999999976,146915.09749999997,1543.59964470026,144315.18,148255.23,3940.0500000000175,0.010506746215788069,174.73250000000553,-1114.7149999999965,-10.0,1487.3674358974372,1.3636507767492396,0.07692307692307693,3,-1.0,-1.8369701987210297e-16,-1.0,-1.8369701987210297e-16
2023-09-09,150422.87,4852.35064516129,31,0,2023,9,36,-0.9350162426854148,-0.3546048870425359,150422.87,145014.11000000002,147243.54,147846.44,148255.23,147718.49,147631.74000000002,148417.62,31,4852.35064516129,0,26.0,5577.46576923077,5408.75999999998,3.7298163606286168,147244.78,5408.75999999998,-2229.429999999993,-602.8999999999942,-408.79000000000815,0.03729816360628617,-0.015141105681104874,1.0183076607403718,1.018906029286114,1.0135108621200097,2704.3800000000047,2791.1299999999756,2005.25,147089.83000000002,1251.2849530182932,145014.11000000002,148255.23,3241.1199999999953,0.008506944042414715,541.9099999999962,2704.3800000000047,5.0,-725.1151240694799,0.8699920081859174,0.0,3,-1.0,-1.8369701987210297e-16,-1.0,-1.8369701987210297e-16
2023-09-16,147244.78,4206.993714285714,35,0,2023,9,37,-0.970941817426052,-0.2393156642875577,147244.78,150422.87,145014.11000000002,147243.54,147846.44,148833.825,147481.325,147471.96625,35,4206.993714285714,0,31.0,4852.35064516129,-3178.0899999999965,-2.112770484966812,150014.87,-3178.0899999999965,5408.75999999998,-2229.429999999993,-602.8999999999942,-0.021127704849668118,0.03729816360628617,0.9893233611378327,0.99839610201495,0.9984594614435746,-1589.0450000000128,-236.5450000000128,-227.18624999999884,147631.74,1926.0833849940072,145014.11000000002,150422.87,5408.75999999998,0.01304653989036509,-150.41500000000087,-1589.0450000000128,4.0,-645.3569308755759,0.8670011757045797,0.0,3,-1.0,-1.8369701987210297e-16,-1.0,-1.8369701987210297e-16
2023-09-23,150014.87,5000.495666666667,30,0,2023,9,38,-0.992708874098054,-0.1205366802553235,150014.87,147244.78,150422.87,145014.11000000002,147243.54,148629.825,148174.1575,147544.6275,30,5000.495666666667,0,35.0,4206.993714285714,2770.0899999999965,1.8812823109926184,155971.69,2770.0899999999965,-3178.0899999999965,5408.75999999998,-2229.429999999993,0.018812823109926182,-0.021127704849668118,1.009318755505498,1.012422628419534,1.0167423412282497,1385.0449999999837,1840.7124999999942,2470.242499999993,147481.325,1926.9361747668172,145014.11000000002,150422.87,5408.75999999998,0.01306562830763025,692.8324999999968,1385.0449999999837,-5.0,793.5019523809524,1.1886149602949139,0.0,3,-1.0,-1.8369701987210297e-16,-1.0,-1.8369701987210297e-16
2023-09-30,155971.69,6238.8676000000005,25,0,2023,9,39,-1.0,-1.8369701987210294e-16,155971.69,150014.87,147244.78,150422.87,145014.11000000002,152993.28,150913.5525,149001.69125,25,6238.8676000000005,0,30.0,5000.495666666667,5956.820000000007,3.970819692741131,161238.24,5956.820000000007,2770.0899999999965,-3178.0899999999965,5408.75999999998,0.03970819692741131,0.018812823109926182,1.0194675870731054,1.033516787698706,1.0467779841391565,2978.4100000000035,5058.137500000012,6969.998749999999,148174.1575,2196.2794195567917,145014.11000000002,150422.87,5408.75999999998,0.01482228383553854,2739.394999999997,2978.4100000000035,-5.0,1238.3719333333338,1.2476498363128936,0.0,3,-1.0,-1.8369701987210297e-16,-1.0,-1.8369701987210297e-16
2023-10-07,161238.24,5559.939310344827,29,0,2023,10,40,-0.992708874098054,0.1205366802553232,161238.24,155971.69,150014.87,147244.78,150422.87,158604.965,153617.39500000002,150624.5675,29,5559.939310344827,0,25.0,6238.8676000000005,5266.549999999988,3.376606357217767,159874.73,5266.549999999988,5956.820000000007,2770.0899999999965,-3178.0899999999965,0.03376606357217767,0.03970819692741131,1.0166027274114653,1.0496092581181966,1.0704644180970013,2633.274999999994,7620.844999999972,10613.672499999986,150913.5525,3165.953496866112,147244.78,155971.69,8726.910000000003,0.020978589692043144,2703.842499999999,2633.274999999994,4.0,-678.9282896551731,0.8911776410104979,0.0,4,-0.8660254037844386,0.5000000000000001,-2.4492935982947064e-16,1.0
2023-10-14,159874.73,4440.964722222223,36,1,2023,10,41,-0.970941817426052,0.2393156642875573,159874.73,161238.24,155971.69,150014.87,147244.78,160556.485,156774.8825,152128.10375,36,4440.964722222223,1,29.0,5559.939310344827,-1363.5099999999802,-0.845649270297158,159037.09,-1363.5099999999802,5266.549999999988,5956.820000000007,2770.0899999999965,-0.00845649270297158,0.03376606357217767,0.9957537996674505,1.0197726029231755,1.0509217301671652,-681.7549999999756,3099.8475000000035,7746.626250000001,153617.395,5413.141227025671,147244.78,161238.24,13993.459999999992,0.03523781422686976,3157.487500000003,-681.7549999999756,7.0,-1118.9745881226045,0.7987433808781619,0.027777777777777776,4,-0.8660254037844386,0.5000000000000001,-2.4492935982947064e-16,1.0
2023-10-21,159037.09,6116.8111538461535,26,0,2023,10,42,-0.9350162426854148,0.3546048870425355,159037.09,159874.73,161238.24,155971.69,150014.87,159455.91,159030.4375,153602.29750000002,26,6116.8111538461535,0,36.0,4440.964722222223,-837.640000000014,-0.5239352085223311,151409.15,-837.640000000014,-1363.5099999999802,5266.549999999988,5956.820000000007,-0.005239352085223311,-0.00845649270297158,0.9973734432295422,1.0000418316147812,1.0353822344356534,-418.820000000007,6.6524999999965075,5434.792499999981,156774.8825,4355.26985066009,150014.87,161238.24,11223.369999999995,0.027780405771696815,2255.5550000000003,-418.820000000007,-10.0,1675.8464316239306,1.3773608971127675,0.0,4,-0.8660254037844386,0.5000000000000001,-2.4492935982947064e-16,1.0
2023-10-28,151409.15,5221.005172413793,29,1,2023,10,43,-0.8854560256532101,0.464723172043768,151409.15,159037.09,159874.73,161238.24,155971.69,155223.12,157889.8025,154401.6775,29,5221.005172413793,1,26.0,6116.8111538461535,-7627.940000000002,-4.796327699406473,144094.77,-7627.940000000002,-837.640000000014,-1363.5099999999802,5266.549999999988,-0.04796327699406473,-0.005239352085223311,0.9754291113334148,0.9589545847965704,0.9806185557796159,-3813.970000000001,-6480.6524999999965,-2992.5274999999965,159030.4375,1932.8219155599256,155971.69,161238.24,5266.549999999988,0.012153786067273603,-1140.635000000002,-3813.970000000001,3.0,-895.8059814323606,0.8535501654535972,0.034482758620689655,4,-0.8660254037844386,0.5000000000000001,-2.4492935982947064e-16,1.0
2023-11-04,144094.77,5146.2417857142855,28,1,2023,11,44,-0.822983865893657,0.5680647467311548,144094.77,151409.15,159037.09,159874.73,161238.24,147751.96,153603.935,153610.665,28,5146.2417857142855,1,29.0,5221.005172413793,-7314.380000000005,-4.830870525328228,150870.07,-7314.380000000005,-7627.940000000002,-837.640000000014,-1363.5099999999802,-0.048308705253282284,-0.04796327699406473,0.9752477733628712,0.9380929596627846,0.9380518598757448,-3657.1900000000023,-9509.165000000008,-9515.895000000019,157889.8025,3823.1889930094694,151409.15,161238.24,9829.089999999997,0.024214287005707474,-4285.8675,-3657.1900000000023,-1.0,-74.76338669950746,0.9856802695591005,0.03571428571428571,4,-0.5000000000000004,0.8660254037844384,-2.4492935982947064e-16,1.0
2023-11-11,150870.07,5802.695000000001,26,0,2023,11,45,-0.7485107481711011,0.6631226582407952,150870.07,144094.77,151409.15,159037.09,159874.73,147482.41999999998,151352.77000000002,154063.82625,26,5802.695000000001,0,28.0,5146.2417857142855,6775.3000000000175,4.701974957175765,149773.05,6775.3000000000175,-7314.380000000005,-7627.940000000002,-837.640000000014,0.047019749571757655,-0.048308705253282284,1.022969856339488,0.996810762036268,0.9792699147636547,3387.6500000000233,-482.70000000001164,-3193.756250000006,153603.935,6404.751036915883,144094.77,159874.73,15779.960000000021,0.04169652969447614,-2251.165000000001,3387.6500000000233,-2.0,656.4532142857151,1.1275597303080467,0.0,4,-0.5000000000000004,0.8660254037844384,-2.4492935982947064e-16,1.0
2023-11-18,149773.05,5349.037499999999,28,1,2023,11,46,-0.6631226582407955,0.7485107481711007,149773.05,150870.07,144094.77,151409.15,159037.09,150321.56,149036.76,154033.59875,28,5349.037499999999,1,26.0,5802.695000000001,-1097.0200000000186,-0.7271289792601134,144699.65,-1097.0200000000186,6775.3000000000175,-7314.380000000005,-7627.940000000002,-0.007271289792601134,0.047019749571757655,0.9963510889588958,1.004940324789669,0.972340133681386,-548.5100000000093,736.289999999979,-4260.548750000016,151352.77,5290.640695057643,144094.77,159037.09,14942.320000000007,0.03495569123087502,-2316.010000000002,-548.5100000000093,2.0,-453.65750000000116,0.921819516621156,0.03571428571428571,4,-0.5000000000000004,0.8660254037844384,-2.4492935982947064e-16,1.0
2023-11-25,144699.65,4667.73064516129,31,1,2023,11,47,-0.5680647467311559,0.8229838658936564,144699.65,149773.05,150870.07,144094.77,151409.15,147236.34999999998,147359.38499999998,152624.59375,31,4667.73064516129,1,28.0,5349.037499999999,-5073.399999999994,-3.387391790445608,141242.57,-5073.399999999994,-1097.0200000000186,6775.3000000000175,-7314.380000000005,-0.033873917904456076,-0.007271289792601134,0.9827712382166497,0.9819506915015966,0.9480755784157492,-2536.6999999999825,-2659.734999999986,-7924.943750000006,149036.76,2913.5308472882216,144094.77,151409.15,7314.380000000005,0.019549075324022218,-1677.375,-2536.6999999999825,3.0,-681.3068548387091,0.8726300096346848,0.03225806451612903,4,-0.5000000000000004,0.8660254037844384,-2.4492935982947064e-16,1.0
2023-12-02,141242.57,4280.077878787879,33,0,2023,12,48,-0.4647231720437684,0.88545602565321,141242.57,144699.65,149773.05,150870.07,144094.77,142971.11,146646.335,150125.135,33,4280.077878787879,0,31.0,4667.73064516129,-3457.079999999987,-2.3891419225962105,151037.84,-3457.079999999987,-5073.399999999994,-1097.0200000000186,6775.3000000000175,-0.023891419225962104,-0.033873917904456076,0.987909865146882,0.963151039540129,0.9408322597012152,-1728.539999999979,-5403.764999999985,-8882.565000000002,147359.38499999998,2995.103890931836,144094.77,150870.07,6775.3000000000175,0.020325165519195377,-713.0499999999956,-1728.539999999979,2.0,-387.6527663734114,0.9169504849695507,0.0,4,-2.4492935982947064e-16,1.0,-2.4492935982947064e-16,1.0
2023-12-09,151037.84,5809.1476923076925,26,0,2023,12,49,-0.3546048870425359,0.9350162426854148,151037.84,141242.57,144699.65,149773.05,150870.07,146140.20500000002,146688.2775,149020.52375,26,5809.1476923076925,0,33.0,4280.077878787879,9795.26999999999,6.935069221694273,159606.31,9795.26999999999,-3457.079999999987,-5073.399999999994,-1097.0200000000186,0.06935069221694273,-0.023891419225962104,1.0335132621443905,1.0296517388719082,1.0135371705805054,4897.63499999998,4349.5625,2017.3162500000035,146646.335,3892.5102024882326,141242.57,150870.07,9627.5,0.02654352188541386,41.94249999999738,4897.63499999998,-7.0,1529.0698135198136,1.3572528016599659,0.0,4,-2.4492935982947064e-16,1.0,-2.4492935982947064e-16,1.0
2023-12-16,159606.31,5503.665862068965,29,0,2023,12,50,-0.2393156642875578,0.970941817426052,159606.31,151037.84,141242.57,144699.65,149773.05,155322.075,149146.5925,149091.67625,29,5503.665862068965,0,26.0,5809.1476923076925,8568.470000000001,5.673061796964259,165256.59,8568.470000000001,9795.26999999999,-3457.079999999987,-5073.399999999994,0.056730617969642586,0.06935069221694273,1.0275829111863204,1.070130449007744,1.0705246195794917,4284.234999999986,10459.717499999999,10514.633750000008,146688.27750000003,3938.428773872737,141242.57,151037.84,9795.26999999999,0.0268489673544141,2458.3150000000023,4284.234999999986,3.0,-305.4818302387275,0.9474136574900243,0.0,4,-2.4492935982947064e-16,1.0,-2.4492935982947064e-16,1.0
2023-12-23,165256.59,4860.487941176471,34,0,2023,12,51,-0.1205366802553236,0.992708874098054,165256.59,159606.31,151037.84,141242.57,144699.65,162431.45,154285.82749999998,150822.60625,34,4860.487941176471,0,29.0,5503.665862068965,5650.279999999999,3.5401357252103622,169194.07,5650.279999999999,8568.470000000001,9795.26999999999,-3457.079999999987,0.035401357252103624,0.056730617969642586,1.0173928140147734,1.0711067418036178,1.0957017260799389,2825.139999999985,10970.762500000012,14433.983749999985,149146.5925,6986.261098843839,141242.57,159606.31,18363.73999999999,0.046841573660785035,5139.235000000001,2825.139999999985,5.0,-643.1779208924936,0.8831364517738534,0.0,4,-2.4492935982947064e-16,1.0,-2.4492935982947064e-16,1.0
2023-12-30,169194.07,5287.3146875,32,0,2023,12,52,6.432490598706546e-16,1.0,169194.07,165256.59,159606.31,151037.84,141242.57,167225.33000000002,161273.7025,153960.01875,32,5287.3146875,0,34.0,4860.487941176471,3937.4800000000105,2.382646283576353,172221.9,3937.4800000000105,5650.279999999999,8568.470000000001,9795.26999999999,0.023826462835763527,0.035401357252103624,1.011772977215832,1.0491113391533873,1.0989480994720913,1968.7399999999907,7920.367499999993,15234.051250000019,154285.8275,9073.879447012654,141242.57,165256.59,24014.01999999999,0.05881213844487857,6987.875,1968.7399999999907,-2.0,426.8267463235288,1.0878156167629986,0.0,4,-2.4492935982947064e-16,1.0,-2.4492935982947064e-16,1.0
2024-01-06,172221.9,7487.908695652173,23,0,2024,1,1,0.120536680255323,0.992708874098054,172221.9,169194.07,165256.59,159606.31,151037.84,170707.985,166569.7175,156628.9975,23,7487.908695652173,0,32.0,5287.3146875,3027.829999999987,1.7895603551590118,172125.61000000002,3027.829999999987,3937.4800000000105,5650.279999999999,8568.470000000001,0.017895603551590117,0.023826462835763527,1.0088684486551698,1.0339328335596174,1.0995531015896338,1513.9150000000081,5652.182499999995,15592.902499999997,161273.7025,6821.81597964712,151037.84,169194.07,18156.23000000001,0.04229961781678026,5296.014999999999,1513.9150000000081,-9.0,2200.594008152173,1.4162025788543862,0.0,1,0.49999999999999994,0.8660254037844387,1.0,6.123233995736766e-17
2024-01-13,172125.61000000002,5737.520333333334,30,0,2024,1,2,0.2393156642875577,0.970941817426052,172125.61000000002,172221.9,169194.07,165256.59,159606.31,172173.755,169699.5425,159423.0675,30,5737.520333333334,0,23.0,7487.908695652173,-96.28999999997905,-0.0559104271872387,166555.62,-96.28999999997905,3027.829999999987,3937.4800000000105,5650.279999999999,-0.0005591042718723871,0.017895603551590117,0.9997203696928142,1.0142962524486476,1.079678196506914,-48.14499999998952,2426.0675000000047,12702.54250000001,166569.71749999997,4718.25552773149,159606.31,172221.9,12615.589999999997,0.02832601026493,3129.8250000000044,-48.14499999998952,7.0,-1750.3883623188394,0.7662380200582312,0.0,1,0.49999999999999994,0.8660254037844387,1.0,6.123233995736766e-17
2024-01-20,166555.62,6168.7266666666665,27,0,2024,1,3,0.3546048870425356,0.9350162426854148,166555.62,172125.61000000002,172221.9,169194.07,165256.59,169340.615,170024.30000000002,162155.06375,27,6168.7266666666665,0,30.0,5737.520333333334,-5569.99000000002,-3.236003056140233,159190.71,-5569.99000000002,-96.28999999997905,3027.829999999987,3937.4800000000105,-0.03236003056140233,-0.0005591042718723871,0.9835538863491196,0.979598916154926,1.0271379514659158,-2784.9949999999953,-3468.680000000022,4400.556249999994,169699.5425,2839.1645002480514,165256.59,172221.9,6965.309999999998,0.01673053715067058,324.7574999999997,-2784.9949999999953,-3.0,431.2063333333326,1.0751555215984419,0.0,1,0.49999999999999994,0.8660254037844387,1.0,6.123233995736766e-17
2024-01-27,159190.71,4974.7096875,32,1,2024,1,4,0.4647231720437685,0.8854560256532099,159190.71,166555.62,172125.61000000002,172221.9,169194.07,162873.16499999998,167523.46,164398.58125,32,4974.7096875,1,27.0,6168.7266666666665,-7364.9100000000035,-4.421892218347242,149893.05,-7364.9100000000035,-5569.99000000002,-96.28999999997905,3027.829999999987,-0.044218922183472426,-0.03236003056140233,0.9773906585532369,0.9502592054868017,0.9683216776543806,-3682.454999999987,-8332.75,-5207.8712499999965,170024.3,2343.3934940274144,166555.62,172221.9,5666.279999999999,0.013782697496930818,-2500.840000000004,-3682.454999999987,5.0,-1194.0169791666667,0.8064402844076951,0.03125,1,0.49999999999999994,0.8660254037844387,1.0,6.123233995736766e-17
2024-02-03,149893.05,5765.117307692307,26,0,2024,2,5,0.5680647467311558,0.8229838658936564,149893.05,159190.71,166555.62,172125.61000000002,172221.9,154541.88,161941.2475,164255.4825,26,5765.117307692307,0,32.0,4974.7096875,-9297.660000000003,-5.84057951622931,158352.43,-9297.660000000003,-7364.9100000000035,-5569.99000000002,-96.28999999997905,-0.0584057951622931,-0.044218922183472426,0.9699186395299448,0.9256014283822285,0.9125604072302426,-4648.830000000016,-12048.19750000001,-14362.432500000024,167523.46,5329.787985562846,159190.71,172221.9,13031.190000000002,0.031815173740817236,-5582.2125000000015,-4648.830000000016,-6.0,790.4076201923071,1.1588851751848699,0.0,1,0.8660254037844386,0.5000000000000001,1.0,6.123233995736766e-17
2024-02-10,158352.43,4060.3187179487177,39,1,2024,2,6,0.6631226582407952,0.7485107481711011,158352.43,149893.05,159190.71,166555.62,172125.61000000002,154122.74,158497.9525,164098.7475,39,4060.3187179487177,1,26.0,5765.117307692307,8459.380000000005,5.6436105609966605,158361.94,8459.380000000005,-9297.660000000003,-7364.9100000000035,-5569.99000000002,0.056436105609966605,-0.0584057951622931,1.0274436465378178,0.9990818651111596,0.9649825633190771,4229.690000000002,-145.52250000002095,-5746.317500000005,161941.2475,8332.739535082019,149893.05,172125.61000000002,22232.560000000027,0.05145532508684682,-3443.2950000000055,4229.690000000002,13.0,-1704.7985897435892,0.7042907370733111,0.02564102564102564,1,0.8660254037844386,0.5000000000000001,1.0,6.123233995736766e-17
2024-02-17,158361.94,5278.731333333333,30,3,2024,2,7,0.7485107481711011,0.6631226582407953,158361.94,158352.43,149893.05,159190.71,166555.62,158357.185,156449.5325,163236.91624999998,30,5278.731333333333,3,39.0,4060.3187179487177,9.510000000009311,0.0060055914519337,155676.86000000002,9.510000000009313,8459.380000000005,-9297.660000000003,-7364.9100000000035,6.005591451933711e-05,0.056436105609966605,1.0000300270556086,1.0122237981120206,0.9701355774049671,4.755000000004657,1912.4075000000012,-4874.976249999978,158497.95249999998,5904.901403217396,149893.05,166555.62,16662.570000000007,0.037255379707301875,-2048.4199999999983,4.755000000004657,-9.0,1218.4126153846155,1.3000780726888752,0.1,1,0.8660254037844386,0.5000000000000001,1.0,6.123233995736766e-17
2024-02-24,155676.86000000002,4578.731176470588,34,1,2024,2,8,0.8229838658936564,0.5680647467311559,155676.86000000002,158361.94,158352.43,149893.05,159190.71,157019.40000000002,155571.07,161547.265,34,4578.731176470588,1,30.0,5278.731333333333,-2685.079999999987,-1.695533661686632,157398.27,-2685.079999999987,9.510000000009313,8459.380000000005,-9297.660000000003,-0.01695533661686632,6.005591451933711e-05,0.9914498463247217,1.0006800107500708,0.9636613779874268,-1342.5400000000081,105.79000000000815,-5870.404999999999,156449.5325,3800.652516373836,149893.05,159190.71,9297.660000000003,0.024293153553359682,-878.4624999999942,-1342.5400000000081,4.0,-700.0001568627449,0.8673923500439414,0.029411764705882353,1,0.8660254037844386,0.5000000000000001,1.0,6.123233995736766e-17
2024-03-02,157398.27,5427.526551724138,29,0,2024,3,9,0.8854560256532099,0.4647231720437686,157398.27,155676.86000000002,158361.94,158352.43,149893.05,156537.565,157447.375,159694.31125,29,5427.526551724138,0,34.0,4578.731176470588,1721.4099999999744,1.105758428066942,157689.11,1721.4099999999744,-2685.079999999987,9.510000000009313,8459.380000000005,0.011057584280669422,-0.01695533661686632,1.0054983926701555,0.9996881180140348,0.9856222727533132,860.7049999999872,-49.10500000001048,-2296.0412500000093,155571.07,3456.0100351055157,149893.05,158361.94,8468.890000000014,0.022214991740466372,1876.3050000000003,860.7049999999872,-5.0,848.7953752535495,1.1853778574325091,0.0,1,1.0,6.123233995736766e-17,1.0,6.123233995736766e-17
2024-03-09,157689.11,5086.745483870967,31,1,2024,3,10,0.9350162426854148,0.3546048870425355,157689.11,157398.27,155676.86000000002,158361.94,158352.43,157543.69,157281.54499999998,157889.74875,31,5086.745483870967,1,29.0,5427.526551724138,290.8399999999965,0.1847796675274744,161074.45,290.8399999999965,1721.4099999999744,-2685.079999999987,9.510000000009313,0.0018477966752747444,0.011057584280669422,1.0009230455373996,1.0025913084716964,0.9987292477720152,145.4199999999837,407.5650000000023,-200.6387500000128,157447.375,1094.610473924393,155676.86000000002,158361.94,2685.079999999987,0.006952230698824881,-165.83000000000175,145.4199999999837,2.0,-340.7810678531705,0.9372124549542893,0.03225806451612903,1,1.0,6.123233995736766e-17,1.0,6.123233995736766e-17
2024-03-16,161074.45,5369.1483333333335,30,1,2024,3,11,0.970941817426052,0.239315664287558,161074.45,157689.11,157398.27,155676.86000000002,158361.94,159381.78,157959.6725,157204.60249999998,30,5369.1483333333335,1,31.0,5086.745483870967,3385.3400000000256,2.146844509427458,159942.68,3385.3400000000256,290.8399999999965,1721.4099999999744,-2685.079999999987,0.021468445094274587,0.0018477966752747444,1.0106202227130354,1.019718814623397,1.0246166297834698,1692.6700000000128,3114.7775000000256,3869.8475000000326,157281.54499999998,990.2021586650807,155676.86000000002,158361.94,2685.079999999987,0.006295730110389498,678.1275000000023,1692.6700000000128,-1.0,282.40284946236625,1.0555173932640838,0.03333333333333333,1,1.0,6.123233995736766e-17,1.0,6.123233995736766e-17
2024-03-23,159942.68,5159.44129032258,31,0,2024,3,12,0.992708874098054,0.120536680255323,159942.68,161074.45,157689.11,157398.27,155676.86000000002,160508.565,159026.1275,157298.59875,31,5159.44129032258,0,30.0,5369.1483333333335,-1131.7700000000186,-0.7026378174813066,153711.35,-1131.7700000000186,3385.3400000000256,290.8399999999965,1721.4099999999744,-0.007026378174813067,0.021468445094274587,0.9964744249006275,1.005763534045687,1.0168093121681416,-565.8850000000093,916.5524999999907,2644.0812499999884,157959.6725,1955.8533059814981,155676.86000000002,161074.45,5397.5899999999965,0.012381978735626324,1066.4549999999945,-565.8850000000093,1.0,-209.7070430107533,0.9609422146695358,0.0,1,1.0,6.123233995736766e-17,1.0,6.123233995736766e-17
2024-03-30,153711.35,6683.102173913044,23,0,2024,3,13,1.0,-1.6081226496766366e-16,153711.35,159942.68,161074.45,157689.11,157398.27,156827.015,158104.3975,157775.88624999998,23,6683.102173913044,0,31.0,5159.44129032258,-6231.329999999987,-3.895976983754422,152065.12,-6231.329999999987,-1131.7700000000186,3385.3400000000256,290.8399999999965,-0.03895976983754422,-0.007026378174813067,0.9801331103572939,0.9722142611498205,0.9742385459108776,-3115.665000000008,-4393.047499999986,-4064.5362499999756,159026.1275,1538.9305852502825,157398.27,161074.45,3676.180000000022,0.009677218513984644,-921.7299999999959,-3115.665000000008,-8.0,1523.6608835904635,1.2953150928276578,0.0,1,1.0,6.123233995736766e-17,1.0,6.123233995736766e-17
2024-04-06,152065.12,5243.624827586207,29,0,2024,4,14,0.992708874098054,-0.1205366802553228,152065.12,153711.35,159942.68,161074.45,157689.11,152888.235,156698.4,156989.9725,29,5243.624827586207,0,23.0,6683.102173913044,-1646.2300000000105,-1.070987926395813,166123.53,-1646.2300000000105,-6231.329999999987,-1131.7700000000186,3385.3400000000256,-0.01070987926395813,-0.03895976983754422,0.994616230607934,0.9704318614612529,0.9686295091235843,-823.1149999999907,-4633.279999999999,-4924.852500000008,158104.39750000002,2813.8863004515215,153711.35,161074.45,7363.100000000006,0.017797647282084744,-1405.9974999999977,-823.1149999999907,6.0,-1439.4773463268366,0.7846094061009988,0.0,2,0.8660254037844387,-0.4999999999999998,1.2246467991473532e-16,-1.0
2024-04-13,166123.53,5728.397586206896,29,0,2024,4,15,0.970941817426052,-0.2393156642875575,166123.53,152065.12,153711.35,159942.68,161074.45,159094.325,157960.66999999998,157960.17125,29,5728.397586206896,0,29.0,5243.624827586207,14058.410000000003,9.244993197651114,173496.95,14058.410000000003,-1646.2300000000105,-6231.329999999987,-1131.7700000000186,0.09244993197651113,-0.01070987926395813,1.044182625621624,1.051676534418346,1.05167985502548,7029.204999999987,8162.860000000015,8163.358749999985,156698.4,3875.0779857249345,152065.12,161074.45,9009.330000000016,0.024729531288927867,1262.2699999999968,7029.204999999987,0.0,484.7727586206893,1.092449931976511,0.0,2,0.8660254037844387,-0.4999999999999998,1.2246467991473532e-16,-1.0
2024-04-20,173496.95,5596.675806451613,31,0,2024,4,16,0.9350162426854148,-0.3546048870425354,173496.95,166123.53,152065.12,153711.35,159942.68,169810.24,161349.2375,160187.6825,31,5596.675806451613,0,29.0,5728.397586206896,7373.420000000013,4.438516325772762,179251.02,7373.420000000013,14058.410000000003,-1646.2300000000105,-6231.329999999987,0.04438516325772762,0.09244993197651113,1.0217107637325054,1.0752883167483207,1.0830854613306489,3686.710000000021,12147.712500000023,13309.267500000016,157960.66999999998,5553.71221086851,152065.12,166123.53,14058.410000000003,0.035158829162148464,3388.5675000000047,3686.710000000021,2.0,-131.72177975528302,0.9770054753056162,0.0,2,0.8660254037844387,-0.4999999999999998,1.2246467991473532e-16,-1.0
2024-04-27,179251.02,6894.27,26,1,2024,4,17,0.8854560256532099,-0.4647231720437685,179251.02,173496.95,166123.53,152065.12,153711.35,176373.985,167734.155,162919.27625,26,6894.27,1,31.0,5596.675806451613,5754.069999999978,3.316525160816935,178199.8,5754.069999999978,7373.420000000013,14058.410000000003,-1646.2300000000105,0.03316525160816935,0.04438516325772762,1.0163121278911966,1.0686614184213108,1.1002443917375309,2877.0350000000035,11516.86499999999,16331.743749999994,161349.2375,8872.611665607192,152065.12,173496.95,21431.830000000016,0.05499010595328777,6384.917499999996,2877.0350000000035,-5.0,1297.594193548387,1.2318508769174328,0.038461538461538464,2,0.8660254037844387,-0.4999999999999998,1.2246467991473532e-16,-1.0
2024-05-04,178199.8,5568.74375,32,1,2024,5,18,0.8229838658936565,-0.5680647467311557,178199.8,179251.02,173496.95,166123.53,152065.12,178725.40999999997,174267.825,165483.11250000002,32,5568.74375,1,26.0,6894.27,-1051.2200000000012,-0.5864513351165317,188057.14,-1051.2200000000012,5754.069999999978,7373.420000000013,14058.410000000003,-0.0058645133511653165,0.03316525160816935,0.9970591199091389,1.0225628282214458,1.0768458322295573,-525.609999999986,3931.9749999999767,12716.68749999997,167734.155,10173.01278336585,152065.12,179251.02,27185.899999999994,0.060649620128743906,6533.669999999998,-525.609999999986,6.0,-1325.5262500000008,0.8077350829021781,0.03125,2,0.49999999999999994,-0.8660254037844387,1.2246467991473532e-16,-1.0
2024-05-11,188057.14,7522.2856,25,0,2024,5,19,0.7485107481711013,-0.663122658240795,188057.14,178199.8,179251.02,173496.95,166123.53,183128.47,179751.2275,168855.94875,25,7522.2856,0,32.0,5568.74375,9857.340000000026,5.531622369946558,177869.75,9857.340000000026,-1051.2200000000012,5754.069999999978,7373.420000000013,0.05531622369946558,-0.0058645133511653165,1.0269137289248362,1.046207820750487,1.1137134426837894,4928.670000000013,8305.912500000006,19201.191250000003,174267.825,5177.2688051061195,166123.53,179251.02,13127.48999999999,0.029708690087261486,5483.402500000004,4928.670000000013,-7.0,1953.5418500000005,1.3508047663353158,0.0,2,0.49999999999999994,-0.8660254037844387,1.2246467991473532e-16,-1.0
2024-05-18,177869.75,5928.991666666667,30,0,2024,5,20,0.6631226582407952,-0.7485107481711012,177869.75,188057.14,178199.8,179251.02,173496.95,182963.445,180844.4275,171096.8325,30,5928.991666666667,0,25.0,7522.2856,-10187.390000000014,-5.417177991752939,170227.96,-10187.390000000014,9857.340000000026,-1051.2200000000012,5754.069999999978,-0.05417177991752939,0.05531622369946558,0.9721600399467774,0.9835511796458313,1.0395852886405714,-5093.695000000007,-2974.6774999999907,6772.9175000000105,179751.22749999998,5262.159830703433,173496.95,188057.14,14560.190000000002,0.02927468092368623,1093.199999999997,-5093.695000000007,5.0,-1593.2939333333334,0.7881901834020589,0.0,2,0.49999999999999994,-0.8660254037844387,1.2246467991473532e-16,-1.0
2024-05-25,170227.96,5006.704705882353,34,0,2024,5,21,0.5680647467311558,-0.8229838658936564,170227.96,177869.75,188057.14,178199.8,179251.02,174048.85499999998,178588.6625,173161.40875,34,5006.704705882353,0,30.0,5928.991666666667,-7641.790000000008,-4.296284219210972,164482.99,-7641.790000000008,-10187.390000000014,9857.340000000026,-1051.2200000000012,-0.04296284219210972,-0.05417177991752939,0.9780469972066177,0.953184584155783,0.9830594543485428,-3820.8949999999895,-8360.702500000014,-2933.4487500000105,180844.4275,4195.38228030162,177869.75,188057.14,10187.390000000014,0.023198847419844442,-2255.7649999999994,-3820.8949999999895,4.0,-922.286960784314,0.844444551006962,0.0,2,0.49999999999999994,-0.8660254037844387,1.2246467991473532e-16,-1.0
2024-06-01,164482.99,6091.962592592592,27,0,2024,6,22,0.464723172043769,-0.8854560256532096,164482.99,170227.96,177869.75,188057.14,178199.8,167355.47499999998,175159.46,174713.6425,27,6091.962592592592,0,34.0,5006.704705882353,-5744.970000000001,-3.3748686173528726,161180.22,-5744.970000000001,-7641.790000000008,-10187.390000000014,9857.340000000026,-0.033748686173528726,-0.04296284219210972,0.9828360261294111,0.939047140245808,0.9414433105874946,-2872.484999999986,-10676.470000000001,-10230.652499999997,178588.66249999998,6328.930827716388,170227.96,188057.14,17829.180000000022,0.03543859245665379,-3429.2024999999994,-2872.484999999986,-7.0,1085.2578867102393,1.2167609137074082,0.0,2,1.2246467991473532e-16,-1.0,1.2246467991473532e-16,-1.0
2024-06-08,161180.22,5372.674,30,0,2024,6,23,0.3546048870425358,-0.9350162426854148,161180.22,164482.99,170227.96,177869.75,188057.14,162831.60499999998,168440.22999999998,174095.72874999998,30,5372.674,0,27.0,6091.962592592592,-3302.769999999989,-2.0079705506326158,164405.46,-3302.7699999999895,-5744.970000000001,-7641.790000000008,-10187.390000000014,-0.020079705506326154,-0.033748686173528726,0.9898583263365857,0.9568985983930325,0.9258137529120744,-1651.3849999999802,-7260.00999999998,-12915.508749999979,175159.46,8831.796606260255,164482.99,188057.14,23574.150000000023,0.050421465139594834,-6719.230000000003,-1651.3849999999802,3.0,-719.2885925925921,0.8819282650443064,0.0,2,1.2246467991473532e-16,-1.0,1.2246467991473532e-16,-1.0
2024-06-15,164405.46,4215.524615384616,39,0,2024,6,24,0.2393156642875576,-0.970941817426052,164405.46,161180.22,164482.99,170227.96,177869.75,162792.84,165074.15749999997,172959.29249999998,39,4215.524615384616,0,30.0,5372.674,3225.2399999999907,2.0010147647149203,164416.22,3225.2399999999907,-3302.7699999999895,-5744.970000000001,-7641.790000000008,0.0200101476471492,-0.020079705506326154,1.009905963923229,0.9959491085090046,0.9505442443920729,1612.6199999999953,-668.6974999999802,-8553.83249999999,168440.22999999998,6334.021621391105,161180.22,177869.75,16689.53,0.03760397157728356,-3366.072500000002,1612.6199999999953,9.0,-1157.1493846153844,0.7846231904978072,0.0,2,1.2246467991473532e-16,-1.0,1.2246467991473532e-16,-1.0
2024-06-22,164416.22,6323.700769230769,26,0,2024,6,25,0.120536680255323,-0.992708874098054,164416.22,164405.46,161180.22,164482.99,170227.96,164410.84,163621.2225,171104.9425,26,6323.700769230769,0,39.0,4215.524615384616,10.760000000009311,0.0065447948018328,160385.6,10.760000000009313,3225.2399999999907,-3302.7699999999895,-5744.970000000001,6.544794801832806e-05,0.0200101476471492,1.0000327229031858,1.0048587676332756,0.960908654055975,5.380000000004657,794.9974999999977,-6688.7225000000035,165074.1575,3260.4089015978857,161180.22,170227.96,9047.73999999999,0.019751176992061192,-1452.9349999999977,5.380000000004657,-13.0,2108.1761538461533,1.5000981719220272,0.0,2,1.2246467991473532e-16,-1.0,1.2246467991473532e-16,-1.0
2024-06-29,160385.6,5530.537931034483,29,0,2024,6,26,-3.216245299353273e-16,-1.0,160385.6,164416.22,164405.46,161180.22,164482.99,162400.91,162596.875,168878.16749999998,29,5530.537931034483,0,26.0,6323.700769230769,-4030.6199999999953,-2.451473461681576,155620.42,-4030.6199999999953,10.760000000009313,3225.2399999999907,-3302.7699999999895,-0.024514734616815758,6.544794801832806e-05,0.9875905252008748,0.9864002613826373,0.9497118684687292,-2015.3099999999977,-2211.274999999994,-8492.567499999976,163621.2225,1409.6263609973892,161180.22,164482.99,3302.7699999999895,0.008615180472676086,-1024.3474999999962,-2015.3099999999977,3.0,-793.1628381962855,0.8745729965504412,0.0,2,1.2246467991473532e-16,-1.0,1.2246467991473532e-16,-1.0
2024-07-06,155620.42,5557.872142857143,28,0,2024,7,27,-0.1205366802553228,-0.992708874098054,155620.42,160385.6,164416.22,164405.46,161180.22,158003.01,161206.92500000002,164823.5775,28,5557.872142857143,0,29.0,5530.537931034483,-4765.179999999993,-2.971077203938504,154478.84,-4765.179999999993,-4030.6199999999953,10.760000000009313,3225.2399999999907,-0.029710772039385037,-0.024514734616815758,0.9849206037277392,0.9653457505004825,0.9441635860621943,-2382.5899999999965,-5586.505000000005,-9203.157500000001,162596.875,1835.5955740508275,160385.6,164416.22,4030.6199999999953,0.011289242637970917,-1389.949999999997,-2382.5899999999965,-1.0,27.33421182266011,1.004942414673494,0.0,3,-0.4999999999999997,-0.8660254037844388,-1.0,-1.8369701987210297e-16
2024-07-13,154478.84,4827.46375,32,2,2024,7,28,-0.2393156642875574,-0.970941817426052,154478.84,155620.42,160385.6,164416.22,164405.46,155049.63,158725.27000000002,161899.71375,32,4827.46375,2,28.0,5557.872142857143,-1141.5800000000163,-0.7335669701958241,153558.81,-1141.5800000000163,-4765.179999999993,-4030.6199999999953,10.760000000009313,-0.00733566970195824,-0.029710772039385037,0.996318662611449,0.9732466670240976,0.9541637623803396,-570.7900000000081,-4246.430000000022,-7420.873749999999,161206.925,3619.869245356101,155620.42,164416.22,8795.799999999988,0.022454799912324495,-2481.654999999999,-570.7900000000081,4.0,-730.4083928571436,0.8685812890107866,0.0625,3,-0.4999999999999997,-0.8660254037844388,-1.0,-1.8369701987210297e-16
2024-07-20,153558.81,5484.243214285714,28,0,2024,7,29,-0.3546048870425356,-0.9350162426854148,153558.81,154478.84,155620.42,160385.6,164416.22,154018.825,156010.9175,159816.07,28,5484.243214285714,0,32.0,4827.46375,-920.0299999999988,-0.5955702412058499,155644.02,-920.0299999999988,-1141.5800000000163,-4765.179999999993,-4030.6199999999953,-0.005955702412058499,-0.00733566970195824,0.9970132547109094,0.9842824621552526,0.9608471163131467,-460.01500000001397,-2452.107500000013,-6257.260000000009,158725.27,3962.823137575029,154478.84,164416.22,9937.380000000005,0.024966554711641248,-2714.352500000001,-460.01500000001397,-4.0,656.7794642857143,1.1360506258147902,0.0,3,-0.4999999999999997,-0.8660254037844388,-1.0,-1.8369701987210297e-16
2024-07-27,155644.02,5188.134,30,0,2024,7,30,-0.464723172043768,-0.8854560256532101,155644.02,153558.81,154478.84,155620.42,160385.6,154601.41499999998,154825.5225,158711.19875,30,5188.134,0,28.0,5484.243214285714,2085.209999999992,1.357922739828468,153093.13,2085.209999999992,-920.0299999999988,-1141.5800000000163,-4765.179999999993,0.013579227398284682,-0.005955702412058499,1.0067438257275978,1.005286579930644,0.9806744654809684,1042.6050000000105,818.4974999999977,-3067.178750000021,156010.9175,2629.183710340296,153558.81,160385.6,6826.790000000008,0.01685256232366107,-1185.395000000004,1042.6050000000105,2.0,-296.1092142857142,0.9460072789050658,0.0,3,-0.4999999999999997,-0.8660254037844388,-1.0,-1.8369701987210297e-16
2024-08-03,153093.13,5888.197307692308,26,0,2024,8,31,-0.5680647467311556,-0.8229838658936566,153093.13,155644.02,153558.81,154478.84,155620.42,154368.575,154193.69999999998,157700.3125,26,5888.197307692308,0,30.0,5188.134,-2550.889999999985,-1.6389258000403646,156001.54,-2550.889999999985,2085.209999999992,-920.0299999999988,-1141.5800000000163,-0.016389258000403646,0.013579227398284682,0.991737664223434,0.9928624191520148,0.9707852037388957,-1275.445000000007,-1100.5699999999779,-4607.182499999995,154825.5225,869.849053927607,153558.81,155644.02,2085.209999999992,0.005618253630809526,-631.822500000002,-1275.445000000007,-4.0,700.0633076923077,1.1349354715379958,0.0,3,-0.8660254037844385,-0.5000000000000004,-1.0,-1.8369701987210297e-16
2024-08-10,156001.54,5200.051333333334,30,1,2024,8,32,-0.663122658240795,-0.7485107481711013,156001.54,153093.13,155644.02,153558.81,154478.84,154547.33500000002,154574.375,156649.8225,30,5200.051333333334,1,26.0,5888.197307692308,2908.4100000000035,1.8997651952115704,158739.82,2908.4100000000035,-2550.889999999985,2085.209999999992,-920.0299999999988,0.018997651952115707,-0.016389258000403646,1.0094094472738724,1.0092328692902688,0.9958615816497334,1454.2049999999872,1427.1650000000081,-648.2825000000012,154193.7,974.5604854240654,153093.13,155644.02,2550.889999999985,0.00632036513439956,380.6750000000029,1454.2049999999872,4.0,-688.145974358974,0.8831312983585003,0.03333333333333333,3,-0.8660254037844385,-0.5000000000000004,-1.0,-1.8369701987210297e-16
2024-08-17,158739.82,4960.619375,32,0,2024,8,33,-0.7485107481711011,-0.6631226582407952,158739.82,156001.54,153093.13,155644.02,153558.81,157370.68,155869.6275,155940.2725,32,4960.619375,0,30.0,5200.051333333334,2738.279999999999,1.7552903644412734,160891.1,2738.279999999999,2908.4100000000035,-2550.889999999985,2085.209999999992,0.017552903644412733,0.018997651952115707,1.0087000958501293,1.0184140588903376,1.0179526908291123,1369.140000000014,2870.1925000000047,2799.547500000015,154574.375,1265.543300572919,153093.13,156001.54,2908.4100000000035,0.00818727748744201,1295.2525000000023,1369.140000000014,2.0,-239.43195833333357,0.953955847166637,0.0,3,-0.8660254037844385,-0.5000000000000004,-1.0,-1.8369701987210297e-16
2024-08-24,160891.1,4469.197222222222,36,2,2024,8,34,-0.8229838658936564,-0.5680647467311559,160891.1,158739.82,156001.54,153093.13,155644.02,159815.46000000002,157181.3975,156003.46000000002,36,4469.197222222222,2,32.0,4960.619375,2151.279999999999,1.3552239129413142,158491.67,2151.279999999999,2738.279999999999,2908.4100000000035,-2550.889999999985,0.01355223912941314,0.017552903644412733,1.0067305128052066,1.0236014093207182,1.0313303307503563,1075.6399999999849,3709.702500000014,4887.639999999985,155869.6275,2000.9524610966537,153093.13,158739.82,5646.690000000002,0.012837346782628666,1311.770000000004,1075.6399999999849,4.0,-491.42215277777814,0.9009353236705894,0.05555555555555555,3,-0.8660254037844385,-0.5000000000000004,-1.0,-1.8369701987210297e-16
2024-08-31,158491.67,5660.416785714287,28,1,2024,8,35,-0.8854560256532096,-0.4647231720437691,158491.67,160891.1,158739.82,156001.54,153093.13,159691.385,158531.0325,156362.36625,28,5660.416785714287,1,36.0,4469.197222222222,-2399.429999999993,-1.4913379298171203,162408.96,-2399.429999999993,2151.279999999999,2738.279999999999,2908.4100000000035,-0.014913379298171204,0.01355223912941314,0.9924872904070561,0.9997517047648069,1.0136177508761641,-1199.7149999999965,-39.36249999998836,2129.303750000021,157181.39750000002,2928.1635968160576,153093.13,160891.1,7797.970000000001,0.018629199405203516,1349.635000000002,-1199.7149999999965,-8.0,1191.2195634920645,1.2665399409023514,0.03571428571428571,3,-0.8660254037844385,-0.5000000000000004,-1.0,-1.8369701987210297e-16
2024-09-07,162408.96,5800.32,28,1,2024,9,36,-0.9350162426854148,-0.3546048870425359,162408.96,158491.67,160891.1,158739.82,156001.54,160450.315,160132.8875,157353.63125,28,5800.32,1,28.0,5660.416785714287,3917.289999999979,2.4716062364665463,166413.19,3917.289999999979,-2399.429999999993,2151.279999999999,2738.279999999999,0.024716062364665465,-0.014913379298171204,1.0122071745387349,1.0142136480240511,1.0321271820029891,1958.6449999999895,2276.07249999998,5055.328749999986,158531.0325,1733.01706127457,156001.54,160891.1,4889.559999999998,0.010931721278447928,1601.854999999996,1958.6449999999895,0.0,139.90321428571315,1.0247160623646654,0.03571428571428571,3,-1.0,-1.8369701987210297e-16,-1.0,-1.8369701987210297e-16
2024-09-14,166413.19,5042.823939393939,33,0,2024,9,37,-0.970941817426052,-0.2393156642875577,166413.19,162408.96,158491.67,160891.1,158739.82,164411.075,162051.23,158960.42875,33,5042.823939393939,0,28.0,5800.32,4004.2300000000105,2.465522838148838,163575.97,4004.2300000000105,3917.289999999979,-2399.429999999993,2151.279999999999,0.024655228381488377,0.024716062364665465,1.0121774947338553,1.0269171668737103,1.0468843806512445,2002.1149999999907,4361.959999999992,7452.7612500000105,160132.8875,1611.6469962646063,158491.67,162408.96,3917.289999999979,0.01006443474183032,1918.3424999999988,2002.1149999999907,5.0,-757.4960606060604,0.869404436202475,0.0,3,-1.0,-1.8369701987210297e-16,-1.0,-1.8369701987210297e-16
2024-09-21,163575.97,5640.550689655172,29,1,2024,9,38,-0.992708874098054,-0.1205366802553235,163575.97,166413.19,162408.96,158491.67,160891.1,164994.58000000002,162722.4475,159951.9225,29,5640.550689655172,1,33.0,5042.823939393939,-2837.220000000001,-1.704924952162747,158706.66,-2837.220000000001,4004.2300000000105,3917.289999999979,-2399.429999999993,-0.01704924952162747,0.024655228381488377,0.9914020812077584,1.0052452658690498,1.0226571049810296,-1418.6100000000151,853.5224999999919,3624.047500000015,162051.23,2879.715038202561,158491.67,166413.19,7921.5199999999895,0.017770399139843376,671.2174999999988,-1418.6100000000151,-4.0,597.7267502612331,1.1185301643374583,0.034482758620689655,3,-1.0,-1.8369701987210297e-16,-1.0,-1.8369701987210297e-16
2024-09-28,158706.66,6612.7775,24,0,2024,9,39,-1.0,-1.8369701987210294e-16,158706.66,163575.97,166413.19,162408.96,158491.67,161141.315,162776.195,160653.61375000002,24,6612.7775,0,29.0,5640.550689655172,-4869.309999999998,-2.9767880942414693,158143.19,-4869.309999999998,-2837.220000000001,4004.2300000000105,3917.289999999979,-0.029767880942414695,-0.01704924952162747,0.984891180762674,0.9749992005894965,0.9878810460309362,-2434.654999999999,-4069.5350000000035,-1946.9537500000151,162722.4475,2843.7577923618474,158491.67,166413.19,7921.5199999999895,0.017476124751392073,53.74749999999767,-2434.654999999999,-5.0,972.2268103448278,1.1723638105279155,0.0,3,-1.0,-1.8369701987210297e-16,-1.0,-1.8369701987210297e-16
2024-10-05,158143.19,5453.213448275862,29,2,2024,10,40,-0.992708874098054,0.1205366802553232,158143.19,158706.66,163575.97,166413.19,162408.96,158424.925,161709.7525,160921.32,29,5453.213448275862,2,24.0,6612.7775,-563.4700000000012,-0.3550386606333982,160305.38,-563.4700000000012,-4869.309999999998,-2837.220000000001,4004.2300000000105,-0.003550386606333982,-0.029767880942414695,0.9982216497814345,0.9779446666335105,0.9827360973673345,-281.73499999998603,-3566.5625,-2778.1300000000047,162776.195,2764.2064567475777,158706.66,166413.19,7706.529999999999,0.016981638234924816,-1066.4424999999974,-281.73499999998603,5.0,-1159.5640517241382,0.8246479559119995,0.06896551724137931,4,-0.8660254037844386,0.5000000000000001,-2.4492935982947064e-16,1.0
2024-10-12,160305.38,4714.864117647059,34,1,2024,10,41,-0.970941817426052,0.2393156642875573,160305.38,158143.19,158706.66,163575.97,166413.19,159224.285,160182.8,161117.015,34,4714.864117647059,1,29.0,5453.213448275862,2162.1900000000023,1.3672356046441216,159211.59,2162.1900000000023,-563.4700000000012,-4869.309999999998,-2837.220000000001,0.013672356046441217,-0.003550386606333982,1.0067897620014434,1.000765250701074,0.9949624501173883,1081.0950000000012,122.5800000000163,-811.6350000000093,161709.7525,3440.3497170954506,158143.19,166413.19,8270.0,0.021274843748805134,-1526.9524999999994,1081.0950000000012,5.0,-738.3493306288028,0.8646028919219646,0.029411764705882353,4,-0.8660254037844386,0.5000000000000001,-2.4492935982947064e-16,1.0
2024-10-19,159211.59,5135.857741935483,31,1,2024,10,42,-0.9350162426854148,0.3546048870425355,159211.59,160305.38,158143.19,158706.66,163575.97,159758.485,159091.70500000002,160907.07624999998,31,5135.857741935483,1,34.0,4714.864117647059,-1093.790000000008,-0.6823164637394005,161617.34,-1093.7900000000081,2162.1900000000023,-563.4700000000012,-4869.309999999998,-0.006823164637394004,0.013672356046441217,0.9965767389444136,1.0007535590871943,0.9894629478733071,-546.8949999999895,119.88499999998021,-1695.4862499999872,160182.8,2113.505781693061,158143.19,163575.97,5432.779999999999,0.013194336606009268,-1091.0950000000012,-546.8949999999895,-3.0,420.99362428842414,1.0892907226557613,0.03225806451612903,4,-0.8660254037844386,0.5000000000000001,-2.4492935982947064e-16,1.0
2024-10-26,161617.34,5213.462580645161,31,1,2024,10,43,-0.8854560256532101,0.464723172043768,161617.34,159211.59,160305.38,158143.19,158706.66,160414.465,159819.375,161297.785,31,5213.462580645161,1,31.0,5135.857741935483,2405.75,1.5110394915345045,157301.63,2405.75,-1093.7900000000081,2162.1900000000023,-563.4700000000012,0.015110394915345046,-0.006823164637394004,1.0074985444735298,1.0112499814243423,1.0019811493381636,1202.875,1797.9649999999965,319.554999999993,159091.705,796.1343756081639,158143.19,160305.38,2162.1900000000023,0.005004248182569694,727.6699999999983,1202.875,0.0,77.604838709678,1.0151103949153453,0.03225806451612903,4,-0.8660254037844386,0.5000000000000001,-2.4492935982947064e-16,1.0
2024-11-02,157301.63,5617.915357142857,28,1,2024,11,44,-0.822983865893657,0.5680647467311548,157301.63,161617.34,159211.59,160305.38,158143.19,159459.485,159608.98500000002,160659.36875,28,5617.915357142857,1,31.0,5213.462580645161,-4315.709999999992,-2.6703260924848733,151978.05,-4315.709999999992,2405.75,-1093.7900000000081,2162.1900000000023,-0.026703260924848732,0.015110394915345046,0.986467691150514,0.9855437023172599,0.9791002617766729,-2157.8549999999814,-2307.3550000000105,-3357.7387499999895,159819.375,1289.1739372268573,158143.19,161617.34,3474.149999999994,0.008066443365999005,-210.38999999999942,-2157.8549999999814,-3.0,404.4527764976956,1.0775785325474887,0.03571428571428571,4,-0.5000000000000004,0.8660254037844384,-2.4492935982947064e-16,1.0
2024-11-09,151978.05,5427.787499999999,28,0,2024,11,45,-0.7485107481711011,0.6631226582407952,151978.05,157301.63,161617.34,159211.59,160305.38,154639.84,157527.1525,158854.97625,28,5427.787499999999,0,28.0,5617.915357142857,-5323.580000000016,-3.3843133094043694,155211.24,-5323.580000000016,-4315.709999999992,2405.75,-1093.7900000000081,-0.033843133094043694,-0.026703260924848732,0.982787165325572,0.9647736760810172,0.9567094061996687,-2661.790000000008,-5549.102500000008,-6876.926250000019,159608.985,1581.1598341170297,157301.63,161617.34,4315.709999999992,0.009906458800656052,-2081.832500000004,-2661.790000000008,0.0,-190.12785714285747,0.9661568669059564,0.0,4,-0.5000000000000004,0.8660254037844384,-2.4492935982947064e-16,1.0
2024-11-16,155211.24,5352.111724137931,29,0,2024,11,46,-0.6631226582407955,0.7485107481711007,155211.24,151978.05,157301.63,161617.34,159211.59,153594.645,156527.065,157809.38499999998,29,5352.111724137931,0,28.0,5427.787499999999,3233.1900000000023,2.127405898417569,153379.21,3233.1900000000023,-5323.580000000016,-4315.709999999992,2405.75,0.02127405898417569,-0.033843133094043694,1.010525073969864,0.9915936263163178,0.9835361819577461,1616.5950000000012,-1315.8250000000116,-2598.1449999999895,157527.1525,3550.0127615994243,151978.05,161617.34,9639.290000000008,0.02253587845180801,-1000.0875000000015,1616.5950000000012,1.0,-75.6757758620688,0.9860577121226524,0.0,4,-0.5000000000000004,0.8660254037844384,-2.4492935982947064e-16,1.0
2024-11-23,153379.21,4647.854848484848,33,0,2024,11,47,-0.5680647467311559,0.8229838658936564,153379.21,155211.24,151978.05,157301.63,161617.34,154295.22499999998,154467.5325,157143.45375,33,4647.854848484848,0,29.0,5352.111724137931,-1832.0299999999988,-1.1803462171940635,151167.64,-1832.0299999999988,3233.1900000000023,-5323.580000000016,-4315.709999999992,-0.011803462171940634,0.02127405898417569,0.9940632317040272,0.9929543608136551,0.9760458125351595,-916.0149999999849,-1088.3225000000093,-3764.243749999994,156527.065,3497.7057986521713,151978.05,161617.34,9639.290000000008,0.022345693370358483,-2059.532500000001,-916.0149999999849,4.0,-704.2568756530827,0.868415139303446,0.0,4,-0.5000000000000004,0.8660254037844384,-2.4492935982947064e-16,1.0
2024-11-30,151167.64,5038.921333333334,30,0,2024,11,48,-0.4647231720437684,0.88545602565321,151167.64,153379.21,155211.24,151978.05,157301.63,152273.425,152934.035,156271.51,30,5038.921333333334,0,33.0,4647.854848484848,-2211.569999999978,-1.4418968516006687,184528.42,-2211.569999999978,-1832.0299999999988,3233.1900000000023,-5323.580000000016,-0.014418968516006688,-0.011803462171940634,0.9927381616326029,0.9884499549102985,0.9673397281436649,-1105.7849999999744,-1766.3949999999895,-5103.869999999995,154467.53249999997,1997.947601094376,151978.05,157301.63,5323.580000000016,0.012934417794848743,-1533.4974999999977,-1105.7849999999744,-3.0,391.06648484848574,1.0841391346323928,0.0,4,-0.5000000000000004,0.8660254037844384,-2.4492935982947064e-16,1.0
2024-12-07,184528.42,6590.300714285714,28,1,2024,12,49,-0.3546048870425359,0.9350162426854148,184528.42,151167.64,153379.21,155211.24,151978.05,167848.03,161071.6275,159299.38999999998,28,6590.300714285714,1,30.0,5038.921333333334,33360.77999999997,22.06873111202898,185971.6,33360.78,-2211.569999999978,-1832.0299999999988,3233.1900000000023,0.22068731112029,-0.014418968516006688,1.0993779313346723,1.1456295740228986,1.1583749316303096,16680.390000000014,23456.79250000001,25229.030000000028,152934.03499999997,1534.4300251966463,151167.64,155211.24,4043.5999999999767,0.010033280199509852,8137.592500000006,16680.390000000014,-2.0,1551.3793809523804,1.3078792619145962,0.03571428571428571,4,-2.4492935982947064e-16,1.0,-2.4492935982947064e-16,1.0
2024-12-14,185971.6,5469.752941176471,34,0,2024,12,50,-0.2393156642875578,0.970941817426052,185971.6,184528.42,151167.64,153379.21,155211.24,185250.01,168761.7175,162644.39125000002,34,5469.752941176471,0,28.0,6590.300714285714,1443.180000000022,0.7820909104407995,192301.83,1443.179999999993,33360.78,-2211.569999999978,-1832.0299999999988,0.007820909104407836,0.22068731112029,1.0038952224617963,1.101977407879841,1.143424612252038,721.5899999999965,17209.882500000007,23327.20874999999,161071.6275,13618.255316235223,151167.64,184528.42,33360.78,0.08454782215592391,7690.090000000004,721.5899999999965,6.0,-1120.5477731092433,0.8299701604389242,0.0,4,-2.4492935982947064e-16,1.0,-2.4492935982947064e-16,1.0
2024-12-21,192301.83,5494.338,35,1,2024,12,51,-0.1205366802553236,0.992708874098054,192301.83,185971.6,184528.42,151167.64,153379.21,189136.715,178492.3725,166479.95249999998,35,5494.338,1,34.0,5469.752941176471,6330.229999999981,3.403869192930524,189300.02,6330.229999999981,1443.179999999993,33360.78,-2211.569999999978,0.03403869192930523,0.007820909104407836,1.0167345351218562,1.0773672135485788,1.1551050268349878,3165.1149999999907,13809.45749999999,25821.877500000002,168761.7175,16514.70604832913,151167.64,185971.6,34803.95999999999,0.09785812975225931,9730.654999999999,3165.1149999999907,1.0,24.585058823528925,1.0044947293027537,0.02857142857142857,4,-2.4492935982947064e-16,1.0,-2.4492935982947064e-16,1.0
2024-12-28,189300.02,6310.000666666666,30,3,2024,12,52,6.432490598706546e-16,1.0,189300.02,192301.83,185971.6,184528.42,151167.64,190800.925,188025.4675,170479.75125,30,6310.000666666666,3,35.0,5494.338,-3001.8099999999977,-1.5609887851821265,187350.14,-3001.8099999999977,6330.229999999981,1443.179999999993,33360.78,-0.015609887851821264,0.03403869192930523,0.9921336597293751,1.0067786163063255,1.1103959186472592,-1500.9049999999988,1274.5524999999907,18820.26874999999,178492.3725,16044.58503716966,151167.64,192301.83,41134.18999999997,0.08988947153565154,9533.094999999994,-1500.9049999999988,-5.0,815.6626666666662,1.1484551308395416,0.1,4,-2.4492935982947064e-16,1.0,-2.4492935982947064e-16,1.0
2025-01-04,187350.14,6043.552903225807,31,1,2025,1,1,0.120536680255323,0.992708874098054,187350.14,189300.02,192301.83,185971.6,184528.42,188325.08,188730.8975,174901.2625,31,6043.552903225807,1,30.0,6310.000666666666,-1949.879999999976,-1.0300474347546162,182562.89,-1949.8799999999756,-3001.8099999999977,6330.229999999981,1443.179999999993,-0.010300474347546162,-0.015609887851821264,0.9948231005663187,0.9926839880576525,1.0711766017126376,-974.9399999999732,-1380.7574999999779,12448.877500000002,188025.4675,3014.9408464957796,184528.42,192301.83,7773.409999999974,0.016034747242395658,705.4300000000003,-974.9399999999732,1.0,-266.4477634408586,0.9577737345023748,0.03225806451612903,1,0.49999999999999994,0.8660254037844387,1.0,6.123233995736766e-17
2025-01-11,182562.89,5705.0903125,32,1,2025,1,2,0.2393156642875577,0.970941817426052,182562.89,187350.14,189300.02,192301.83,185971.6,184956.515,187878.72,178320.21875,32,5705.0903125,1,31.0,6043.552903225807,-4787.250000000029,-2.555242285914507,170105.06,-4787.25,-1949.8799999999756,-3001.8099999999977,6330.229999999981,-0.025552422859144913,-0.010300474347546162,0.9870584445214055,0.9717060559067041,1.0237924295951437,-2393.625,-5315.829999999987,4242.671250000014,188730.8975,2376.7453222250606,185971.6,192301.83,6330.229999999981,0.012593302706172213,-852.177499999998,-2393.625,1.0,-338.4625907258069,0.9439960903552033,0.03125,1,0.49999999999999994,0.8660254037844387,1.0,6.123233995736766e-17
2025-01-18,170105.06,5487.26,31,2,2025,1,3,0.3546048870425356,0.9350162426854148,170105.06,182562.89,187350.14,189300.02,192301.83,176333.97499999998,182329.5275,180410.95,31,5487.26,2,32.0,5705.0903125,-12457.829999999987,-6.823856699463943,165502.87,-12457.830000000016,-4787.25,-1949.8799999999756,-3001.8099999999977,-0.06823856699463958,-0.025552422859144913,0.9646754688085494,0.9329539890350453,0.9428754740219482,-6228.914999999979,-12224.467499999999,-10305.890000000014,187878.72,3539.8248956480775,182562.89,192301.83,9738.939999999973,0.018841010283911226,-5549.192499999997,-6228.914999999979,-1.0,-217.83031250000022,0.9618182534248882,0.06451612903225806,1,0.49999999999999994,0.8660254037844387,1.0,6.123233995736766e-17
2025-01-25,165502.87,5015.238484848484,33,1,2025,1,4,0.4647231720437685,0.8854560256532099,165502.87,170105.06,182562.89,187350.14,189300.02,167803.965,176380.24,182202.85375,33,5015.238484848484,1,31.0,5487.26,-4602.190000000002,-2.7054985901066098,161157.3,-4602.190000000002,-12457.830000000016,-4787.25,-1949.8799999999756,-0.027054985901066097,-0.06823856699463958,0.9862870046008746,0.938329996602794,0.9083440055614386,-2301.095000000001,-10877.369999999995,-16699.983750000014,182329.52750000003,7471.385067085537,170105.06,189300.02,19194.959999999992,0.040977373053772304,-5949.2874999999985,-2301.095000000001,2.0,-472.0215151515158,0.9139786496080893,0.030303030303030304,1,0.49999999999999994,0.8660254037844387,1.0,6.123233995736766e-17
2025-02-01,161157.3,6198.357692307692,26,0,2025,2,5,0.5680647467311558,0.8229838658936564,161157.3,165502.87,170105.06,182562.89,187350.14,163330.085,169832.02999999997,179281.46375,26,6198.357692307692,0,33.0,5015.238484848484,-4345.570000000007,-2.625676521500809,173567.25,-4345.570000000007,-4602.190000000002,-12457.830000000016,-4787.25,-0.026256765215008096,-0.027054985901066097,0.9866969701264773,0.9489217081135992,0.898906650074693,-2172.7850000000035,-8674.729999999981,-18124.163750000007,176380.24,8891.83514778868,165502.87,187350.14,21847.27000000002,0.05041287588557925,-6548.210000000006,-2172.7850000000035,-7.0,1183.1192074592072,1.2359048749194128,0.0,1,0.8660254037844386,0.5000000000000001,1.0,6.123233995736766e-17
2025-02-08,173567.25,5423.9765625,32,1,2025,2,6,0.6631226582407952,0.7485107481711011,173567.25,161157.3,165502.87,170105.06,182562.89,167362.275,167583.12,177730.91999999998,32,5423.9765625,1,26.0,6198.357692307692,12409.950000000012,7.70051992680444,171587.73,12409.950000000012,-4345.570000000007,-4602.190000000002,-12457.830000000016,0.0770051992680444,-0.026256765215008096,1.0370751114610506,1.03570842934539,0.9765731815263209,6204.975000000006,5984.130000000005,-4163.669999999984,169832.03,8002.217014662258,161157.3,182562.89,21405.590000000026,0.04711842056331929,-2248.9100000000035,6204.975000000006,6.0,-774.3811298076917,0.8750667244052861,0.03125,1,0.8660254037844386,0.5000000000000001,1.0,6.123233995736766e-17
2025-02-15,171587.73,5046.697941176471,34,0,2025,2,7,0.7485107481711011,0.6631226582407953,171587.73,173567.25,161157.3,165502.87,170105.06,172577.49,167953.7875,175141.6575,34,5046.697941176471,0,32.0,5423.9765625,-1979.5199999999893,-1.140491653811413,169720.76,-1979.5199999999895,12409.950000000012,-4345.570000000007,-4602.190000000002,-0.011404916538114129,0.0770051992680444,0.994264837204435,1.0216365617834013,0.9797082684340818,-989.7599999999802,3633.9425000000047,-3553.9274999999907,167583.12,4684.778435406529,161157.3,173567.25,12409.950000000012,0.027954954146972136,370.6675000000032,-989.7599999999802,2.0,-377.27862132352857,0.9304424314935398,0.0,1,0.8660254037844386,0.5000000000000001,1.0,6.123233995736766e-17
2025-02-22,169720.76,5474.863225806452,31,2,2025,2,8,0.8229838658936564,0.5680647467311559,169720.76,171587.73,173567.25,161157.3,165502.87,170654.245,169008.26,172694.25,31,5474.863225806452,2,34.0,5046.697941176471,-1866.9700000000007,-1.0880556552615976,165950.31,-1866.9700000000012,-1979.5199999999895,12409.950000000012,-4345.570000000007,-0.010880556552615977,-0.011404916538114129,0.9945299632013257,1.00421577028247,0.9827817660402707,-933.484999999986,712.5,-2973.4899999999907,167953.78749999998,4922.289565376951,161157.3,173567.25,12409.950000000012,0.02930740436786489,1054.4725000000035,-933.484999999986,-3.0,428.1652846299803,1.0848406799100339,0.06451612903225806,1,0.8660254037844386,0.5000000000000001,1.0,6.123233995736766e-17
2025-03-01,165950.31,5531.677,30,0,2025,3,9,0.8854560256532099,0.4647231720437686,165950.31,169720.76,171587.73,173567.25,161157.3,167835.535,170206.5125,170019.27125,30,5531.677,0,31.0,5474.863225806452,-3770.450000000012,-2.2215608744622704,165062.3,-3770.4500000000116,-1866.9700000000012,-1979.5199999999895,12409.950000000012,-0.022215608744622705,-0.010880556552615977,0.9887674263975147,0.974993891611521,0.9760676468021269,-1885.2250000000058,-4256.202500000014,-4068.961249999993,169008.26,4732.4223309157505,161157.3,173567.25,12409.950000000012,0.028001130423541135,1198.2525000000023,-1885.2250000000058,-1.0,56.81377419354794,1.0103772042972232,0.0,1,1.0,6.123233995736766e-17,1.0,6.123233995736766e-17
2025-03-08,165062.3,5895.082142857143,28,0,2025,3,10,0.9350162426854148,0.3546048870425355,165062.3,165950.31,169720.76,171587.73,173567.25,165506.305,168080.275,167831.6975,28,5895.082142857143,0,30.0,5531.677,-888.0100000000093,-0.5351059603323485,169662.97,-888.0100000000093,-3770.4500000000116,-1866.9700000000012,-1979.5199999999895,-0.005351059603323485,-0.022215608744622705,0.9973172925345654,0.9820444427521313,0.983498960320055,-444.00500000000466,-3017.975000000006,-2769.397500000021,170206.5125,2808.62660113778,165950.31,173567.25,7616.940000000002,0.016501287523518114,-2126.237500000003,-444.00500000000466,-2.0,363.4051428571429,1.0656952932821535,0.0,1,1.0,6.123233995736766e-17,1.0,6.123233995736766e-17
2025-03-15,169662.97,7069.290416666667,24,0,2025,3,11,0.970941817426052,0.239315664287558,169662.97,165062.3,165950.31,169720.76,171587.73,167362.635,167599.08500000002,167776.43625,24,7069.290416666667,0,28.0,5895.082142857143,4600.670000000013,2.787232457078336,169775.05,4600.670000000013,-888.0100000000093,-3770.4500000000116,-1866.9700000000012,0.027872324570783355,-0.005351059603323485,1.013744615098824,1.0123144168716671,1.011244330802145,2300.334999999992,2063.88499999998,1886.5337500000023,168080.275,2675.740813966301,165062.3,171587.73,6525.430000000022,0.01591942191887954,-481.1900000000023,2300.334999999992,-4.0,1174.2082738095241,1.199184378665914,0.0,1,1.0,6.123233995736766e-17,1.0,6.123233995736766e-17
2025-03-22,169775.05,5854.312068965517,29,2,2025,3,12,0.992708874098054,0.120536680255323,169775.05,169662.97,165062.3,165950.31,169720.76,169719.01,167612.6575,168310.45875,29,5854.312068965517,2,24.0,7069.290416666667,112.0799999999872,0.0660603784078442,168734.22,112.0799999999872,4600.670000000013,-888.0100000000093,-3770.4500000000116,0.0006606037840784421,0.027872324570783355,1.0003301928287232,1.0129011289019147,1.0087017245444945,56.039999999979045,2162.392499999987,1464.5912499999977,167599.08500000002,2116.29766548211,165062.3,169720.76,4658.460000000021,0.012627143313354662,13.572499999994761,56.039999999979045,5.0,-1214.9783477011497,0.8281329134764788,0.06896551724137931,1,1.0,6.123233995736766e-17,1.0,6.123233995736766e-17
2025-03-29,168734.22,5113.158181818182,33,0,2025,3,13,1.0,-1.6081226496766366e-16,168734.22,169775.05,169662.97,165062.3,165950.31,169254.635,168308.63499999998,169257.57375,33,5113.158181818182,0,29.0,5854.312068965517,-1040.8299999999872,-0.61306416932287,162318.73,-1040.8299999999872,112.0799999999872,4600.670000000013,-888.0100000000093,-0.0061306416932287,0.0006606037840784421,0.9969252540705901,1.0025285987257875,0.9969079448653032,-520.4150000000081,425.58500000002095,-523.3537500000093,167612.6575,2129.9909190108665,165062.3,169775.05,4712.75,0.012707816645714042,695.9775000000009,-520.4150000000081,4.0,-741.1538871473349,0.8734003451786778,0.0,1,1.0,6.123233995736766e-17,1.0,6.123233995736766e-17
2025-04-05,162318.73,6492.7492,25,0,2025,4,14,0.992708874098054,-0.1205366802553228,162318.73,168734.22,169775.05,169662.97,165062.3,165526.475,167622.7425,167851.50875,25,6492.7492,0,33.0,5113.158181818182,-6415.489999999991,-3.802127393008953,177824.45,-6415.489999999991,-1040.8299999999872,112.0799999999872,4600.670000000013,-0.03802127393008953,-0.0061306416932287,0.9806209550466172,0.968357441115128,0.9670376585161318,-3207.7449999999953,-5304.0124999999825,-5532.778749999998,168308.635,1917.3164689808023,165062.3,169775.05,4712.75,0.011391670243067458,-685.8924999999945,-3207.7449999999953,-8.0,1379.591018181818,1.2698119184122818,0.0,2,0.8660254037844387,-0.4999999999999998,1.2246467991473532e-16,-1.0
2025-04-12,177824.45,5557.0140625,32,0,2025,4,15,0.970941817426052,-0.2393156642875575,177824.45,162318.73,168734.22,169775.05,169662.97,170071.59000000003,169663.1125,168631.09875,32,5557.0140625,0,25.0,6492.7492,15505.72,9.55263757916292,176658.74,15505.720000000001,-6415.489999999991,-1040.8299999999872,112.0799999999872,0.09552637579162922,-0.03802127393008953,1.0455858618126637,1.048103193320823,1.0545175315712636,7752.859999999986,8161.337500000023,9193.351250000007,167622.7425,3088.8058639009205,162318.73,169775.05,7456.319999999978,0.018427128788332053,2040.3700000000026,7752.859999999986,7.0,-935.7351374999998,0.8558799810872103,0.0,2,0.8660254037844387,-0.4999999999999998,1.2246467991473532e-16,-1.0
2025-04-19,176658.74,5888.624666666667,30,0,2025,4,16,0.9350162426854148,-0.3546048870425354,176658.74,177824.45,162318.73,168734.22,169775.05,177241.595,171384.035,169498.34625,30,5888.624666666667,0,32.0,5557.0140625,-1165.710000000021,-0.6555397753233714,180603.59,-1165.710000000021,15505.720000000001,-6415.489999999991,-1040.8299999999872,-0.006555397753233713,0.09552637579162922,0.9967115224843243,1.030777108264489,1.0422446230799138,-582.8550000000105,5274.704999999987,7160.393749999988,169663.1125,5509.599699063332,162318.73,177824.45,15505.720000000001,0.032473762964022795,1720.9225000000006,-582.8550000000105,-2.0,331.61060416666623,1.0596742423965508,0.0,2,0.8660254037844387,-0.4999999999999998,1.2246467991473532e-16,-1.0
2025-04-26,180603.59,5472.8360606060605,33,1,2025,4,17,0.8854560256532099,-0.4647231720437685,180603.59,176658.74,177824.45,162318.73,168734.22,178631.16499999998,174351.3775,171330.00625,33,5472.8360606060605,1,30.0,5888.624666666667,3944.850000000006,2.2330341538720395,187931.5,3944.850000000006,-1165.710000000021,15505.720000000001,-6415.489999999991,0.022330341538720395,-0.006555397753233713,1.0110418862240529,1.0358598399946681,1.0541270262750602,1972.4250000000175,6252.212499999994,9273.58374999999,171384.035,6294.893416224374,162318.73,177824.45,15505.720000000001,0.036729753831647005,2967.342499999999,1972.4250000000175,3.0,-415.78860606060607,0.9293912195806548,0.030303030303030304,2,0.8660254037844387,-0.4999999999999998,1.2246467991473532e-16,-1.0
2025-05-03,187931.5,7517.26,25,0,2025,5,18,0.8229838658936565,-0.5680647467311557,187931.5,180603.59,176658.74,177824.45,162318.73,184267.545,180754.57,174188.65625,25,7517.26,0,33.0,5472.8360606060605,7327.9100000000035,4.057455336297581,181823.77,7327.9100000000035,3944.850000000006,-1165.710000000021,15505.720000000001,0.04057455336297581,0.022330341538720395,1.0198838867690998,1.039705386148743,1.0788963187721934,3663.954999999987,7176.929999999993,13742.84375,174351.3775,7093.322939586826,162318.73,180603.59,18284.859999999986,0.04068406594371086,6403.192499999997,3663.954999999987,-8.0,2044.4239393939397,1.373558410439128,0.0,2,0.49999999999999994,-0.8660254037844387,1.2246467991473532e-16,-1.0
2025-05-10,181823.77,6734.213703703704,27,0,2025,5,19,0.7485107481711013,-0.663122658240795,181823.77,187931.5,180603.59,176658.74,177824.45,184877.635,181754.4,175708.75624999998,27,6734.213703703704,0,25.0,7517.26,-6107.7300000000105,-3.249976720241157,176421.77,-6107.7300000000105,7327.9100000000035,3944.850000000006,-1165.710000000021,-0.03249976720241157,0.04057455336297581,0.9834816958795475,1.0003816688894465,1.0348019864263311,-3053.86500000002,69.36999999999534,6115.013750000013,180754.57,4384.419738933535,176658.74,187931.5,11272.76000000001,0.024256204083434985,999.8299999999945,-3053.86500000002,2.0,-783.0462962962965,0.895833548886656,0.0,2,0.49999999999999994,-0.8660254037844387,1.2246467991473532e-16,-1.0
2025-05-17,176421.77,5513.1803125,32,1,2025,5,20,0.6631226582407952,-0.7485107481711012,176421.77,181823.77,187931.5,180603.59,176658.74,179122.77,181695.1575,176539.59625,32,5513.1803125,1,27.0,6734.213703703704,-5402.0,-2.9710086860480343,198185.75,-5402.0,-6107.7300000000105,7327.9100000000035,3944.850000000006,-0.029710086860480343,-0.03249976720241157,0.9849209567270537,0.9709767306264064,0.9993325789086254,-2701.0,-5273.387500000012,-117.8262500000128,181754.4,4045.1047915536165,176658.74,187931.5,11272.76000000001,0.022255883717553007,-59.24250000000029,-2701.0,5.0,-1221.033391203704,0.8186821142114696,0.03125,2,0.49999999999999994,-0.8660254037844387,1.2246467991473532e-16,-1.0
2025-05-24,198185.75,6193.3046875,32,0,2025,5,21,0.5680647467311558,-0.8229838658936564,198185.75,176421.77,181823.77,187931.5,180603.59,187303.76,186090.6975,180221.0375,32,6193.3046875,0,32.0,5513.1803125,21763.98000000001,12.33633468250546,185527.15,21763.98000000001,-5402.0,-6107.7300000000105,7327.9100000000035,0.12336334682505459,-0.029710086860480343,1.058098086231691,1.0649954708241125,1.0996815507734494,10881.98999999999,12095.05249999999,17964.712499999994,181695.1575,4120.335067827467,176421.77,187931.5,11509.73000000001,0.022677187023145993,4395.540000000001,10881.98999999999,0.0,680.1243750000003,1.1233633468250546,0.0,2,0.49999999999999994,-0.8660254037844387,1.2246467991473532e-16,-1.0
2025-05-31,185527.15,5797.7234375,32,1,2025,5,22,0.464723172043769,-0.8854560256532096,185527.15,198185.75,176421.77,181823.77,187931.5,191856.45,185489.61,183122.09,32,5797.7234375,1,32.0,6193.3046875,-12658.600000000006,-6.387240253146357,202588.63,-12658.600000000006,21763.98000000001,-5402.0,-6107.7300000000105,-0.06387240253146356,0.12336334682505459,0.9670102308262244,1.000202383303302,1.0131336421509824,-6329.3000000000175,37.54000000000815,2405.0599999999977,186090.6975,8083.52766606689,176421.77,198185.75,21763.98000000001,0.043438644567748416,-601.0875000000015,-6329.3000000000175,0.0,-395.5812500000002,0.9361275974685365,0.03125,2,0.49999999999999994,-0.8660254037844387,1.2246467991473532e-16,-1.0
2025-06-07,202588.63,6985.814827586207,29,5,2025,6,23,0.3546048870425358,-0.9350162426854148,202588.63,185527.15,198185.75,176421.77,181823.77,194057.89,190680.825,186217.6125,29,6985.814827586207,5,32.0,5797.7234375,17061.48000000001,9.196217373036784,192598.07,17061.48000000001,-12658.600000000006,21763.98000000001,-5402.0,0.09196217373036783,-0.06387240253146356,1.043959768912256,1.0624488854608218,1.0879133680225872,8530.73999999999,11907.804999999993,16371.017500000016,185489.61000000002,8013.387007414534,176421.77,198185.75,21763.98000000001,0.04320127152897962,5191.215000000004,8530.73999999999,-3.0,1188.091390086207,1.2049237779093713,0.1724137931034483,2,1.2246467991473532e-16,-1.0,1.2246467991473532e-16,-1.0
2025-06-14,192598.07,5836.305151515152,33,0,2025,6,24,0.2393156642875576,-0.970941817426052,192598.07,202588.63,185527.15,198185.75,176421.77,197593.35,194724.9,188210.02875,33,5836.305151515152,0,29.0,6985.814827586207,-9990.559999999998,-4.931451483728379,180541.97,-9990.559999999998,17061.48000000001,-12658.600000000006,21763.98000000001,-0.049314514837283795,0.09196217373036783,0.9747193921252917,0.9890777707422113,1.023314598478855,-4995.279999999999,-2126.829999999987,4388.041250000009,190680.825,10344.089310716296,176421.77,202588.63,26166.860000000015,0.054248188357252466,4044.0750000000044,-4995.279999999999,4.0,-1149.5096760710549,0.8354508809005688,0.0,2,1.2246467991473532e-16,-1.0,1.2246467991473532e-16,-1.0
2025-06-21,180541.97,5641.9365625,32,0,2025,6,25,0.120536680255323,-0.992708874098054,180541.97,192598.07,202588.63,185527.15,198185.75,186570.02,190313.955,188202.32625,32,5641.9365625,0,33.0,5836.305151515152,-12056.100000000006,-6.259720048077328,175831.32,-12056.100000000006,-9990.559999999998,17061.48000000001,-12658.600000000006,-0.06259720048077327,-0.049314514837283795,0.9676901465733885,0.9486533449425714,0.9592972286653656,-6028.049999999988,-9771.984999999986,-7660.356250000012,194724.9,6382.353467702963,185527.15,202588.63,17061.48000000001,0.03277625751869927,-4410.945,-6028.049999999988,-1.0,-194.36858901515188,0.9666966370042025,0.0,2,1.2246467991473532e-16,-1.0,1.2246467991473532e-16,-1.0
2025-06-28,175831.32,6512.271111111111,27,1,2025,6,26,-3.216245299353273e-16,-1.0,175831.32,180541.97,192598.07,202588.63,185527.15,178186.64500000002,187889.9975,186689.80375,27,6512.271111111111,1,32.0,5641.9365625,-4710.649999999994,-2.609171706722816,167510.53,-4710.649999999994,-12056.100000000006,-9990.559999999998,17061.48000000001,-0.026091717067228157,-0.06259720048077327,0.9867816973600911,0.935820545742463,0.9418367605949128,-2355.3250000000116,-12058.67749999999,-10858.483749999985,190313.95500000002,8280.851717020118,180541.97,202588.63,22046.660000000003,0.043511531863336644,-2423.957499999997,-2355.3250000000116,-5.0,870.3345486111111,1.154261668661063,0.037037037037037035,2,1.2246467991473532e-16,-1.0,1.2246467991473532e-16,-1.0
2025-07-05,167510.53,6700.4212,25,0,2025,7,27,-0.1205366802553228,-0.992708874098054,167510.53,175831.32,180541.97,192598.07,202588.63,171670.925,179120.47250000003,184900.64875,25,6700.4212,0,27.0,6512.271111111111,-8320.790000000008,-4.732257029066271,175458.35,-8320.790000000008,-4710.649999999994,-12056.100000000006,-9990.559999999998,-0.04732257029066271,-0.026091717067228157,0.9757652904823575,0.9351836094559206,0.9059488494628659,-4160.3949999999895,-11609.942500000034,-17390.118749999994,187889.99750000003,10459.695923222087,175831.32,202588.63,26757.309999999998,0.05566925361858119,-8769.525000000001,-4160.3949999999895,-2.0,188.1500888888886,1.0288916240860844,0.0,3,-0.4999999999999997,-0.8660254037844388,-1.0,-1.8369701987210297e-16
2025-07-12,175458.35,5160.539705882353,34,0,2025,7,28,-0.2393156642875574,-0.970941817426052,175458.35,167510.53,175831.32,180541.97,192598.07,171484.44,174835.5425,184780.22125,34,5160.539705882353,0,25.0,6700.4212,7947.820000000007,4.744668887382785,170948.21,7947.820000000007,-8320.790000000008,-4710.649999999994,-12056.100000000006,0.04744668887382785,-0.04732257029066271,1.0231735893938831,1.0035622476476715,0.9495515743679737,3973.9100000000035,622.8074999999953,-9321.871249999997,179120.47249999997,9072.976062683005,167510.53,192598.07,25087.540000000008,0.05065292613429772,-4284.93,3973.9100000000035,9.0,-1539.881494117647,0.7701813888778146,0.0,3,-0.4999999999999997,-0.8660254037844388,-1.0,-1.8369701987210297e-16
2025-07-19,170948.21,4884.234571428571,35,0,2025,7,29,-0.3546048870425356,-0.9350162426854148,170948.21,175458.35,167510.53,175831.32,180541.97,173203.28,172437.1025,181375.52875,35,4884.234571428571,0,34.0,5160.539705882353,-4510.140000000014,-2.570490375636163,167140.1,-4510.140000000014,7947.820000000007,-8320.790000000008,-4710.649999999994,-0.02570490375636163,0.04744668887382785,0.9869802119220836,0.9913655908246312,0.942509781656529,-2255.070000000007,-1488.8925000000163,-10427.318750000006,174835.5425,4679.705785342575,167510.53,180541.97,13031.440000000002,0.02676632976582879,-2398.4400000000023,-2255.070000000007,1.0,-276.30513445378165,0.9464580934938202,0.0,3,-0.4999999999999997,-0.8660254037844388,-1.0,-1.8369701987210297e-16
2025-07-26,167140.1,5571.336666666667,30,0,2025,7,30,-0.464723172043768,-0.8854560256532101,167140.1,170948.21,175458.35,167510.53,175831.32,169044.155,170264.2975,179077.1475,30,5571.336666666667,0,35.0,4884.234571428571,-3808.109999999986,-2.227639587451653,166800.51,-3808.109999999986,-4510.140000000014,7947.820000000007,-8320.790000000008,-0.022276395874516533,-0.02570490375636163,0.9887363452466015,0.981650894838949,0.9333413131343296,-1904.054999999993,-3124.19749999998,-11937.047499999986,172437.10249999998,3432.8037508673256,167510.53,175831.32,8320.790000000008,0.01990757036100932,-2172.8050000000003,-1904.054999999993,-5.0,687.1020952380959,1.1406775381463974,0.0,3,-0.4999999999999997,-0.8660254037844388,-1.0,-1.8369701987210297e-16
2025-08-02,166800.51,6415.404230769231,26,0,2025,8,31,-0.5680647467311556,-0.8229838658936566,166800.51,167140.1,170948.21,175458.35,167510.53,166970.305,170086.7925,174603.6325,26,6415.404230769231,0,30.0,5571.336666666667,-339.5899999999965,-0.2031768558233461,165474.07,-339.5899999999965,-3808.109999999986,-4510.140000000014,7947.820000000007,-0.002031768558233461,-0.022276395874516533,0.9989830826505349,0.980678790800291,0.955309506519001,-169.7949999999837,-3286.282500000001,-7803.122499999998,170264.29750000002,3346.2577285482294,167140.1,175458.35,8318.25,0.01965331415735133,-177.50499999999738,-169.7949999999837,-4.0,844.0675641025637,1.1515018055097306,0.0,3,-0.8660254037844385,-0.5000000000000004,-1.0,-1.8369701987210297e-16
2025-08-09,165474.07,6894.752916666667,24,1,2025,8,32,-0.663122658240795,-0.7485107481711013,165474.07,166800.51,167140.1,170948.21,175458.35,166137.29,167590.7225,171213.1325,24,6894.752916666667,1,26.0,6415.404230769231,-1326.4400000000023,-0.7952253863012783,166936.49,-1326.4400000000023,-339.5899999999965,-3808.109999999986,-4510.140000000014,-0.007952253863012782,-0.002031768558233461,0.9960080003712593,0.9873701093448057,0.9664800099373219,-663.2200000000012,-2116.6524999999965,-5739.0625,170086.79249999998,3502.7960062097163,166800.51,175458.35,8657.839999999997,0.02059416815805799,-2496.0699999999997,-663.2200000000012,-2.0,479.34868589743655,1.0747183916484029,0.041666666666666664,3,-0.8660254037844385,-0.5000000000000004,-1.0,-1.8369701987210297e-16
2025-08-16,166936.49,5058.681515151515,33,1,2025,8,33,-0.7485107481711011,-0.6631226582407952,166936.49,165474.07,166800.51,167140.1,170948.21,166205.28,166587.7925,169512.4475,33,5058.681515151515,1,24.0,6894.752916666667,1462.4199999999837,0.8837759293646332,169534.08,1462.4199999999837,-1326.4400000000023,-339.5899999999965,-3808.109999999986,0.008837759293646332,-0.007952253863012782,1.004399439055125,1.0020931755848796,0.9848037265817897,731.2099999999919,348.6974999999802,-2575.9575000000186,167590.7225,2035.9541099368435,165474.07,170948.21,5474.139999999985,0.01214837002649024,-1002.9300000000003,731.2099999999919,9.0,-1836.0714015151525,0.7337001885771973,0.030303030303030304,3,-0.8660254037844385,-0.5000000000000004,-1.0,-1.8369701987210297e-16
2025-08-23,169534.08,5297.94,32,2,2025,8,34,-0.8229838658936564,-0.5680647467311559,169534.08,166936.49,165474.07,166800.51,167140.1,168235.28499999997,167186.2875,168725.29249999998,32,5297.94,2,33.0,5058.681515151515,2597.5899999999965,1.5560348729028606,160591.1,2597.5899999999965,1462.4199999999837,-1326.4400000000023,-339.5899999999965,0.015560348729028606,0.008837759293646332,1.0077201105582578,1.0140429728724012,1.0047935166566684,1298.7950000000128,2347.7924999999814,808.7875000000058,166587.7925,654.2667771778933,165474.07,167140.1,1666.0299999999988,0.003927459313550201,598.4949999999953,1298.7950000000128,-1.0,239.25848484848484,1.0472966096268108,0.0625,3,-0.8660254037844385,-0.5000000000000004,-1.0,-1.8369701987210297e-16
2025-08-30,160591.1,6423.644,25,0,2025,8,35,-0.8854560256532096,-0.4647231720437691,160591.1,169534.08,166936.49,165474.07,166800.51,165062.59,165633.935,167860.36375,25,6423.644,0,32.0,5297.94,-8942.979999999981,-5.27503378671709,159806.28,-8942.979999999981,2597.5899999999965,1462.4199999999837,-1326.4400000000023,-0.052750337867170906,0.015560348729028606,0.9729103366183701,0.9695543367969855,0.9566945788296615,-4471.489999999991,-5042.834999999992,-7269.263749999984,167186.28749999998,1470.9725915933063,165474.07,169534.08,4060.00999999998,0.008798404543753665,-1552.3525000000009,-4471.489999999991,-7.0,1125.7040000000006,1.2124795675300213,0.0,3,-0.8660254037844385,-0.5000000000000004,-1.0,-1.8369701987210297e-16
2025-09-06,159806.28,4993.94625,32,0,2025,9,36,-0.9350162426854148,-0.3546048870425359,159806.28,160591.1,169534.08,166936.49,165474.07,160198.69,164216.9875,165903.855,32,4993.94625,0,25.0,6423.644,-784.820000000007,-0.4887070329551307,165259.22,-784.820000000007,-8942.979999999981,2597.5899999999965,1462.4199999999837,-0.0048870703295513076,-0.052750337867170906,0.9975504793453679,0.9731409790963313,0.9632463332452401,-392.4100000000035,-4410.7074999999895,-6097.575000000012,165633.935,3254.3633096390686,160591.1,169534.08,8942.979999999981,0.01964792607045814,-1416.947500000002,-392.4100000000035,7.0,-1429.6977500000003,0.777431976305038,0.0,3,-1.0,-1.8369701987210297e-16,-1.0,-1.8369701987210297e-16
2025-09-13,165259.22,6120.711851851852,27,1,2025,9,37,-0.970941817426052,-0.2393156642875577,165259.22,159806.28,160591.1,169534.08,166936.49,162532.75,163797.66999999998,165192.73124999998,27,6120.711851851852,1,32.0,4993.94625,5452.940000000002,3.4122188439653325,168615.37,5452.940000000002,-784.820000000007,-8942.979999999981,2597.5899999999965,0.034122188439653325,-0.0048870703295513076,1.0167748961363172,1.0089228985980083,1.0004024919831334,2726.470000000001,1461.5500000000175,66.48875000001863,164216.9875,4131.239744745964,159806.28,169534.08,9727.799999999988,0.025157200894005954,-419.3174999999974,2726.470000000001,-5.0,1126.765601851852,1.2256262974099594,0.037037037037037035,3,-1.0,-1.8369701987210297e-16,-1.0,-1.8369701987210297e-16
2025-09-20,168615.37,6485.206538461538,26,0,2025,9,38,-0.992708874098054,-0.1205366802553235,168615.37,165259.22,159806.28,160591.1,169534.08,166937.29499999998,163567.9925,165377.14,26,6485.206538461538,0,27.0,6120.711851851852,3356.149999999994,2.0308397921761907,162355.63,3356.149999999994,5452.940000000002,-784.820000000007,-8942.979999999981,0.02030839792176191,0.034122188439653325,1.010052127656675,1.030857977913986,1.0195808804046314,1678.0750000000116,5047.377500000002,3238.2299999999814,163797.66999999998,3913.304658073526,159806.28,169534.08,9727.799999999988,0.023891088671002012,-229.67749999999796,1678.0750000000116,-1.0,364.49468660968614,1.0595510286110603,0.0,3,-1.0,-1.8369701987210297e-16,-1.0,-1.8369701987210297e-16
2025-09-27,162355.63,5798.415357142857,28,1,2025,9,39,-1.0,-1.8369701987210294e-16,162355.63,168615.37,165259.22,159806.28,160591.1,165485.5,164009.125,164821.53,28,5798.415357142857,1,26.0,6485.206538461538,-6259.739999999991,-3.71243736558535,156301.95,-6259.739999999991,3356.149999999994,5452.940000000002,-784.820000000007,-0.0371243736558535,0.02030839792176191,0.9810867417387023,0.9899182743643075,0.9850389691201143,-3129.8699999999953,-1653.4949999999953,-2465.899999999994,163567.9925,3582.8982672368375,159806.28,168615.37,8809.089999999997,0.021904641687381703,441.1324999999997,-3129.8699999999953,2.0,-686.7911813186811,0.8940987958909932,0.03571428571428571,3,-1.0,-1.8369701987210297e-16,-1.0,-1.8369701987210297e-16
2025-10-04,156301.95,5788.961111111112,27,1,2025,10,40,-0.992708874098054,0.1205366802553232,156301.95,162355.63,168615.37,165259.22,159806.28,159328.79,163133.0425,163675.01499999998,27,5788.961111111112,1,28.0,5798.415357142857,-6053.679999999993,-3.7286541895713694,163465.22,-6053.679999999993,-6259.739999999991,3356.149999999994,5452.940000000002,-0.037286541895713704,-0.0371243736558535,0.9810025545289085,0.9581256353997076,0.9549530207771787,-3026.8399999999965,-6831.092499999999,-7373.064999999973,164009.125,3285.505376578311,159806.28,168615.37,8809.089999999997,0.020032454758711207,-876.0824999999968,-3026.8399999999965,-1.0,-9.454246031745242,0.9983695121081488,0.037037037037037035,4,-0.8660254037844386,0.5000000000000001,-2.4492935982947064e-16,1.0
2025-10-11,163465.22,5838.043571428571,28,1,2025,10,41,-0.970941817426052,0.2393156642875573,163465.22,156301.95,162355.63,168615.37,165259.22,159883.58500000002,162684.5425,163241.10625,28,5838.043571428571,1,27.0,5788.961111111112,7163.2699999999895,4.582969054448769,165652.04,7163.2699999999895,-6053.679999999993,-6259.739999999991,3356.149999999994,0.0458296905444877,-0.037286541895713704,1.022401517954454,1.004798719583331,1.0013729002158118,3581.63499999998,780.6774999999907,224.11374999998952,163133.0425,4523.404152777938,156301.95,168615.37,12313.419999999984,0.027728313549831192,-448.5,3581.63499999998,1.0,49.08246031745966,1.0084786301678987,0.03571428571428571,4,-0.8660254037844386,0.5000000000000001,-2.4492935982947064e-16,1.0
2025-10-18,165652.04,6135.260740740741,27,0,2025,10,42,-0.9350162426854148,0.3546048870425355,165652.04,163465.22,156301.95,162355.63,168615.37,164558.63,161943.71000000002,162755.85124999998,27,6135.260740740741,0,28.0,5838.043571428571,2186.820000000007,1.3377891639579398,165074.41,2186.820000000007,7163.2699999999895,-6053.679999999993,-6259.739999999991,0.013377891639579398,0.0458296905444877,1.006644501111853,1.0228988825808671,1.0177946828194298,1093.4100000000035,3708.329999999987,2896.1887500000303,162684.5425,4376.923652734727,156301.95,168615.37,12313.419999999984,0.026904360952023,-740.8324999999968,1093.4100000000035,-1.0,297.21716931217,1.0509104061447492,0.0,4,-0.8660254037844386,0.5000000000000001,-2.4492935982947064e-16,1.0
2025-10-25,165074.41,5502.480333333334,30,1,2025,10,43,-0.8854560256532101,0.464723172043768,165074.41,165652.04,163465.22,156301.95,162355.63,165363.225,162623.40500000003,163316.265,30,5502.480333333334,1,27.0,6135.260740740741,-577.6300000000047,-0.3487008068237521,163707.29,-577.6300000000047,2186.820000000007,7163.2699999999895,-6053.679999999993,-0.0034870080682375213,0.013377891639579398,0.9982534508503931,1.0150716620402824,1.010765278032779,-288.8150000000023,2451.0049999999756,1758.1449999999895,161943.71000000002,3466.476527145393,156301.95,165652.04,9350.089999999997,0.02140544098406411,679.6949999999997,-288.8150000000023,3.0,-632.7804074074074,0.8968616927385863,0.03333333333333333,4,-0.8660254037844386,0.5000000000000001,-2.4492935982947064e-16,1.0
2025-11-01,163707.29,5645.078965517242,29,0,2025,11,44,-0.822983865893657,0.5680647467311548,163707.29,165074.41,165652.04,163465.22,156301.95,164390.85,164474.74,163803.89125000002,29,5645.078965517242,0,30.0,5502.480333333334,-1367.1199999999951,-0.8281840898295473,165054.71,-1367.1199999999953,-577.6300000000047,2186.820000000007,7163.2699999999895,-0.008281840898295473,-0.0034870080682375213,0.9958418610281533,0.9953339339524113,0.9994102627888578,-683.5599999999977,-767.4499999999825,-96.60125000000698,162623.40500000003,3736.62619499529,156301.95,165652.04,9350.089999999997,0.022977173519366966,1851.3349999999991,-683.5599999999977,-1.0,142.5986321839082,1.0259153370017633,0.0,4,-0.5000000000000004,0.8660254037844384,-2.4492935982947064e-16,1.0
2025-11-08,165054.71,7176.2917391304345,23,1,2025,11,45,-0.7485107481711011,0.6631226582407952,165054.71,163707.29,165074.41,165652.04,163465.22,164381.0,164872.1125,163778.3275,23,7176.2917391304345,1,29.0,5645.078965517242,1347.4199999999837,0.8230665842675569,166636.51,1347.4199999999837,-1367.1199999999953,-577.6300000000047,2186.820000000007,0.008230665842675568,-0.008281840898295473,1.0040984663677675,1.0011075099192412,1.0077933540993083,673.7099999999919,182.5975000000035,1276.3824999999779,164474.74,915.6622646751377,163465.22,165652.04,2186.820000000007,0.005567190832313447,397.3724999999977,673.7099999999919,-6.0,1531.2127736131924,1.2712473612798951,0.043478260869565216,4,-0.5000000000000004,0.8660254037844384,-2.4492935982947064e-16,1.0
2025-11-15,166636.51,5951.3039285714285,28,0,2025,11,46,-0.6631226582407955,0.7485107481711007,166636.51,165054.71,163707.29,165074.41,165652.04,165845.61,165118.22999999998,163530.97,28,5951.3039285714285,0,23.0,7176.2917391304345,1581.8000000000177,0.9583489014036726,165956.94,1581.8000000000175,1347.4199999999837,-1367.1199999999953,-577.6300000000047,0.009583489014036725,0.008230665842675568,1.0047688931892742,1.0091951082566717,1.0189905312736787,790.9000000000233,1518.280000000028,3105.540000000008,164872.11250000002,714.0315972131401,163707.29,165652.04,1944.75,0.004330820939855065,246.1175000000003,790.9000000000233,5.0,-1224.987810559006,0.829300723118673,0.0,4,-0.5000000000000004,0.8660254037844384,-2.4492935982947064e-16,1.0
2025-11-22,165956.94,4881.086470588235,34,2,2025,11,47,-0.5680647467311559,0.8229838658936564,165956.94,166636.51,165054.71,163707.29,165074.41,166296.725,165338.8625,163981.13375,34,4881.086470588235,2,28.0,5951.3039285714285,-679.570000000007,-0.407815790189081,160910.47,-679.570000000007,1581.8000000000175,1347.4199999999837,-1367.1199999999953,-0.00407815790189081,0.009583489014036725,0.9979567547105933,1.003738246959332,1.0120489851778451,-339.7850000000035,618.077500000014,1975.8062499999942,165118.23,1037.0487964411325,163707.29,166636.51,2929.220000000001,0.006280643854050109,220.6324999999997,-339.7850000000035,6.0,-1070.2174579831935,0.8201709287866782,0.058823529411764705,4,-0.5000000000000004,0.8660254037844384,-2.4492935982947064e-16,1.0
2025-11-29,160910.47,6704.602916666667,24,0,2025,11,48,-0.4647231720437684,0.88545602565321,160910.47,165956.94,166636.51,165054.71,163707.29,163433.70500000002,164639.6575,164557.19875,24,6704.602916666667,0,34.0,4881.086470588235,-5046.470000000001,-3.0408309528965773,165408.1,-5046.470000000001,-679.570000000007,1581.8000000000175,1347.4199999999837,-0.030408309528965772,-0.00407815790189081,0.9845611099619872,0.9773493971220147,0.9778391417835192,-2523.235000000015,-3729.1875,-3646.7287500000093,165338.86250000002,1096.4351663772698,163707.29,166636.51,2929.220000000001,0.006631442540481187,-699.2050000000017,-2523.235000000015,-10.0,1823.5164460784317,1.3735882281672986,0.0,4,-0.5000000000000004,0.8660254037844384,-2.4492935982947064e-16,1.0
2025-12-06,165408.1,5907.432142857143,28,0,2025,12,49,-0.3546048870425359,0.9350162426854148,165408.1,160910.47,165956.94,166636.51,165054.71,163159.285,164728.005,164800.05875000003,28,5907.432142857143,0,24.0,6704.602916666667,4497.630000000005,2.7951133322772623,179198.34,4497.630000000005,-5046.470000000001,-679.570000000007,1581.8000000000175,0.027951133322772624,-0.030408309528965772,1.0137829422334133,1.0041285936778024,1.003689569376443,2248.8150000000023,680.0950000000012,608.0412499999802,164639.6575,2224.9584872236956,160910.47,166636.51,5726.040000000008,0.013514110275792426,88.34750000000349,2248.8150000000023,4.0,-797.1707738095238,0.8811009714195194,0.0,4,-2.4492935982947064e-16,1.0,-2.4492935982947064e-16,1.0
2025-12-13,179198.34,7167.9336,25,0,2025,12,50,-0.2393156642875578,0.970941817426052,179198.34,165408.1,160910.47,165956.94,166636.51,172303.22,167868.4625,166493.34625,25,7167.9336,0,28.0,5907.432142857143,13790.23999999999,8.33710078285162,180483.58,13790.23999999999,4497.630000000005,-5046.470000000001,-679.570000000007,0.0833710078285162,0.027951133322772624,1.0400173600934446,1.0674925911113293,1.076309318277036,6895.119999999995,11329.877500000002,12704.993749999994,164728.005,2246.596050389346,160910.47,166636.51,5726.040000000008,0.013638215617249453,3140.457499999997,6895.119999999995,-3.0,1260.5014571428574,1.2133755287679382,0.0,4,-2.4492935982947064e-16,1.0,-2.4492935982947064e-16,1.0
2025-12-20,180483.58,6445.842142857144,28,1,2025,12,51,-0.1205366802553236,0.992708874098054,180483.58,179198.34,165408.1,160910.47,165956.94,179840.96000000002,171500.1225,168419.4925,28,6445.842142857144,1,25.0,7167.9336,1285.2400000000198,0.7172164652864641,185785.65,1285.2399999999907,13790.23999999999,4497.630000000005,-5046.470000000001,0.007172164652864478,0.0833710078285162,1.0035732682921619,1.0523816389693832,1.071631183071045,642.6199999999662,8983.45749999999,12064.087499999994,167868.46250000002,6828.013724621437,160910.47,179198.34,18287.869999999995,0.040674785620446345,3631.659999999996,642.6199999999662,3.0,-722.0914571428566,0.8992608612972005,0.03571428571428571,4,-2.4492935982947064e-16,1.0,-2.4492935982947064e-16,1.0
2025-12-27,185785.65,5464.283823529411,34,0,2025,12,52,6.432490598706546e-16,1.0,185785.65,180483.58,179198.34,165408.1,160910.47,183134.615,177718.9175,171179.28749999998,34,5464.283823529411,0,28.0,6445.842142857144,5302.069999999978,2.937702144427752,182245.94,5302.070000000007,1285.2399999999907,13790.23999999999,4497.630000000005,0.029377021444277687,0.007172164652864478,1.0144758815803336,1.0453903985770112,1.0853278612927981,2651.0350000000035,8066.732499999984,14606.362500000017,171500.1225,8503.213209470798,160910.47,180483.58,19573.109999999986,0.049581382715751694,6218.794999999998,2651.0350000000035,6.0,-981.5583193277325,0.8477222529541107,0.0,4,-2.4492935982947064e-16,1.0,-2.4492935982947064e-16,1.0
2026-01-03,182245.94,5695.185625,32,2,2026,1,1,0.120536680255323,0.992708874098054,182245.94,185785.65,180483.58,179198.34,165408.1,184015.795,181928.3775,173328.19125,32,5695.185625,2,34.0,5464.283823529411,-3539.709999999992,-1.9052655573775437,183778.89,-3539.709999999992,5302.070000000007,1285.2399999999907,13790.23999999999,-0.019052655573775435,0.029377021444277687,0.9903820484540471,1.0017455358221947,1.0514500767918213,-1769.8550000000105,317.5625,8917.748749999999,177718.91749999998,7524.301469526502,165408.1,185785.65,20377.54999999999,0.04233821348549741,4209.459999999999,-1769.8550000000105,-2.0,230.9018014705889,1.0422565534528636,0.0625,1,0.49999999999999994,0.8660254037844387,1.0,6.123233995736766e-17
2026-01-10,183778.89,6125.963000000001,30,1,2026,1,2,0.2393156642875577,0.970941817426052,183778.89,182245.94,185785.65,180483.58,179198.34,183012.415,183073.515,175470.98875,30,6125.963000000001,1,32.0,5695.185625,1532.9500000000116,0.8411435667647859,183784.45,1532.9500000000116,-3539.709999999992,5302.070000000007,1285.2399999999907,0.008411435667647859,-0.019052655573775435,1.004188103850769,1.0038529603804243,1.0473462953003394,766.4750000000058,705.375,8307.901250000024,181928.37749999997,2475.880734611171,179198.34,185785.65,6587.309999999998,0.013609095890558203,1145.1375000000044,766.4750000000058,-2.0,430.7773750000006,1.0756388647121577,0.03333333333333333,1,0.49999999999999994,0.8660254037844387,1.0,6.123233995736766e-17
2026-01-17,183784.45,7657.685416666667,24,0,2026,1,3,0.3546048870425356,0.9350162426854148,183784.45,183778.89,182245.94,185785.65,180483.58,183781.67,183898.7325,177699.4275,24,7657.685416666667,0,30.0,6125.963000000001,5.559999999997672,0.0030253746771447,174663.36,5.559999999997672,1532.9500000000116,-3539.709999999992,5302.070000000007,3.0253746771447316e-05,0.008411435667647859,1.000015126644567,0.9993785574351362,1.03424334329946,2.779999999998836,-114.28250000000116,6085.022500000021,183073.51499999998,1952.2982503769788,180483.58,185785.65,5302.070000000007,0.010664012489064728,825.2175000000061,2.779999999998836,-6.0,1531.7224166666665,1.2500378171834643,0.0,1,0.49999999999999994,0.8660254037844387,1.0,6.123233995736766e-17
2026-01-24,174663.36,6986.5344,25,0,2026,1,4,0.4647231720437685,0.8854560256532099,174663.36,183784.45,183778.89,182245.94,185785.65,179223.905,181118.16,179418.53875,25,6986.5344,0,24.0,7657.685416666667,-9121.090000000026,-4.962928038797638,172774.13,-9121.090000000026,5.559999999997672,1532.9500000000116,-3539.709999999992,-0.04962928038797638,3.0253746771447316e-05,0.9745539246006273,0.9643613870635611,0.9734967256832593,-4560.545000000013,-6454.8000000000175,-4755.178750000021,183898.7325,1256.941070066032,182245.94,185785.65,3539.709999999992,0.006834963204904263,-2780.572500000002,-4560.545000000013,1.0,-671.1510166666676,0.9123558908275426,0.0,1,0.49999999999999994,0.8660254037844387,1.0,6.123233995736766e-17
2026-01-31,172774.13,5759.1376666666665,30,0,2026,1,5,0.5680647467311558,0.8229838658936564,172774.13,174663.36,183784.45,183778.89,182245.94,173718.745,178750.2075,180339.2925,30,5759.1376666666665,0,25.0,6986.5344,-1889.2299999999811,-1.0816407058698412,177609.87,-1889.2299999999814,-9121.090000000026,5.559999999997672,1532.9500000000116,-0.01081640705869841,-0.04962928038797638,0.9945623887623641,0.9665674374112266,0.9580503927062928,-944.6149999999907,-5976.077499999985,-7565.162500000006,181118.15999999997,3779.051377839428,174663.36,183784.45,9121.090000000026,0.020865115777674796,-2367.9524999999994,-944.6149999999907,5.0,-1227.396733333333,0.824319660784418,0.0,1,0.49999999999999994,0.8660254037844387,1.0,6.123233995736766e-17
2026-02-07,177609.87,6578.143333333333,27,0,2026,2,6,0.6631226582407952,0.7485107481711011,177609.87,172774.13,174663.36,183784.45,183778.89,175192.0,177207.95249999998,180140.73375,27,6578.143333333333,0,30.0,5759.1376666666665,4835.739999999991,2.7988796702376626,180108.22,4835.739999999991,-1889.2299999999814,-9121.090000000026,5.559999999997672,0.027988796702376625,-0.01081640705869841,1.0138012580483127,1.0022680556618926,0.9859506303915007,2417.8699999999953,401.9175000000105,-2530.8637500000186,178750.2075,5075.60513655454,172774.13,183784.45,11010.320000000007,0.028394960808952013,-1542.2550000000047,2417.8699999999953,-3.0,819.0056666666669,1.142209774113752,0.0,1,0.8660254037844386,0.5000000000000001,1.0,6.123233995736766e-17
2026-02-14,180108.22,5457.824848484848,33,0,2026,2,7,0.7485107481711011,0.6631226582407953,180108.22,177609.87,172774.13,174663.36,183784.45,178859.04499999998,176288.895,180093.81375,33,5457.824848484848,0,27.0,6578.143333333333,2498.350000000006,1.4066504299564015,183623.7,2498.350000000006,4835.739999999991,-1889.2299999999814,-9121.090000000026,0.014066504299564016,0.027988796702376625,1.006984130995444,1.0216651479947163,1.0000799930308544,1249.1750000000175,3819.3250000000116,14.40625,177207.9525,4169.699929157828,172774.13,183784.45,11010.320000000007,0.023529981980677912,-919.0575000000026,1249.1750000000175,6.0,-1120.3184848484852,0.8296907762450978,0.0,1,0.8660254037844386,0.5000000000000001,1.0,6.123233995736766e-17
2026-02-21,183623.7,6120.79,30,1,2026,2,8,0.8229838658936564,0.5680647467311559,183623.7,180108.22,177609.87,172774.13,174663.36,181865.96,178528.98,179823.56999999998,30,6120.79,1,33.0,5457.824848484848,3515.4800000000105,1.9518709362626596,177380.46,3515.4800000000105,2498.350000000006,4835.739999999991,-1889.2299999999814,0.019518709362626594,0.014066504299564016,1.009665030223358,1.028537215638604,1.0211325467512409,1757.7400000000198,5094.720000000001,3800.1300000000338,176288.895,2798.5780071180798,172774.13,180108.22,7334.0899999999965,0.015874953479730416,2240.0850000000064,1757.7400000000198,-3.0,662.9651515151518,1.1214705802988894,0.03333333333333333,1,0.8660254037844386,0.5000000000000001,1.0,6.123233995736766e-17
2026-02-28,177380.46,6569.6466666666665,27,1,2026,2,9,0.8854560256532099,0.4647231720437686,177380.46,183623.7,180108.22,177609.87,172774.13,180502.08,179680.5625,179215.385,27,6569.6466666666665,1,30.0,6120.79,-6243.24000000002,-3.400018625046777,176902.76,-6243.24000000002,3515.4800000000105,2498.350000000006,4835.739999999991,-0.03400018625046777,0.019518709362626594,0.9827059056604778,0.9871989353328076,0.9897613421972672,-3121.6199999999953,-2300.102500000008,-1834.9250000000175,178528.98,3950.102295213381,172774.13,183623.7,10849.570000000007,0.02212583242907331,1151.5824999999968,-3121.6199999999953,-3.0,448.85666666666657,1.0733331263883692,0.037037037037037035,1,0.8660254037844386,0.5000000000000001,1.0,6.123233995736766e-17
2026-03-07,176902.76,5706.540645161291,31,1,2026,3,10,0.9350162426854148,0.3546048870425355,176902.76,177380.46,183623.7,180108.22,177609.87,177141.61,179503.785,178355.86875000002,31,5706.540645161291,1,27.0,6569.6466666666665,-477.69999999998254,-0.2693081301063164,173521.67,-477.69999999998254,-6243.24000000002,3515.4800000000105,2498.350000000006,-0.0026930813010631644,-0.03400018625046777,0.9986516437329435,0.9855099155708611,0.9918527561768274,-238.84999999997672,-2601.024999999994,-1453.108750000014,179680.5625,2515.4255714130736,177380.46,183623.7,6243.24000000002,0.013999430636316455,-176.7774999999965,-238.84999999997672,4.0,-863.1060215053758,0.8686221549958482,0.03225806451612903,1,1.0,6.123233995736766e-17,1.0,6.123233995736766e-17
2026-03-14,173521.67,6673.910384615385,26,1,2026,3,11,0.970941817426052,0.239315664287558,173521.67,176902.76,177380.46,183623.7,180108.22,175212.21500000003,177857.14750000002,177073.02125,26,6673.910384615385,1,31.0,5706.540645161291,-3381.0899999999965,-1.9112703498803505,169166.55,-3381.0899999999965,-477.69999999998254,-6243.24000000002,3515.4800000000105,-0.019112703498803504,-0.0026930813010631644,0.9903514432484058,0.9756238219214665,0.9799441426766756,-1690.5450000000128,-4335.477500000008,-3551.351249999978,179503.78499999997,2674.5504941344857,176902.76,183623.7,6720.940000000002,0.0148996885727757,-1646.637499999997,-1690.5450000000128,-5.0,967.3697394540941,1.1695194689052726,0.038461538461538464,1,1.0,6.123233995736766e-17,1.0,6.123233995736766e-17
2026-03-21,169166.55,5833.329310344827,29,0,2026,3,12,0.992708874098054,0.120536680255323,169166.55,173521.67,176902.76,177380.46,183623.7,171344.11,174242.86,176385.92,29,5833.329310344827,0,26.0,6673.910384615385,-4355.120000000024,-2.509842142482852,167154.26,-4355.120000000024,-3381.0899999999965,-477.69999999998254,-6243.24000000002,-0.02509842142482852,-0.019112703498803504,0.9872913051986438,0.9708664676417731,0.9590705992859293,-2177.5599999999977,-5076.309999999998,-7219.370000000024,177857.14750000002,3646.490756915305,173521.67,183623.7,10102.029999999999,0.020502357134201225,-3614.287500000006,-2177.5599999999977,3.0,-840.581074270558,0.8740496911363607,0.0,1,1.0,6.123233995736766e-17,1.0,6.123233995736766e-17
2026-03-28,167154.26,5392.072903225807,31,1,2026,3,13,1.0,-1.6081226496766366e-16,167154.26,169166.55,173521.67,176902.76,177380.46,168160.405,171686.31,175683.43625,31,5392.072903225807,1,29.0,5833.329310344827,-2012.289999999979,-1.1895318548495428,167035.16999999998,-2012.289999999979,-4355.120000000024,-3381.0899999999965,-477.69999999998254,-0.011895318548495428,-0.02509842142482852,0.9940167544196864,0.9736027293032276,0.9514514490833225,-1006.1449999999895,-4532.049999999988,-8529.17624999999,174242.86,3286.663962219141,169166.55,177380.46,8213.910000000003,0.018862546001707853,-2556.5499999999956,-1006.1449999999895,2.0,-441.25640711901997,0.9243559923256012,0.03225806451612903,1,1.0,6.123233995736766e-17,1.0,6.123233995736766e-17
2026-04-04,167035.16999999998,5965.541785714285,28,0,2026,4,14,0.992708874098054,-0.1205366802553228,167035.16999999998,167154.26,169166.55,173521.67,176902.76,167094.715,169219.4125,174361.59875,28,5965.541785714285,0,31.0,5392.072903225807,-119.0900000000256,-0.0712455668195507,179827.27,-119.09000000002561,-2012.289999999979,-4355.120000000024,-3381.0899999999965,-0.0007124556681955076,-0.011895318548495428,0.9996436452224117,0.9870922462870504,0.9579814087360792,-59.545000000012806,-2184.242500000022,-7326.428750000021,171686.31,3790.401185633261,167154.26,176902.76,9748.5,0.022077480642651477,-2466.8975000000064,-59.545000000012806,-3.0,573.4688824884779,1.1063540669387835,0.0,2,0.8660254037844387,-0.4999999999999998,1.2246467991473532e-16,-1.0
2026-04-11,179827.27,5994.242333333333,30,0,2026,4,15,0.970941817426052,-0.2393156642875575,179827.27,167035.16999999998,167154.26,169166.55,173521.67,173431.21999999997,170795.8125,174326.48,30,5994.242333333333,0,28.0,5965.541785714285,12792.100000000006,7.658327285205868,188524.22,12792.100000000006,-119.09000000002561,-2012.289999999979,-4355.120000000024,0.07658327285205868,-0.0007124556681955076,1.0368794614948798,1.05287868225692,1.0315545291799615,6396.0500000000175,9031.45749999999,5500.789999999979,169219.4125,2624.3086797895526,167035.16999999998,173521.67,6486.500000000029,0.015508319293979066,1576.3999999999942,6396.0500000000175,2.0,28.70054761904794,1.0048110546619216,0.0,2,0.8660254037844387,-0.4999999999999998,1.2246467991473532e-16,-1.0
2026-04-18,188524.22,7250.931538461538,26,0,2026,4,16,0.9350162426854148,-0.3546048870425354,188524.22,179827.27,167035.16999999998,167154.26,169166.55,184175.745,175635.23,174939.045,26,7250.931538461538,0,30.0,5994.242333333333,8696.950000000012,4.83627983675669,189548.37,8696.950000000012,12792.100000000006,-119.09000000002561,-2012.289999999979,0.0483627983675669,0.07658327285205868,1.0236104651022315,1.0733849922934027,1.0776566203388156,4348.475000000006,12888.98999999999,13585.174999999988,170795.8125,5282.638012661735,167035.16999999998,179827.27,12792.100000000006,0.030929552284320407,4839.417500000003,4348.475000000006,-4.0,1256.6892051282057,1.209649382731808,0.0,2,0.8660254037844387,-0.4999999999999998,1.2246467991473532e-16,-1.0
2026-04-25,189548.37,7020.31,27,0,2026,4,17,0.8854560256532099,-0.4647231720437685,189548.37,188524.22,179827.27,167035.16999999998,167154.26,189036.295,181233.7575,176460.03374999997,27,7020.31,0,26.0,7250.931538461538,1024.1499999999942,0.5432458492601079,194267.35,1024.1499999999942,8696.950000000012,12792.100000000006,-119.09000000002561,0.005432458492601079,0.0483627983675669,1.0027088713307675,1.0458778354247829,1.0741716748651593,512.0749999999825,8314.612499999988,13088.336250000022,175635.22999999998,9077.267577941615,167035.16999999998,188524.22,21489.050000000017,0.05168249888101388,5598.5274999999965,512.0749999999825,1.0,-230.62153846153797,0.9681942192891715,0.0,2,0.8660254037844387,-0.4999999999999998,1.2246467991473532e-16,-1.0
2026-05-02,194267.35,6475.578333333334,30,1,2026,5,18,0.8229838658936565,-0.5680647467311557,194267.35,189548.37,188524.22,179827.27,167035.16999999998,191907.86,188041.8025,178630.60749999998,30,6475.578333333334,1,27.0,7020.31,4718.9800000000105,2.489591443070711,191257.78,4718.9800000000105,1024.1499999999942,8696.950000000012,12792.100000000006,0.02489591443070711,0.005432458492601079,1.0122949106930796,1.0331072528407614,1.087536748146591,2359.49000000002,6225.547500000015,15636.742500000022,181233.7575,9025.8201645595,167035.16999999998,189548.37,22513.20000000001,0.049802091448440555,6808.0450000000055,2359.49000000002,3.0,-544.7316666666666,0.9224063229876364,0.03333333333333333,2,0.49999999999999994,-0.8660254037844387,1.2246467991473532e-16,-1.0
2026-05-09,191257.78,5625.228823529412,34,1,2026,5,19,0.7485107481711013,-0.663122658240795,191257.78,194267.35,189548.37,188524.22,179827.27,192762.565,190899.43,180847.62125,34,5625.228823529412,1,30.0,6475.578333333334,-3009.570000000007,-1.5491898149637635,197627.7,-3009.570000000007,4718.9800000000105,1024.1499999999942,8696.950000000012,-0.015491898149637636,0.02489591443070711,0.992193582815211,1.0018771664221313,1.0575631500046618,-1504.7850000000035,358.3500000000058,10410.158750000002,188041.8025,5213.886701508655,179827.27,194267.35,14440.080000000016,0.027727274638885975,2857.6275000000023,-1504.7850000000035,4.0,-850.349509803922,0.8686836192797315,0.029411764705882353,2,0.49999999999999994,-0.8660254037844387,1.2246467991473532e-16,-1.0
2026-05-16,197627.7,6375.087096774194,31,1,2026,5,20,0.6631226582407952,-0.7485107481711012,197627.7,191257.78,194267.35,189548.37,188524.22,194442.74,193175.3,184405.265,31,6375.087096774194,1,34.0,5625.228823529412,6369.920000000013,3.3305416386198843,192430.2,6369.920000000013,-3009.570000000007,4718.9800000000105,1024.1499999999942,0.03330541638619884,-0.015491898149637636,1.0163799378675697,1.0230484953304073,1.0717031316866144,3184.960000000021,4452.400000000023,13222.434999999998,190899.43,2175.9070244727855,188524.22,194267.35,5743.130000000005,0.011398185025868257,2275.8700000000026,3184.960000000021,-3.0,749.8582732447821,1.1333027147461536,0.03225806451612903,2,0.49999999999999994,-0.8660254037844387,1.2246467991473532e-16,-1.0
2026-05-23,192430.2,7697.208,25,0,2026,5,21,0.5680647467311558,-0.8229838658936564,192430.2,197627.7,191257.78,194267.35,189548.37,195028.95,193895.7575,187564.7575,25,7697.208,0,31.0,6375.087096774194,-5197.5,-2.62994509372927,181691.05,-5197.5,6369.920000000013,-3009.570000000007,4718.9800000000105,-0.026299450937292697,0.03330541638619884,0.9866750551648871,0.9924415184793304,1.0259400676590325,-2598.75,-1465.5574999999953,4865.442500000005,193175.3,3076.034100014179,189548.37,197627.7,8079.330000000016,0.015923537326015175,720.4575000000041,-2598.75,-6.0,1322.1209032258057,1.207388680837757,0.0,2,0.49999999999999994,-0.8660254037844387,1.2246467991473532e-16,-1.0
2026-05-30,181691.05,6265.208620689655,29,0,2026,5,22,0.464723172043769,-0.8854560256532096,181691.05,192430.2,197627.7,191257.78,194267.35,187060.625,190751.6825,189396.7425,29,6265.208620689655,0,25.0,7697.208,-10739.150000000023,-5.580802805380872,173019.0,-10739.150000000023,-5197.5,6369.920000000013,-3009.570000000007,-0.05580802805380872,-0.026299450937292697,0.9712950012863476,0.9525003796493381,0.9593145457609968,-5369.575000000012,-9060.632500000007,-7705.692500000005,193895.7575,2406.878678167798,191257.78,197627.7,6369.920000000013,0.012413261172915545,-3144.0750000000044,-5369.575000000012,4.0,-1431.999379310345,0.8139585965053374,0.0,2,0.49999999999999994,-0.8660254037844387,1.2246467991473532e-16,-1.0
2026-06-06,173019.0,5966.172413793103,29,0,2026,6,23,0.3546048870425358,-0.9350162426854148,173019.0,181691.05,192430.2,197627.7,191257.78,177355.025,186191.9875,188545.70875,29,5966.172413793103,0,29.0,6265.208620689655,-8672.049999999988,-4.772964876365671,178040.84,-8672.049999999988,-10739.150000000023,-5197.5,6369.920000000013,-0.04772964876365671,-0.05580802805380872,0.9755517217513291,0.9292505135324366,0.9176501610514645,-4336.024999999994,-13172.987499999988,-15526.70874999999,190751.6825,5754.307813231653,181691.05,197627.7,15936.650000000023,0.030166485232609435,-4559.695,-4336.024999999994,0.0,-299.03620689655145,0.9522703512363433,0.0,2,1.2246467991473532e-16,-1.0,1.2246467991473532e-16,-1.0
2026-06-13,178040.84,6358.601428571428,28,1,2026,6,24,0.2393156642875576,-0.970941817426052,178040.84,173019.0,181691.05,192430.2,197627.7,175529.91999999998,181295.2725,187235.28625,28,6358.601428571428,1,29.0,5966.172413793103,5021.8399999999965,2.9024789185002784,176724.74,5021.8399999999965,-8672.049999999988,-10739.150000000023,-5197.5,0.029024789185002783,-0.04772964876365671,1.014304797723374,0.9820489941346926,0.9508936246252033,2510.920000000013,-3254.4324999999953,-9194.446250000008,186191.9875,9532.534469277773,173019.0,197627.7,24608.70000000001,0.05119733989239345,-4896.715000000004,2510.920000000013,-1.0,392.4290147783249,1.0657756745130387,0.03571428571428571,2,1.2246467991473532e-16,-1.0,1.2246467991473532e-16,-1.0
2026-06-20,176724.74,5049.278285714286,35,2,2026,6,25,0.120536680255323,-0.992708874098054,176724.74,178040.84,173019.0,181691.05,192430.2,177382.78999999998,177368.90749999997,185632.3325,35,5049.278285714286,2,28.0,6358.601428571428,-1316.1000000000058,-0.7392124189034414,176864.85,-1316.1000000000058,5021.8399999999965,-8672.049999999988,-10739.150000000023,-0.007392124189034414,0.029024789185002783,0.9962902263517223,0.9963682050643516,0.9520148651905778,-658.0499999999884,-644.1674999999814,-8907.592499999999,181295.27249999996,7127.96022104282,173019.0,192430.2,19411.20000000001,0.039316856544303,-3926.3650000000052,-658.0499999999884,7.0,-1309.3231428571426,0.7940863006487725,0.05714285714285714,2,1.2246467991473532e-16,-1.0,1.2246467991473532e-16,-1.0
2026-06-27,176864.85,4912.9125,36,1,2026,6,26,-3.216245299353273e-16,-1.0,176864.85,176724.74,178040.84,173019.0,181691.05,176794.79499999998,176162.3575,183457.02,36,4912.9125,1,35.0,5049.278285714286,140.11000000001513,0.0792814859990826,174825.33,140.11000000001513,-1316.1000000000058,5021.8399999999965,-8672.049999999988,0.000792814859990826,-0.007392124189034414,1.0003962503534112,1.0039877560108152,0.9640669514854215,70.05500000002212,702.492499999993,-6592.169999999984,177368.90749999997,3101.1713956775634,173019.0,181691.05,8672.049999999988,0.017484301162973358,-1206.5499999999956,70.05500000002212,1.0,-136.36578571428527,0.9729930144472133,0.027777777777777776,2,1.2246467991473532e-16,-1.0,1.2246467991473532e-16,-1.0
2026-07-04,174825.33,6028.4596551724135,29,0,2026,7,27,-0.1205366802553228,-0.992708874098054,174825.33,176864.85,176724.74,178040.84,173019.0,175845.09,176613.94,181402.96375,29,6028.4596551724135,0,36.0,4912.9125,-2039.5200000000184,-1.1531516861603754,177435.19,-2039.5200000000186,140.11000000001513,-1316.1000000000058,5021.8399999999965,-0.011531516861603754,0.000792814859990826,0.9942008048106432,0.9898727699523604,0.9637402079104674,-1019.7600000000093,-1788.6100000000151,-6577.633750000008,176162.35749999998,1885.415250314568,173019.0,178040.84,5021.8399999999965,0.010702713548293472,451.5824999999968,-1019.7600000000093,-7.0,1115.547155172413,1.2270643238959402,0.0,3,-0.4999999999999997,-0.8660254037844388,-1.0,-1.8369701987210297e-16
2026-07-11,177435.19,5723.715806451613,31,2,2026,7,28,-0.2393156642875574,-0.970941817426052,177435.19,174825.33,176864.85,176724.74,178040.84,176130.26,176462.52749999997,178878.9,31,5723.715806451613,2,29.0,6028.4596551724135,2609.860000000015,1.492838594956472,174065.14,2609.860000000015,-2039.5200000000186,140.11000000001513,-1316.1000000000058,0.01492838594956472,-0.011531516861603754,1.0074088915783126,1.0055120059413183,0.991929120762706,1304.929999999993,972.6625000000349,-1443.7099999999919,176613.93999999997,1152.215454049289,174825.33,178040.84,3215.5100000000093,0.006523921350994656,-151.41249999999854,1304.929999999993,2.0,-304.7438487208001,0.9494491352431412,0.06451612903225806,3,-0.4999999999999997,-0.8660254037844388,-1.0,-1.8369701987210297e-16
2026-07-18,174065.14,7568.049565217392,23,1,2026,7,29,-0.3546048870425356,-0.9350162426854148,174065.14,177435.19,174825.33,176864.85,176724.74,175750.165,175797.6275,176583.26750000002,23,7568.049565217392,1,31.0,5723.715806451613,-3370.0499999999884,-1.899313208388927,167157.52,-3370.0499999999884,2609.860000000015,-2039.5200000000186,140.11000000001513,-0.01899313208388927,0.01492838594956472,0.9904123845346035,0.9901449893002681,0.9857397162502953,-1685.0249999999942,-1732.4874999999884,-2518.1275000000023,176462.5275,981.9759139198688,174825.33,177435.19,2609.860000000015,0.005564784364317058,-664.8999999999942,-1685.0249999999942,-8.0,1844.3337587657788,1.322226648060845,0.043478260869565216,3,-0.4999999999999997,-0.8660254037844388,-1.0,-1.8369701987210297e-16
2026-07-25,167157.52,5065.379393939394,33,0,2026,7,30,-0.464723172043768,-0.8854560256532101,167157.52,174065.14,177435.19,174825.33,176864.85,170611.33000000002,173370.79499999998,174766.57625,33,5065.379393939394,0,23.0,7568.049565217392,-6907.620000000024,-3.9684109063997672,164424.05000000002,-6907.620000000024,-3370.0499999999884,2609.860000000015,-2039.5200000000186,-0.03968410906399767,-0.01899313208388927,0.9797562682384574,0.9641619281955764,0.9564616048831017,-3453.810000000027,-6213.274999999994,-7609.056250000023,175797.6275,1393.5072812937683,174065.14,177435.19,3370.0499999999884,0.00792676955378006,-2426.832500000004,-3453.810000000027,10.0,-2502.6701712779986,0.6693110755008501,0.0,3,-0.4999999999999997,-0.8660254037844388,-1.0,-1.8369701987210297e-16
