transaction_id,amount,category,merchant,payment_method,location,is_fraud,year,month,day,is_weekend,category_avg_amount,merchant_frequency,payment_impact
1,18434,4,6,2,2,0,2026,5,22,0,32658.61914460285,120,1.5
2,16484,1,12,0,1,0,2026,2,6,1,10122.828092243186,155,1.0
3,15511,0,9,2,0,0,2026,1,2,0,13011.339658444023,183,1.5
4,19729,0,5,2,4,1,2026,5,28,0,13011.339658444023,171,1.5
5,33675,4,0,1,2,0,2026,4,15,0,32658.61914460285,115,1.2
6,6942,3,13,1,2,0,2026,5,14,0,22062.8625,172,1.2
7,39604,4,17,2,3,0,2026,3,8,0,32658.61914460285,128,1.5
8,20342,3,13,1,2,0,2026,5,21,0,22062.8625,172,1.2
9,2575,0,20,2,2,0,2026,1,14,0,13011.339658444023,173,1.5
10,57430,4,17,2,3,1,2026,5,25,0,32658.61914460285,128,1.5
11,6992,2,2,2,3,0,2026,6,29,0,4294.937037037037,125,1.5
12,7772,2,2,0,3,0,2026,4,1,0,4294.937037037037,125,1.0
13,16733,3,13,1,3,0,2026,2,7,0,22062.8625,172,1.2
14,36715,4,0,0,4,0,2026,1,16,0,32658.61914460285,115,1.0
15,7127,3,8,1,2,0,2026,5,19,0,22062.8625,142,1.2
16,13402,1,12,2,3,0,2026,6,11,0,10122.828092243186,155,1.5
17,12805,1,3,1,4,0,2026,6,10,0,10122.828092243186,182,1.2
18,25247,3,8,2,0,0,2026,1,17,0,22062.8625,142,1.5
19,47523,4,17,1,0,0,2026,4,29,0,32658.61914460285,128,1.2
20,14040,1,12,2,2,0,2026,1,23,0,10122.828092243186,155,1.5
21,22744,0,9,0,0,0,2026,3,7,0,13011.339658444023,183,1.0
22,14580,1,7,0,4,0,2026,6,26,0,10122.828092243186,140,1.0
23,16953,4,6,2,3,0,2026,4,28,0,32658.61914460285,120,1.5
24,8217,4,6,1,1,0,2026,2,19,0,32658.61914460285,120,1.2
25,7293,0,9,2,2,0,2026,2,22,0,13011.339658444023,183,1.5
26,11583,3,13,2,0,0,2026,1,5,1,22062.8625,172,1.5
27,20412,3,8,2,4,0,2026,6,26,0,22062.8625,142,1.5
28,7720,5,19,2,2,0,2026,4,26,0,4090.480412371134,120,1.5
29,12055,0,5,2,2,0,2026,3,20,0,13011.339658444023,171,1.5
30,12340,0,9,0,2,0,2026,4,3,0,13011.339658444023,183,1.0
31,36324,3,13,2,0,0,2026,4,29,0,22062.8625,172,1.5
32,1427,2,16,2,0,0,2026,6,12,0,4294.937037037037,140,1.5
33,8913,3,11,0,3,0,2026,2,22,0,22062.8625,166,1.0
34,34621,4,6,2,4,1,2026,2,1,0,32658.61914460285,120,1.5
35,3937,1,3,0,2,0,2026,6,6,1,10122.828092243186,182,1.0
36,36431,3,13,2,1,0,2026,2,28,0,22062.8625,172,1.5
37,4688,5,18,1,4,0,2026,6,27,0,4090.480412371134,122,1.2
38,10689,3,8,0,4,0,2026,3,18,0,22062.8625,142,1.0
39,21593,3,11,1,4,0,2026,6,27,0,22062.8625,166,1.2
40,19405,0,9,0,1,0,2026,1,7,0,13011.339658444023,183,1.0
41,14156,3,11,1,3,0,2026,5,22,0,22062.8625,166,1.2
42,6333,2,10,1,1,0,2026,3,14,0,4294.937037037037,116,1.2
43,5860,0,20,2,0,0,2026,6,27,0,13011.339658444023,173,1.5
44,10741,0,5,2,2,0,2026,3,7,0,13011.339658444023,171,1.5
45,17852,1,3,2,4,0,2026,3,25,0,10122.828092243186,182,1.5
46,5269,5,19,2,1,0,2026,2,7,0,4090.480412371134,120,1.5
47,1762,2,16,1,2,0,2026,2,15,0,4294.937037037037,140,1.2
48,1360,1,12,2,0,0,2026,5,11,0,10122.828092243186,155,1.5
49,4335,0,9,0,2,0,2026,5,15,0,13011.339658444023,183,1.0
50,30786,3,13,0,0,0,2026,3,15,0,22062.8625,172,1.0
51,6335,5,14,2,4,0,2026,2,12,0,4090.480412371134,121,1.5
52,6982,2,2,2,4,0,2026,1,2,0,4294.937037037037,125,1.5
53,6936,5,18,2,4,0,2026,2,22,0,4090.480412371134,122,1.5
54,3480,2,2,2,2,0,2026,1,23,0,4294.937037037037,125,1.5
55,29508,3,8,1,0,0,2026,4,29,0,22062.8625,142,1.2
56,32870,4,4,0,0,0,2026,4,24,0,32658.61914460285,128,1.0
57,543,2,16,1,3,1,2026,4,6,1,4294.937037037037,140,1.2
58,20728,4,4,0,1,0,2026,3,28,0,32658.61914460285,128,1.0
59,16937,0,20,0,3,0,2026,6,25,0,13011.339658444023,173,1.0
60,42813,4,4,1,2,0,2026,2,25,0,32658.61914460285,128,1.2
61,34205,3,13,0,4,0,2026,4,16,0,22062.8625,172,1.0
62,6796,5,1,0,3,0,2026,1,5,1,4090.480412371134,122,1.0
63,9309,1,12,2,0,0,2026,6,27,0,10122.828092243186,155,1.5
64,12941,0,9,2,0,0,2026,5,31,0,13011.339658444023,183,1.5
65,36473,3,11,1,4,0,2026,2,2,0,22062.8625,166,1.2
66,32315,3,8,1,2,0,2026,6,27,0,22062.8625,142,1.2
67,1901,1,7,1,4,0,2026,4,4,0,10122.828092243186,140,1.2
68,8250,1,12,1,0,0,2026,5,9,0,10122.828092243186,155,1.2
69,24990,3,13,0,4,0,2026,2,15,0,22062.8625,172,1.0
70,6543,5,19,2,1,0,2026,5,15,0,4090.480412371134,120,1.5
71,4196,2,2,0,4,0,2026,5,2,0,4294.937037037037,125,1.0
72,9566,3,8,0,0,0,2026,1,29,0,22062.8625,142,1.0
73,2753,1,3,2,1,0,2026,4,1,0,10122.828092243186,182,1.5
74,5286,0,20,0,0,0,2026,5,14,0,13011.339658444023,173,1.0
75,7726,5,19,2,1,1,2026,2,23,0,4090.480412371134,120,1.5
76,10846,4,17,1,0,0,2026,4,14,0,32658.61914460285,128,1.2
77,16036,3,11,2,1,0,2026,5,28,0,22062.8625,166,1.5
78,13481,1,3,1,2,0,2026,6,8,0,10122.828092243186,182,1.2
79,6032,2,15,2,0,0,2026,4,16,0,4294.937037037037,159,1.5
80,15652,4,6,1,2,0,2026,3,21,0,32658.61914460285,120,1.2
81,11797,1,3,2,4,0,2026,1,26,0,10122.828092243186,182,1.5
82,5011,5,19,2,1,0,2026,1,8,0,4090.480412371134,120,1.5
83,2670,5,1,0,4,0,2026,5,13,0,4090.480412371134,122,1.0
84,3765,1,12,1,1,0,2026,1,29,0,10122.828092243186,155,1.2
85,2464,5,14,0,0,0,2026,3,28,0,4090.480412371134,121,1.0
86,6662,2,15,0,3,0,2026,3,16,0,4294.937037037037,159,1.0
87,4972,5,1,1,1,0,2026,6,12,0,4090.480412371134,122,1.2
88,7974,1,7,2,0,0,2026,3,28,0,10122.828092243186,140,1.5
89,11809,4,4,2,0,0,2026,2,23,0,32658.61914460285,128,1.5
90,1742,2,10,2,2,0,2026,1,20,0,4294.937037037037,116,1.5
91,9414,0,20,2,4,0,2026,2,5,1,13011.339658444023,173,1.5
92,3136,1,12,2,0,0,2026,4,27,0,10122.828092243186,155,1.5
93,1122,5,14,2,3,0,2026,5,1,0,4090.480412371134,121,1.5
94,9926,0,20,2,0,0,2026,6,8,0,13011.339658444023,173,1.5
95,9921,3,8,2,0,0,2026,2,24,0,22062.8625,142,1.5
96,5253,2,16,2,3,0,2026,5,22,0,4294.937037037037,140,1.5
97,3646,2,2,1,0,0,2026,5,29,0,4294.937037037037,125,1.2
98,841,5,1,0,1,0,2026,1,19,0,4090.480412371134,122,1.0
99,6686,4,6,2,1,0,2026,6,3,0,32658.61914460285,120,1.5
100,4541,0,5,0,3,0,2026,3,22,0,13011.339658444023,171,1.0
101,3080,5,1,2,3,0,2026,2,27,0,4090.480412371134,122,1.5
102,19094,4,17,2,3,0,2026,4,27,0,32658.61914460285,128,1.5
103,9925,1,3,0,3,0,2026,3,8,0,10122.828092243186,182,1.0
104,2161,5,14,1,1,0,2026,2,8,0,4090.480412371134,121,1.2
105,7227,5,1,2,3,0,2026,5,16,0,4090.480412371134,122,1.5
106,46864,4,6,2,3,0,2026,4,10,0,32658.61914460285,120,1.5
107,5669,4,6,1,1,0,2026,3,2,0,32658.61914460285,120,1.2
108,6231,2,16,1,2,0,2026,4,30,0,4294.937037037037,140,1.2
109,34597,4,4,1,4,0,2026,4,23,0,32658.61914460285,128,1.2
110,2066,5,19,0,3,0,2026,1,7,0,4090.480412371134,120,1.0
111,6277,1,12,2,3,1,2026,2,20,0,10122.828092243186,155,1.5
112,15259,0,5,0,2,0,2026,6,5,1,13011.339658444023,171,1.0
113,5448,1,3,2,3,0,2026,5,10,0,10122.828092243186,182,1.5
114,17270,4,4,0,3,0,2026,5,17,0,32658.61914460285,128,1.0
115,51156,4,4,0,4,0,2026,3,15,0,32658.61914460285,128,1.0
116,18681,0,20,0,4,0,2026,6,19,0,13011.339658444023,173,1.0
117,6307,2,2,1,4,0,2026,1,19,0,4294.937037037037,125,1.2
118,5532,2,16,2,1,0,2026,1,15,0,4294.937037037037,140,1.5
119,1797,2,10,0,4,0,2026,4,11,0,4294.937037037037,116,1.0
120,41258,4,17,2,0,0,2026,6,4,0,32658.61914460285,128,1.5
121,4700,2,16,1,2,0,2026,5,20,0,4294.937037037037,140,1.2
122,11034,3,8,0,0,0,2026,5,8,0,22062.8625,142,1.0
123,3950,5,19,1,3,0,2026,6,9,0,4090.480412371134,120,1.2
124,587,2,15,1,0,0,2026,1,2,0,4294.937037037037,159,1.2
125,2010,1,12,2,0,0,2026,1,19,0,10122.828092243186,155,1.5
126,2799,2,16,1,2,0,2026,4,26,0,4294.937037037037,140,1.2
127,6135,0,20,1,3,0,2026,6,6,1,13011.339658444023,173,1.2
128,5247,0,20,1,2,0,2026,1,26,0,13011.339658444023,173,1.2
129,58254,4,4,0,0,0,2026,5,26,0,32658.61914460285,128,1.0
130,6125,2,10,1,1,0,2026,3,24,0,4294.937037037037,116,1.2
131,4365,5,1,2,1,0,2026,1,6,1,4090.480412371134,122,1.5
132,20221,0,5,2,4,0,2026,3,31,0,13011.339658444023,171,1.5
133,10166,3,11,2,2,1,2026,3,1,0,22062.8625,166,1.5
134,5786,0,20,2,3,0,2026,4,23,0,13011.339658444023,173,1.5
135,3286,3,8,1,4,0,2026,3,24,0,22062.8625,142,1.2
136,3009,5,19,1,1,0,2026,6,4,0,4090.480412371134,120,1.2
137,8826,0,20,2,3,0,2026,3,26,0,13011.339658444023,173,1.5
138,31684,4,4,2,1,0,2026,3,14,0,32658.61914460285,128,1.5
139,1858,2,10,1,3,0,2026,3,17,0,4294.937037037037,116,1.2
140,58322,4,0,2,0,0,2026,6,11,0,32658.61914460285,115,1.5
141,26122,4,0,1,1,0,2026,4,14,0,32658.61914460285,115,1.2
142,6781,2,16,2,0,0,2026,1,12,0,4294.937037037037,140,1.5
143,4102,2,2,1,0,0,2026,5,21,0,4294.937037037037,125,1.2
144,9793,1,7,0,1,0,2026,4,26,0,10122.828092243186,140,1.0
145,17274,3,11,2,4,0,2026,6,13,0,22062.8625,166,1.5
146,7874,2,10,0,4,0,2026,4,13,0,4294.937037037037,116,1.0
147,2560,5,19,0,1,0,2026,3,23,0,4090.480412371134,120,1.0
148,5087,0,5,0,3,0,2026,5,13,0,13011.339658444023,171,1.0
149,18247,4,0,0,3,0,2026,6,7,0,32658.61914460285,115,1.0
150,15050,4,0,1,1,0,2026,4,16,0,32658.61914460285,115,1.2
151,7262,5,18,1,4,0,2026,6,13,0,4090.480412371134,122,1.2
152,15402,0,20,2,0,0,2026,4,9,0,13011.339658444023,173,1.5
153,15235,0,20,0,1,0,2026,4,19,0,13011.339658444023,173,1.0
154,11847,1,12,1,2,0,2026,1,27,0,10122.828092243186,155,1.2
155,35770,3,11,0,1,0,2026,5,16,0,22062.8625,166,1.0
156,5710,1,7,0,3,0,2026,2,1,0,10122.828092243186,140,1.0
157,7605,5,19,2,4,1,2026,4,8,0,4090.480412371134,120,1.5
158,7414,1,7,0,3,0,2026,3,23,0,10122.828092243186,140,1.0
159,3531,2,10,1,1,0,2026,5,2,0,4294.937037037037,116,1.2
160,12586,0,20,1,0,0,2026,3,6,1,13011.339658444023,173,1.2
161,20541,3,11,2,2,0,2026,6,18,0,22062.8625,166,1.5
162,7763,5,18,0,0,0,2026,3,19,0,4090.480412371134,122,1.0
163,13181,0,9,0,3,0,2026,2,17,0,13011.339658444023,183,1.0
164,3548,2,16,1,2,0,2026,1,17,0,4294.937037037037,140,1.2
165,42825,4,17,0,4,1,2026,5,1,0,32658.61914460285,128,1.0
166,12803,1,3,1,0,0,2026,2,1,0,10122.828092243186,182,1.2
167,11128,0,9,2,3,0,2026,4,21,0,13011.339658444023,183,1.5
168,13957,3,11,1,2,0,2026,4,6,1,22062.8625,166,1.2
169,5833,2,16,0,4,0,2026,3,6,1,4294.937037037037,140,1.0
170,10982,4,0,1,4,0,2026,4,8,0,32658.61914460285,115,1.2
171,15345,4,17,0,1,1,2026,1,12,0,32658.61914460285,128,1.0
172,33725,4,17,0,2,0,2026,3,19,0,32658.61914460285,128,1.0
173,29429,4,6,1,1,0,2026,3,30,0,32658.61914460285,120,1.2
174,31055,4,17,1,3,0,2026,1,3,0,32658.61914460285,128,1.2
175,21545,0,5,1,2,0,2026,2,20,0,13011.339658444023,171,1.2
176,17038,1,7,1,1,0,2026,3,9,0,10122.828092243186,140,1.2
177,32537,4,0,1,4,0,2026,1,15,0,32658.61914460285,115,1.2
178,1697,2,10,2,1,1,2026,1,7,0,4294.937037037037,116,1.5
179,5541,1,3,2,2,0,2026,2,18,0,10122.828092243186,182,1.5
180,21701,3,13,0,1,0,2026,4,4,0,22062.8625,172,1.0
181,30569,3,11,2,2,0,2026,1,12,0,22062.8625,166,1.5
182,22325,3,11,1,1,0,2026,6,23,0,22062.8625,166,1.2
183,12619,1,12,2,4,0,2026,1,26,0,10122.828092243186,155,1.5
184,12286,4,0,1,3,0,2026,2,23,0,32658.61914460285,115,1.2
185,5342,5,19,0,0,0,2026,2,3,0,4090.480412371134,120,1.0
186,1179,2,15,1,1,0,2026,2,2,0,4294.937037037037,159,1.2
187,3938,2,10,2,3,0,2026,4,29,0,4294.937037037037,116,1.5
188,5916,2,15,1,1,0,2026,2,24,0,4294.937037037037,159,1.2
189,16342,4,17,1,3,1,2026,4,14,0,32658.61914460285,128,1.2
190,2507,1,12,2,2,0,2026,3,4,0,10122.828092243186,155,1.5
191,16536,3,11,1,0,0,2026,6,1,0,22062.8625,166,1.2
192,10968,1,3,1,0,0,2026,3,28,0,10122.828092243186,182,1.2
193,3649,1,7,2,3,0,2026,4,5,1,10122.828092243186,140,1.5
194,10918,1,7,1,0,0,2026,2,25,0,10122.828092243186,140,1.2
195,30492,4,0,1,1,0,2026,2,17,0,32658.61914460285,115,1.2
196,4739,5,18,0,2,0,2026,5,31,0,4090.480412371134,122,1.0
197,10354,1,12,1,1,0,2026,3,20,0,10122.828092243186,155,1.2
198,29539,3,13,2,0,0,2026,4,3,0,22062.8625,172,1.5
199,2161,2,16,1,1,0,2026,2,19,0,4294.937037037037,140,1.2
200,2054,2,15,0,0,0,2026,1,31,0,4294.937037037037,159,1.0
201,15647,1,3,2,0,0,2026,2,5,1,10122.828092243186,182,1.5
202,16933,0,5,2,0,0,2026,3,25,0,13011.339658444023,171,1.5
203,6555,2,10,2,2,0,2026,3,27,0,4294.937037037037,116,1.5
204,1973,5,19,2,4,0,2026,2,20,0,4090.480412371134,120,1.5
205,16988,1,7,2,1,0,2026,2,17,0,10122.828092243186,140,1.5
206,38676,3,11,2,1,0,2026,6,9,0,22062.8625,166,1.5
207,1015,2,2,0,0,0,2026,2,20,0,4294.937037037037,125,1.0
208,5021,5,18,2,2,0,2026,2,23,0,4090.480412371134,122,1.5
209,11766,1,7,2,1,0,2026,4,25,0,10122.828092243186,140,1.5
210,3254,5,1,0,0,0,2026,5,8,0,4090.480412371134,122,1.0
211,4772,2,15,0,1,0,2026,2,19,0,4294.937037037037,159,1.0
212,15936,0,20,0,2,0,2026,2,5,1,13011.339658444023,173,1.0
213,14266,0,5,1,3,0,2026,6,26,0,13011.339658444023,171,1.2
214,5081,5,18,0,1,0,2026,3,8,0,4090.480412371134,122,1.0
215,4673,2,2,0,0,0,2026,2,5,1,4294.937037037037,125,1.0
216,5487,2,16,1,3,0,2026,5,5,1,4294.937037037037,140,1.2
217,28356,3,11,0,3,0,2026,5,22,0,22062.8625,166,1.0
218,1475,2,16,1,2,0,2026,5,13,0,4294.937037037037,140,1.2
219,1021,0,9,2,4,0,2026,1,3,0,13011.339658444023,183,1.5
220,10017,3,13,0,3,0,2026,1,6,1,22062.8625,172,1.0
221,14541,0,9,2,4,0,2026,2,27,0,13011.339658444023,183,1.5
222,8032,0,9,1,0,0,2026,3,19,0,13011.339658444023,183,1.2
223,7692,5,18,2,0,0,2026,5,3,0,4090.480412371134,122,1.5
224,36699,3,8,0,2,0,2026,6,9,0,22062.8625,142,1.0
225,2338,1,12,1,0,0,2026,2,28,0,10122.828092243186,155,1.2
226,2143,0,9,1,2,0,2026,6,25,0,13011.339658444023,183,1.2
227,23652,0,9,0,0,0,2026,4,29,0,13011.339658444023,183,1.0
228,46447,4,17,0,3,0,2026,2,26,0,32658.61914460285,128,1.0
229,4826,1,12,0,2,0,2026,2,12,0,10122.828092243186,155,1.0
230,5896,2,15,1,0,0,2026,5,2,0,4294.937037037037,159,1.2
231,17932,4,17,1,3,0,2026,1,25,0,32658.61914460285,128,1.2
232,17063,0,5,2,1,1,2026,6,13,0,13011.339658444023,171,1.5
233,5314,5,19,2,0,0,2026,6,7,0,4090.480412371134,120,1.5
234,6109,0,9,2,0,0,2026,1,21,0,13011.339658444023,183,1.5
235,5256,3,13,0,2,0,2026,4,26,0,22062.8625,172,1.0
236,1353,5,19,0,3,0,2026,3,30,0,4090.480412371134,120,1.0
237,5701,0,20,0,4,0,2026,2,21,0,13011.339658444023,173,1.0
238,55337,4,17,0,0,0,2026,5,30,0,32658.61914460285,128,1.0
239,11821,0,9,1,3,0,2026,6,16,0,13011.339658444023,183,1.2
240,6802,2,15,1,1,0,2026,5,31,0,4294.937037037037,159,1.2
241,6536,2,15,0,2,0,2026,5,9,0,4294.937037037037,159,1.0
242,10358,0,9,1,3,0,2026,6,27,0,13011.339658444023,183,1.2
243,6289,1,3,2,0,0,2026,1,27,0,10122.828092243186,182,1.5
244,7236,5,1,1,1,1,2026,6,13,0,4090.480412371134,122,1.2
245,49011,4,17,0,2,0,2026,1,16,0,32658.61914460285,128,1.0
246,1498,2,16,1,3,0,2026,6,8,0,4294.937037037037,140,1.2
247,52205,4,6,2,2,0,2026,1,25,0,32658.61914460285,120,1.5
248,18263,0,5,2,1,0,2026,5,25,0,13011.339658444023,171,1.5
249,16640,0,5,0,0,0,2026,3,7,0,13011.339658444023,171,1.0
250,37294,3,13,0,1,0,2026,5,7,0,22062.8625,172,1.0
251,6031,2,2,2,0,0,2026,6,25,0,4294.937037037037,125,1.5
252,5264,2,10,0,3,0,2026,2,8,0,4294.937037037037,116,1.0
253,5352,5,14,1,2,0,2026,2,9,0,4090.480412371134,121,1.2
254,5643,5,18,1,0,0,2026,5,24,0,4090.480412371134,122,1.2
255,7088,5,19,0,4,0,2026,4,4,0,4090.480412371134,120,1.0
256,7377,2,2,1,2,0,2026,1,3,0,4294.937037037037,125,1.2
257,1040,5,14,0,0,0,2026,2,11,0,4090.480412371134,121,1.0
258,52577,4,4,1,3,0,2026,5,22,0,32658.61914460285,128,1.2
259,56239,4,0,2,3,0,2026,3,30,0,32658.61914460285,115,1.5
260,22122,4,6,1,2,0,2026,3,5,1,32658.61914460285,120,1.2
261,14593,1,3,2,3,0,2026,4,28,0,10122.828092243186,182,1.5
262,908,5,19,1,3,0,2026,3,20,0,4090.480412371134,120,1.2
263,34331,3,13,0,3,1,2026,2,2,0,22062.8625,172,1.0
264,4372,2,16,0,1,0,2026,6,15,0,4294.937037037037,140,1.0
265,20974,0,20,1,2,0,2026,6,12,0,13011.339658444023,173,1.2
266,2453,2,16,0,4,0,2026,1,28,0,4294.937037037037,140,1.0
267,13662,1,7,2,3,0,2026,5,11,0,10122.828092243186,140,1.5
268,3614,1,3,1,2,0,2026,1,14,0,10122.828092243186,182,1.2
269,2036,2,15,0,4,0,2026,6,1,0,4294.937037037037,159,1.0
270,11004,0,9,0,2,0,2026,4,22,0,13011.339658444023,183,1.0
271,7922,5,14,0,0,0,2026,2,21,0,4090.480412371134,121,1.0
272,7066,5,1,1,3,0,2026,3,20,0,4090.480412371134,122,1.2
273,4684,5,1,1,1,0,2026,4,29,0,4090.480412371134,122,1.2
274,16397,0,20,0,0,0,2026,1,29,0,13011.339658444023,173,1.0
275,8759,1,12,2,0,0,2026,3,13,0,10122.828092243186,155,1.5
276,28125,3,11,2,3,0,2026,4,28,0,22062.8625,166,1.5
277,1046,1,12,0,1,0,2026,2,7,0,10122.828092243186,155,1.0
278,11004,1,3,1,0,0,2026,2,12,0,10122.828092243186,182,1.2
279,16477,1,7,0,4,0,2026,2,24,0,10122.828092243186,140,1.0
280,2200,2,2,2,4,0,2026,2,9,0,4294.937037037037,125,1.5
281,27885,4,6,2,3,0,2026,1,27,0,32658.61914460285,120,1.5
282,9964,4,17,1,4,0,2026,5,23,0,32658.61914460285,128,1.2
283,4963,2,15,2,4,0,2026,4,24,0,4294.937037037037,159,1.5
284,10905,3,13,0,1,0,2026,5,14,0,22062.8625,172,1.0
285,50763,4,17,1,0,0,2026,5,9,0,32658.61914460285,128,1.2
286,5252,5,18,0,4,0,2026,6,27,0,4090.480412371134,122,1.0
287,470,5,18,0,4,0,2026,3,21,0,4090.480412371134,122,1.0
288,28593,3,11,2,1,0,2026,3,24,0,22062.8625,166,1.5
289,4817,2,15,1,2,0,2026,6,24,0,4294.937037037037,159,1.2
290,4021,2,10,0,1,0,2026,4,28,0,4294.937037037037,116,1.0
291,24370,0,9,2,1,0,2026,3,24,0,13011.339658444023,183,1.5
292,20439,0,20,0,3,0,2026,1,12,0,13011.339658444023,173,1.0
293,16254,4,17,0,4,0,2026,4,7,0,32658.61914460285,128,1.0
294,6068,5,18,1,2,0,2026,5,8,0,4090.480412371134,122,1.2
295,5638,1,3,2,3,0,2026,4,30,0,10122.828092243186,182,1.5
296,13017,0,9,0,3,0,2026,6,19,0,13011.339658444023,183,1.0
297,18671,3,11,1,4,0,2026,1,28,0,22062.8625,166,1.2
298,5614,0,9,2,0,0,2026,3,28,0,13011.339658444023,183,1.5
299,18818,1,3,2,4,0,2026,4,11,0,10122.828092243186,182,1.5
300,3953,2,15,0,3,1,2026,4,24,0,4294.937037037037,159,1.0
301,49342,4,17,1,1,1,2026,5,11,0,32658.61914460285,128,1.2
302,19969,4,4,2,0,1,2026,1,31,0,32658.61914460285,128,1.5
303,3171,5,14,0,2,0,2026,3,7,0,4090.480412371134,121,1.0
304,13448,0,9,0,4,0,2026,1,30,0,13011.339658444023,183,1.0
305,4218,1,7,2,4,0,2026,4,27,0,10122.828092243186,140,1.5
306,20949,0,5,1,1,1,2026,1,28,0,13011.339658444023,171,1.2
307,2030,5,18,2,2,0,2026,6,15,0,4090.480412371134,122,1.5
308,35391,4,6,1,1,0,2026,2,3,0,32658.61914460285,120,1.2
309,5725,1,3,2,4,0,2026,6,14,0,10122.828092243186,182,1.5
310,6630,2,2,1,2,0,2026,3,22,0,4294.937037037037,125,1.2
311,19603,1,3,1,1,0,2026,2,14,0,10122.828092243186,182,1.2
312,6155,2,10,0,4,0,2026,3,21,0,4294.937037037037,116,1.0
313,2181,5,14,2,1,0,2026,4,27,0,4090.480412371134,121,1.5
314,9404,1,7,2,0,0,2026,5,29,0,10122.828092243186,140,1.5
315,2029,0,5,0,2,0,2026,5,24,0,13011.339658444023,171,1.0
316,51044,4,0,0,3,0,2026,6,29,0,32658.61914460285,115,1.0
317,6065,5,1,2,4,0,2026,3,30,0,4090.480412371134,122,1.5
318,15600,3,8,0,1,0,2026,5,13,0,22062.8625,142,1.0
319,2619,1,7,1,1,0,2026,5,12,0,10122.828092243186,140,1.2
320,1391,2,2,2,0,0,2026,4,23,0,4294.937037037037,125,1.5
321,662,5,1,0,1,0,2026,1,21,0,4090.480412371134,122,1.0
322,11815,0,5,1,4,0,2026,1,14,0,13011.339658444023,171,1.2
323,4325,5,1,0,0,0,2026,1,17,0,4090.480412371134,122,1.0
324,1446,2,2,1,1,0,2026,2,22,0,4294.937037037037,125,1.2
325,2554,0,20,2,1,0,2026,2,13,0,13011.339658444023,173,1.5
326,25965,3,13,2,3,0,2026,6,1,0,22062.8625,172,1.5
327,39731,4,17,1,4,0,2026,5,11,0,32658.61914460285,128,1.2
328,818,2,15,0,0,0,2026,1,28,0,4294.937037037037,159,1.0
329,5973,5,1,1,1,0,2026,1,20,0,4090.480412371134,122,1.2
330,4781,1,3,2,1,0,2026,6,4,0,10122.828092243186,182,1.5
331,30356,3,11,0,1,0,2026,3,13,0,22062.8625,166,1.0
332,12343,0,5,0,1,0,2026,3,15,0,13011.339658444023,171,1.0
333,16677,1,3,1,3,0,2026,5,29,0,10122.828092243186,182,1.2
334,2982,2,10,0,4,0,2026,3,30,0,4294.937037037037,116,1.0
335,25011,3,13,2,1,0,2026,5,18,0,22062.8625,172,1.5
336,5473,1,7,2,3,0,2026,3,5,1,10122.828092243186,140,1.5
337,3209,5,14,0,0,0,2026,3,10,0,4090.480412371134,121,1.0
338,8328,1,12,0,1,0,2026,5,26,0,10122.828092243186,155,1.0
339,5373,5,14,2,1,0,2026,1,8,0,4090.480412371134,121,1.5
340,11312,3,8,1,1,0,2026,3,2,0,22062.8625,142,1.2
341,25141,3,8,0,4,0,2026,5,10,0,22062.8625,142,1.0
342,2000,2,15,1,4,0,2026,3,7,0,4294.937037037037,159,1.2
343,28866,4,0,2,2,0,2026,5,16,0,32658.61914460285,115,1.5
344,8143,1,12,1,4,0,2026,4,16,0,10122.828092243186,155,1.2
345,36170,4,6,1,0,0,2026,2,10,0,32658.61914460285,120,1.2
346,21966,3,8,1,4,0,2026,4,12,0,22062.8625,142,1.2
347,3974,3,13,1,4,0,2026,2,7,0,22062.8625,172,1.2
348,17788,3,11,2,1,0,2026,1,28,0,22062.8625,166,1.5
349,1872,0,9,2,4,0,2026,1,14,0,13011.339658444023,183,1.5
350,10188,3,8,1,2,0,2026,1,27,0,22062.8625,142,1.2
351,3988,2,2,2,0,0,2026,3,5,1,4294.937037037037,125,1.5
352,32253,4,0,2,0,0,2026,3,19,0,32658.61914460285,115,1.5
353,2296,1,7,2,3,0,2026,5,11,0,10122.828092243186,140,1.5
354,4949,3,13,0,1,0,2026,2,24,0,22062.8625,172,1.0
355,5391,5,14,0,4,0,2026,5,1,0,4090.480412371134,121,1.0
356,2423,5,19,2,0,0,2026,2,25,0,4090.480412371134,120,1.5
357,2391,0,9,0,4,0,2026,3,15,0,13011.339658444023,183,1.0
358,17013,0,5,0,4,0,2026,4,19,0,13011.339658444023,171,1.0
359,24868,0,5,1,3,0,2026,5,16,0,13011.339658444023,171,1.2
360,1498,5,18,0,0,0,2026,1,15,0,4090.480412371134,122,1.0
361,7232,5,19,0,4,0,2026,1,15,0,4090.480412371134,120,1.0
362,42647,4,6,0,3,0,2026,3,28,0,32658.61914460285,120,1.0
363,21008,0,5,0,4,0,2026,6,4,0,13011.339658444023,171,1.0
364,7806,1,7,1,1,0,2026,2,5,1,10122.828092243186,140,1.2
365,15740,3,13,2,0,0,2026,6,25,0,22062.8625,172,1.5
366,16146,3,11,0,4,0,2026,2,22,0,22062.8625,166,1.0
367,7432,2,16,0,1,0,2026,2,4,0,4294.937037037037,140,1.0
368,6592,5,18,2,1,0,2026,5,7,0,4090.480412371134,122,1.5
369,7668,5,18,2,0,0,2026,5,2,0,4090.480412371134,122,1.5
370,3659,5,1,0,0,0,2026,5,13,0,4090.480412371134,122,1.0
371,19392,4,4,0,1,0,2026,3,2,0,32658.61914460285,128,1.0
372,52747,4,4,0,0,0,2026,2,9,0,32658.61914460285,128,1.0
373,21441,4,4,2,4,0,2026,1,1,0,32658.61914460285,128,1.5
374,7155,3,8,2,4,0,2026,3,10,0,22062.8625,142,1.5
375,14498,1,3,1,2,0,2026,5,14,0,10122.828092243186,182,1.2
376,20717,0,20,2,0,0,2026,5,20,0,13011.339658444023,173,1.5
377,7437,5,19,1,2,0,2026,3,17,0,4090.480412371134,120,1.2
378,18352,4,4,2,0,0,2026,4,10,0,32658.61914460285,128,1.5
379,7171,2,15,2,4,0,2026,6,6,1,4294.937037037037,159,1.5
380,5437,2,10,1,0,0,2026,5,7,0,4294.937037037037,116,1.2
381,2460,5,14,2,4,0,2026,5,3,0,4090.480412371134,121,1.5
382,19321,1,7,0,2,1,2026,1,21,0,10122.828092243186,140,1.0
383,2297,5,1,0,1,0,2026,1,12,0,4090.480412371134,122,1.0
384,58600,4,0,0,4,0,2026,5,6,1,32658.61914460285,115,1.0
385,6708,2,2,2,3,0,2026,3,16,0,4294.937037037037,125,1.5
386,7951,5,1,2,4,0,2026,6,13,0,4090.480412371134,122,1.5
387,7757,5,18,2,4,1,2026,4,18,0,4090.480412371134,122,1.5
388,47818,4,4,2,0,1,2026,5,21,0,32658.61914460285,128,1.5
389,7845,5,18,1,1,0,2026,5,25,0,4090.480412371134,122,1.2
390,13717,1,7,2,2,0,2026,5,19,0,10122.828092243186,140,1.5
391,3999,5,14,0,2,0,2026,3,23,0,4090.480412371134,121,1.0
392,1307,2,15,2,3,0,2026,4,13,0,4294.937037037037,159,1.5
393,4477,5,18,1,3,0,2026,3,25,0,4090.480412371134,122,1.2
394,510,2,15,2,4,0,2026,4,22,0,4294.937037037037,159,1.5
395,2950,5,19,0,3,0,2026,2,22,0,4090.480412371134,120,1.0
396,6369,2,2,0,1,0,2026,5,19,0,4294.937037037037,125,1.0
397,14520,0,9,0,3,0,2026,1,28,0,13011.339658444023,183,1.0
398,8492,4,6,0,4,0,2026,5,2,0,32658.61914460285,120,1.0
399,3726,2,16,2,4,0,2026,6,5,1,4294.937037037037,140,1.5
400,23476,3,8,0,0,0,2026,5,22,0,22062.8625,142,1.0
401,1484,5,14,1,1,0,2026,5,25,0,4090.480412371134,121,1.2
402,6507,1,12,0,3,0,2026,3,26,0,10122.828092243186,155,1.0
403,4431,2,16,1,0,0,2026,1,28,0,4294.937037037037,140,1.2
404,5749,5,19,2,2,0,2026,1,19,0,4090.480412371134,120,1.5
405,10883,4,0,0,0,0,2026,3,28,0,32658.61914460285,115,1.0
406,11407,4,0,2,2,0,2026,1,31,0,32658.61914460285,115,1.5
407,31136,3,11,1,1,0,2026,2,6,1,22062.8625,166,1.2
408,552,5,19,2,2,0,2026,1,15,0,4090.480412371134,120,1.5
409,3593,2,16,2,1,0,2026,6,28,0,4294.937037037037,140,1.5
410,6277,5,18,0,1,0,2026,6,26,0,4090.480412371134,122,1.0
411,19074,0,5,0,4,0,2026,1,6,1,13011.339658444023,171,1.0
412,41661,4,4,2,1,0,2026,3,13,0,32658.61914460285,128,1.5
413,16945,3,11,2,0,0,2026,1,12,0,22062.8625,166,1.5
414,20682,3,8,1,3,0,2026,3,29,0,22062.8625,142,1.2
415,7552,2,2,0,2,0,2026,4,9,0,4294.937037037037,125,1.0
416,1517,5,1,0,3,0,2026,4,13,0,4090.480412371134,122,1.0
417,30475,3,8,1,1,0,2026,1,9,0,22062.8625,142,1.2
418,3113,5,1,0,4,0,2026,3,13,0,4090.480412371134,122,1.0
419,2756,0,20,1,1,0,2026,4,24,0,13011.339658444023,173,1.2
420,1942,5,1,2,4,0,2026,4,2,0,4090.480412371134,122,1.5
421,33128,3,13,1,4,0,2026,6,26,0,22062.8625,172,1.2
422,13366,3,11,1,3,0,2026,4,3,0,22062.8625,166,1.2
423,1400,5,14,2,0,0,2026,5,19,0,4090.480412371134,121,1.5
424,15728,3,13,0,0,0,2026,6,4,0,22062.8625,172,1.0
425,4638,5,1,2,2,0,2026,6,13,0,4090.480412371134,122,1.5
426,16042,0,20,0,3,0,2026,2,6,1,13011.339658444023,173,1.0
427,12273,3,13,0,4,0,2026,6,6,1,22062.8625,172,1.0
428,3399,2,15,0,3,0,2026,1,22,0,4294.937037037037,159,1.0
429,2482,2,16,0,3,0,2026,4,18,0,4294.937037037037,140,1.0
430,11352,4,6,1,4,0,2026,4,12,0,32658.61914460285,120,1.2
431,2915,2,2,0,4,0,2026,6,29,0,4294.937037037037,125,1.0
432,9186,1,3,0,2,0,2026,4,29,0,10122.828092243186,182,1.0
433,9124,1,12,0,1,0,2026,5,19,0,10122.828092243186,155,1.0
434,4523,5,1,2,1,0,2026,1,28,0,4090.480412371134,122,1.5
435,6074,5,14,2,3,0,2026,3,11,0,4090.480412371134,121,1.5
436,9331,4,4,2,0,0,2026,6,20,0,32658.61914460285,128,1.5
437,589,5,1,2,3,0,2026,5,1,0,4090.480412371134,122,1.5
438,16209,3,8,2,4,0,2026,4,17,0,22062.8625,142,1.5
439,56039,4,4,0,2,0,2026,2,8,0,32658.61914460285,128,1.0
440,1551,1,3,1,1,1,2026,1,15,0,10122.828092243186,182,1.2
441,21114,0,9,1,4,0,2026,5,12,0,13011.339658444023,183,1.2
442,19216,4,0,1,4,0,2026,3,4,0,32658.61914460285,115,1.2
443,3771,2,15,1,3,0,2026,5,13,0,4294.937037037037,159,1.2
444,15206,3,13,2,3,0,2026,2,11,0,22062.8625,172,1.5
445,14522,0,9,2,4,0,2026,5,8,0,13011.339658444023,183,1.5
446,5398,2,16,0,1,0,2026,6,11,0,4294.937037037037,140,1.0
447,3267,5,14,2,0,0,2026,4,3,0,4090.480412371134,121,1.5
448,2668,5,14,2,3,0,2026,5,23,0,4090.480412371134,121,1.5
449,13601,4,6,2,3,0,2026,5,15,0,32658.61914460285,120,1.5
450,50803,4,0,2,2,1,2026,6,25,0,32658.61914460285,115,1.5
451,15802,1,12,0,2,0,2026,4,20,0,10122.828092243186,155,1.0
452,735,2,15,0,2,0,2026,3,15,0,4294.937037037037,159,1.0
453,2033,5,14,1,1,0,2026,4,10,0,4090.480412371134,121,1.2
454,30894,4,17,1,3,0,2026,4,22,0,32658.61914460285,128,1.2
455,11836,4,0,1,3,0,2026,4,8,0,32658.61914460285,115,1.2
456,5638,2,10,1,2,0,2026,3,8,0,4294.937037037037,116,1.2
457,6301,2,10,0,1,0,2026,1,12,0,4294.937037037037,116,1.0
458,19970,1,3,2,2,0,2026,5,26,0,10122.828092243186,182,1.5
459,41950,4,17,1,3,1,2026,3,15,0,32658.61914460285,128,1.2
460,10555,0,20,0,2,0,2026,1,30,0,13011.339658444023,173,1.0
461,2770,1,3,1,1,0,2026,2,27,0,10122.828092243186,182,1.2
462,710,2,16,0,3,0,2026,1,30,0,4294.937037037037,140,1.0
463,4394,1,12,0,4,0,2026,3,7,0,10122.828092243186,155,1.0
464,2337,2,10,1,1,0,2026,1,4,0,4294.937037037037,116,1.2
465,56920,4,4,1,2,1,2026,4,24,0,32658.61914460285,128,1.2
466,6073,2,10,0,3,0,2026,5,20,0,4294.937037037037,116,1.0
467,11373,1,12,0,2,0,2026,5,6,1,10122.828092243186,155,1.0
468,3139,5,18,0,0,0,2026,2,14,0,4090.480412371134,122,1.0
469,438,5,18,2,0,0,2026,4,18,0,4090.480412371134,122,1.5
470,20175,0,5,1,1,0,2026,6,3,0,13011.339658444023,171,1.2
471,26947,3,8,2,0,0,2026,4,20,0,22062.8625,142,1.5
472,5734,2,10,1,1,0,2026,1,4,0,4294.937037037037,116,1.2
473,3343,1,12,1,2,0,2026,6,6,1,10122.828092243186,155,1.2
474,7387,1,12,2,3,0,2026,1,1,0,10122.828092243186,155,1.5
475,15715,1,12,2,3,0,2026,3,25,0,10122.828092243186,155,1.5
476,9071,0,9,2,4,0,2026,1,28,0,13011.339658444023,183,1.5
477,45276,4,17,2,4,1,2026,5,4,0,32658.61914460285,128,1.5
478,33462,4,0,2,3,0,2026,1,12,0,32658.61914460285,115,1.5
479,6392,2,2,0,1,0,2026,2,21,0,4294.937037037037,125,1.0
480,23075,4,4,2,1,0,2026,5,13,0,32658.61914460285,128,1.5
481,2236,5,19,0,3,0,2026,5,13,0,4090.480412371134,120,1.0
482,8052,4,6,2,1,0,2026,1,11,0,32658.61914460285,120,1.5
483,21098,3,11,2,4,0,2026,1,5,1,22062.8625,166,1.5
484,7231,1,3,1,4,0,2026,3,16,0,10122.828092243186,182,1.2
485,4493,2,15,1,0,0,2026,3,25,0,4294.937037037037,159,1.2
486,9724,0,5,1,1,0,2026,3,10,0,13011.339658444023,171,1.2
487,655,2,16,0,4,0,2026,5,1,0,4294.937037037037,140,1.0
488,16950,1,12,0,3,0,2026,4,2,0,10122.828092243186,155,1.0
489,6400,5,19,2,3,0,2026,2,20,0,4090.480412371134,120,1.5
490,3382,3,11,2,1,0,2026,5,15,0,22062.8625,166,1.5
491,21672,4,0,0,0,0,2026,1,3,0,32658.61914460285,115,1.0
492,1007,5,14,1,0,0,2026,2,18,0,4090.480412371134,121,1.2
493,10378,1,12,2,0,0,2026,4,17,0,10122.828092243186,155,1.5
494,2153,5,19,1,2,0,2026,4,29,0,4090.480412371134,120,1.2
495,305,5,14,2,0,1,2026,3,3,0,4090.480412371134,121,1.5
496,1506,2,15,1,0,0,2026,2,1,0,4294.937037037037,159,1.2
497,36862,4,17,1,3,0,2026,6,6,1,32658.61914460285,128,1.2
498,1179,2,10,0,4,0,2026,5,15,0,4294.937037037037,116,1.0
499,26190,4,4,2,4,0,2026,1,10,0,32658.61914460285,128,1.5
500,13764,1,7,1,0,0,2026,3,16,0,10122.828092243186,140,1.2
501,7272,5,19,1,2,0,2026,4,14,0,4090.480412371134,120,1.2
502,17864,0,20,2,4,0,2026,6,17,0,13011.339658444023,173,1.5
503,5076,2,16,2,0,0,2026,4,12,0,4294.937037037037,140,1.5
504,4774,3,13,2,0,0,2026,6,15,0,22062.8625,172,1.5
505,4325,5,19,0,2,0,2026,1,27,0,4090.480412371134,120,1.0
506,7017,2,15,2,2,0,2026,2,6,1,4294.937037037037,159,1.5
507,3143,5,14,0,3,0,2026,4,12,0,4090.480412371134,121,1.0
508,15922,1,3,1,4,0,2026,4,30,0,10122.828092243186,182,1.2
509,6055,5,18,2,1,0,2026,1,16,0,4090.480412371134,122,1.5
510,4535,5,19,2,3,0,2026,1,23,0,4090.480412371134,120,1.5
511,8100,0,5,1,1,0,2026,1,22,0,13011.339658444023,171,1.2
512,16773,0,9,0,3,0,2026,5,26,0,13011.339658444023,183,1.0
513,38385,4,6,1,3,0,2026,2,1,0,32658.61914460285,120,1.2
514,934,2,2,0,4,0,2026,6,25,0,4294.937037037037,125,1.0
515,52351,4,6,2,1,1,2026,1,2,0,32658.61914460285,120,1.5
516,7672,1,12,1,0,0,2026,3,2,0,10122.828092243186,155,1.2
517,2227,0,20,0,3,0,2026,3,18,0,13011.339658444023,173,1.0
518,15896,0,5,0,1,0,2026,4,30,0,13011.339658444023,171,1.0
519,7990,2,10,0,4,0,2026,6,7,0,4294.937037037037,116,1.0
520,6130,3,13,2,1,0,2026,6,11,0,22062.8625,172,1.5
521,22483,0,20,2,1,0,2026,6,27,0,13011.339658444023,173,1.5
522,1774,1,7,0,1,0,2026,4,21,0,10122.828092243186,140,1.0
523,17977,3,8,1,3,0,2026,4,15,0,22062.8625,142,1.2
524,44776,4,6,0,4,0,2026,4,30,0,32658.61914460285,120,1.0
525,4390,2,15,1,3,0,2026,1,8,0,4294.937037037037,159,1.2
526,5848,2,16,2,1,1,2026,5,12,0,4294.937037037037,140,1.5
527,25838,3,8,2,4,0,2026,2,27,0,22062.8625,142,1.5
528,40816,4,6,1,4,1,2026,5,5,1,32658.61914460285,120,1.2
529,35328,4,4,2,3,0,2026,2,28,0,32658.61914460285,128,1.5
530,15602,4,6,1,0,0,2026,6,18,0,32658.61914460285,120,1.2
531,49382,4,17,2,0,0,2026,2,25,0,32658.61914460285,128,1.5
532,46644,4,6,2,3,0,2026,5,24,0,32658.61914460285,120,1.5
533,11297,4,6,1,0,0,2026,5,21,0,32658.61914460285,120,1.2
534,49091,4,0,0,0,0,2026,3,29,0,32658.61914460285,115,1.0
535,6951,1,12,1,0,0,2026,6,28,0,10122.828092243186,155,1.2
536,7913,5,1,0,1,0,2026,5,20,0,4090.480412371134,122,1.0
537,9229,0,20,0,2,0,2026,4,27,0,13011.339658444023,173,1.0
538,2884,2,16,2,2,0,2026,5,24,0,4294.937037037037,140,1.5
539,2252,2,2,0,3,0,2026,1,22,0,4294.937037037037,125,1.0
540,3421,2,16,2,4,0,2026,6,5,1,4294.937037037037,140,1.5
541,44017,4,17,1,2,0,2026,5,8,0,32658.61914460285,128,1.2
542,4560,2,15,2,1,0,2026,3,19,0,4294.937037037037,159,1.5
543,1027,5,14,0,2,0,2026,1,7,0,4090.480412371134,121,1.0
544,1520,2,10,2,3,0,2026,4,28,0,4294.937037037037,116,1.5
545,2676,2,10,2,3,0,2026,5,3,0,4294.937037037037,116,1.5
546,770,5,14,1,3,0,2026,1,24,0,4090.480412371134,121,1.2
547,6873,5,18,2,3,1,2026,1,24,0,4090.480412371134,122,1.5
548,38788,3,11,0,3,0,2026,1,18,0,22062.8625,166,1.0
549,2824,1,12,2,4,0,2026,5,8,0,10122.828092243186,155,1.5
550,2452,2,16,1,2,1,2026,4,21,0,4294.937037037037,140,1.2
551,12614,1,3,0,0,0,2026,1,30,0,10122.828092243186,182,1.0
552,12552,4,17,0,4,0,2026,5,21,0,32658.61914460285,128,1.0
553,15984,1,12,1,4,0,2026,3,4,0,10122.828092243186,155,1.2
554,5947,2,15,2,1,0,2026,1,19,0,4294.937037037037,159,1.5
555,3305,3,13,2,2,0,2026,2,25,0,22062.8625,172,1.5
556,1616,2,15,1,2,0,2026,1,19,0,4294.937037037037,159,1.2
557,4229,5,14,0,2,0,2026,5,18,0,4090.480412371134,121,1.0
558,14585,0,20,1,4,0,2026,6,27,0,13011.339658444023,173,1.2
559,15064,1,3,2,2,1,2026,3,10,0,10122.828092243186,182,1.5
560,9445,0,5,0,3,0,2026,6,26,0,13011.339658444023,171,1.0
561,38828,3,11,2,1,0,2026,5,10,0,22062.8625,166,1.5
562,20824,3,13,1,3,0,2026,3,11,0,22062.8625,172,1.2
563,1325,5,14,2,3,1,2026,3,9,0,4090.480412371134,121,1.5
564,7442,2,2,0,1,0,2026,4,3,0,4294.937037037037,125,1.0
565,2552,2,10,2,2,0,2026,1,26,0,4294.937037037037,116,1.5
566,352,5,1,1,1,0,2026,3,29,0,4090.480412371134,122,1.2
567,29648,4,4,1,0,0,2026,5,28,0,32658.61914460285,128,1.2
568,8295,1,3,2,3,0,2026,4,28,0,10122.828092243186,182,1.5
569,17549,3,13,0,3,0,2026,6,24,0,22062.8625,172,1.0
570,8511,1,3,2,2,0,2026,1,31,0,10122.828092243186,182,1.5
571,18874,1,12,0,3,0,2026,3,3,0,10122.828092243186,155,1.0
572,44686,4,4,1,2,0,2026,3,16,0,32658.61914460285,128,1.2
573,26181,3,11,1,3,0,2026,1,25,0,22062.8625,166,1.2
574,9343,3,13,1,0,0,2026,4,14,0,22062.8625,172,1.2
575,5750,2,16,1,1,0,2026,6,10,0,4294.937037037037,140,1.2
576,11827,1,12,2,2,0,2026,2,4,0,10122.828092243186,155,1.5
577,7361,2,2,2,1,0,2026,3,11,0,4294.937037037037,125,1.5
578,1896,5,1,1,0,0,2026,2,20,0,4090.480412371134,122,1.2
579,22725,4,0,1,0,0,2026,2,7,0,32658.61914460285,115,1.2
580,27875,3,8,0,0,0,2026,6,20,0,22062.8625,142,1.0
581,7036,2,15,1,0,0,2026,3,14,0,4294.937037037037,159,1.2
582,44736,4,4,1,2,0,2026,2,14,0,32658.61914460285,128,1.2
583,5589,2,2,2,0,0,2026,2,19,0,4294.937037037037,125,1.5
584,33255,3,8,1,1,0,2026,5,21,0,22062.8625,142,1.2
585,1070,1,12,2,4,0,2026,3,30,0,10122.828092243186,155,1.5
586,23269,4,4,2,3,0,2026,2,21,0,32658.61914460285,128,1.5
587,6982,5,14,2,4,0,2026,1,13,0,4090.480412371134,121,1.5
588,15447,1,7,0,4,0,2026,5,25,0,10122.828092243186,140,1.0
589,36076,3,8,1,0,0,2026,5,16,0,22062.8625,142,1.2
590,1623,2,10,2,1,0,2026,1,5,1,4294.937037037037,116,1.5
591,37159,3,13,2,1,0,2026,5,31,0,22062.8625,172,1.5
592,7678,1,12,0,0,0,2026,6,25,0,10122.828092243186,155,1.0
593,14181,0,5,1,2,0,2026,4,14,0,13011.339658444023,171,1.2
594,24488,3,11,2,4,0,2026,2,20,0,22062.8625,166,1.5
595,23618,0,9,1,0,0,2026,2,10,0,13011.339658444023,183,1.2
596,2427,0,9,1,4,0,2026,6,13,0,13011.339658444023,183,1.2
597,6023,1,12,2,3,0,2026,1,16,0,10122.828092243186,155,1.5
598,17233,4,6,1,1,1,2026,2,15,0,32658.61914460285,120,1.2
599,560,5,14,0,2,0,2026,1,29,0,4090.480412371134,121,1.0
600,10450,3,8,0,1,0,2026,2,17,0,22062.8625,142,1.0
601,57093,4,6,2,3,0,2026,3,1,0,32658.61914460285,120,1.5
602,6983,2,16,0,4,0,2026,2,13,0,4294.937037037037,140,1.0
603,5793,1,3,1,0,0,2026,2,4,0,10122.828092243186,182,1.2
604,4125,5,19,2,2,0,2026,3,29,0,4090.480412371134,120,1.5
605,6311,1,12,1,1,0,2026,6,10,0,10122.828092243186,155,1.2
606,18640,3,8,1,1,0,2026,4,5,1,22062.8625,142,1.2
607,22993,3,13,2,0,0,2026,1,29,0,22062.8625,172,1.5
608,44921,4,17,0,2,1,2026,4,8,0,32658.61914460285,128,1.0
609,15308,0,9,2,0,0,2026,6,16,0,13011.339658444023,183,1.5
610,15621,0,9,1,1,0,2026,1,9,0,13011.339658444023,183,1.2
611,12093,0,5,1,0,0,2026,4,28,0,13011.339658444023,171,1.2
612,27789,3,13,1,0,0,2026,5,29,0,22062.8625,172,1.2
613,16538,0,9,1,4,0,2026,3,3,0,13011.339658444023,183,1.2
614,23204,0,20,2,3,0,2026,5,7,0,13011.339658444023,173,1.5
615,17118,4,6,1,0,0,2026,5,4,0,32658.61914460285,120,1.2
616,6633,2,10,0,4,0,2026,3,30,0,4294.937037037037,116,1.0
617,18827,1,7,1,1,0,2026,6,29,0,10122.828092243186,140,1.2
618,7552,2,10,2,1,0,2026,2,23,0,4294.937037037037,116,1.5
619,19373,3,13,0,3,0,2026,4,3,0,22062.8625,172,1.0
620,7280,5,18,0,1,0,2026,3,24,0,4090.480412371134,122,1.0
621,1939,5,1,2,1,0,2026,6,22,0,4090.480412371134,122,1.5
622,4229,2,16,2,3,0,2026,5,11,0,4294.937037037037,140,1.5
623,18356,0,20,2,0,0,2026,5,11,0,13011.339658444023,173,1.5
624,31276,3,8,2,3,0,2026,5,20,0,22062.8625,142,1.5
625,1420,1,3,1,0,0,2026,1,9,0,10122.828092243186,182,1.2
626,2954,1,3,1,2,0,2026,1,18,0,10122.828092243186,182,1.2
627,5737,1,7,2,0,0,2026,5,13,0,10122.828092243186,140,1.5
628,7519,5,14,2,2,0,2026,2,14,0,4090.480412371134,121,1.5
629,13990,1,12,1,1,0,2026,4,1,0,10122.828092243186,155,1.2
630,13747,4,6,1,0,0,2026,5,14,0,32658.61914460285,120,1.2
631,7953,5,14,0,0,0,2026,4,9,0,4090.480412371134,121,1.0
632,12613,1,7,0,4,0,2026,3,14,0,10122.828092243186,140,1.0
633,686,5,19,2,3,0,2026,1,4,0,4090.480412371134,120,1.5
634,3684,5,14,2,4,0,2026,5,27,0,4090.480412371134,121,1.5
635,36360,3,8,2,3,1,2026,2,12,0,22062.8625,142,1.5
636,51368,4,0,1,3,0,2026,2,14,0,32658.61914460285,115,1.2
637,7789,5,18,1,0,0,2026,6,26,0,4090.480412371134,122,1.2
638,1951,5,1,2,4,0,2026,3,27,0,4090.480412371134,122,1.5
639,5471,0,20,1,1,0,2026,3,22,0,13011.339658444023,173,1.2
640,3405,5,14,2,4,0,2026,2,3,0,4090.480412371134,121,1.5
641,33462,3,13,1,4,0,2026,6,28,0,22062.8625,172,1.2
642,15227,1,3,0,4,0,2026,4,19,0,10122.828092243186,182,1.0
643,2410,5,18,0,4,0,2026,4,7,0,4090.480412371134,122,1.0
644,6302,1,12,1,1,0,2026,1,23,0,10122.828092243186,155,1.2
645,14519,3,11,1,4,0,2026,3,5,1,22062.8625,166,1.2
646,19023,3,13,0,1,0,2026,6,24,0,22062.8625,172,1.0
647,18052,3,13,2,2,0,2026,5,8,0,22062.8625,172,1.5
648,30535,3,11,0,4,0,2026,2,11,0,22062.8625,166,1.0
649,17944,0,20,2,4,0,2026,1,3,0,13011.339658444023,173,1.5
650,1454,2,16,0,1,0,2026,3,15,0,4294.937037037037,140,1.0
651,12804,1,12,0,3,0,2026,1,4,0,10122.828092243186,155,1.0
652,20245,4,4,2,4,0,2026,1,8,0,32658.61914460285,128,1.5
653,4453,0,5,1,3,0,2026,2,19,0,13011.339658444023,171,1.2
654,29707,3,11,2,0,0,2026,5,8,0,22062.8625,166,1.5
655,5951,0,9,0,0,0,2026,2,9,0,13011.339658444023,183,1.0
656,7427,2,2,1,4,0,2026,2,28,0,4294.937037037037,125,1.2
657,13199,0,9,2,4,0,2026,6,13,0,13011.339658444023,183,1.5
658,1896,2,16,0,3,0,2026,3,17,0,4294.937037037037,140,1.0
659,12199,3,8,1,1,0,2026,3,15,0,22062.8625,142,1.2
660,9882,0,20,1,1,0,2026,1,8,0,13011.339658444023,173,1.2
661,4096,3,8,1,3,0,2026,4,17,0,22062.8625,142,1.2
662,42553,4,0,1,4,0,2026,5,8,0,32658.61914460285,115,1.2
663,7713,2,2,0,0,0,2026,3,28,0,4294.937037037037,125,1.0
664,17238,0,5,1,4,0,2026,5,5,1,13011.339658444023,171,1.2
665,4317,1,3,1,4,0,2026,5,6,1,10122.828092243186,182,1.2
666,36579,3,11,0,3,0,2026,3,11,0,22062.8625,166,1.0
667,7077,5,1,1,2,0,2026,2,3,0,4090.480412371134,122,1.2
668,6266,5,14,2,4,0,2026,6,21,0,4090.480412371134,121,1.5
669,18650,0,9,0,0,0,2026,2,10,0,13011.339658444023,183,1.0
670,7254,2,15,1,0,0,2026,4,15,0,4294.937037037037,159,1.2
671,35918,3,11,1,1,1,2026,1,24,0,22062.8625,166,1.2
672,1314,2,15,1,4,0,2026,6,25,0,4294.937037037037,159,1.2
673,1241,5,14,1,3,0,2026,2,18,0,4090.480412371134,121,1.2
674,36161,4,17,2,4,0,2026,4,28,0,32658.61914460285,128,1.5
675,7678,2,15,1,1,0,2026,5,12,0,4294.937037037037,159,1.2
676,13934,0,5,0,4,0,2026,2,26,0,13011.339658444023,171,1.0
677,44980,4,6,2,2,0,2026,2,10,0,32658.61914460285,120,1.5
678,37719,3,11,1,0,0,2026,5,29,0,22062.8625,166,1.2
679,2456,5,19,0,2,0,2026,2,15,0,4090.480412371134,120,1.0
680,7198,5,14,0,1,0,2026,3,13,0,4090.480412371134,121,1.0
681,7147,2,2,1,4,0,2026,4,16,0,4294.937037037037,125,1.2
682,4397,5,18,0,0,0,2026,3,21,0,4090.480412371134,122,1.0
683,5044,5,19,0,0,0,2026,1,22,0,4090.480412371134,120,1.0
684,34473,3,13,0,2,0,2026,1,17,0,22062.8625,172,1.0
685,13887,0,9,1,1,0,2026,5,4,0,13011.339658444023,183,1.2
686,6270,1,3,0,4,0,2026,2,16,0,10122.828092243186,182,1.0
687,30806,3,13,2,4,0,2026,6,28,0,22062.8625,172,1.5
688,20409,0,20,2,0,0,2026,2,25,0,13011.339658444023,173,1.5
689,3472,2,10,2,3,0,2026,5,8,0,4294.937037037037,116,1.5
690,30839,4,17,0,2,0,2026,1,31,0,32658.61914460285,128,1.0
691,3538,5,18,1,2,0,2026,5,9,0,4090.480412371134,122,1.2
692,22062,3,11,0,0,0,2026,5,22,0,22062.8625,166,1.0
693,12749,0,20,1,2,0,2026,5,31,0,13011.339658444023,173,1.2
694,9839,4,17,1,2,0,2026,5,30,0,32658.61914460285,128,1.2
695,4726,5,1,1,4,0,2026,2,5,1,4090.480412371134,122,1.2
696,22343,4,6,1,4,0,2026,4,15,0,32658.61914460285,120,1.2
697,2603,0,5,0,3,1,2026,1,28,0,13011.339658444023,171,1.0
698,17618,0,5,2,1,0,2026,6,8,0,13011.339658444023,171,1.5
699,35431,4,17,2,0,1,2026,3,4,0,32658.61914460285,128,1.5
700,7411,1,12,0,0,0,2026,2,11,0,10122.828092243186,155,1.0
701,8872,0,5,2,0,0,2026,6,10,0,13011.339658444023,171,1.5
702,14436,4,17,1,4,0,2026,3,14,0,32658.61914460285,128,1.2
703,11083,3,8,0,1,0,2026,5,17,0,22062.8625,142,1.0
704,34152,3,8,2,2,0,2026,3,20,0,22062.8625,142,1.5
705,13022,1,7,0,1,0,2026,3,29,0,10122.828092243186,140,1.0
706,7870,0,5,0,4,0,2026,5,25,0,13011.339658444023,171,1.0
707,7105,5,14,2,0,0,2026,2,12,0,4090.480412371134,121,1.5
708,3617,1,3,1,3,0,2026,1,15,0,10122.828092243186,182,1.2
709,20757,3,13,1,2,0,2026,2,23,0,22062.8625,172,1.2
710,7652,2,15,0,4,1,2026,5,28,0,4294.937037037037,159,1.0
711,4361,2,10,2,3,0,2026,1,6,1,4294.937037037037,116,1.5
712,9981,4,17,0,2,0,2026,1,27,0,32658.61914460285,128,1.0
713,757,5,19,1,3,0,2026,2,20,0,4090.480412371134,120,1.2
714,3746,2,10,2,4,0,2026,6,3,0,4294.937037037037,116,1.5
715,2726,0,20,1,2,0,2026,2,8,0,13011.339658444023,173,1.2
716,1970,1,12,2,1,0,2026,6,28,0,10122.828092243186,155,1.5
717,47504,4,4,2,4,0,2026,4,29,0,32658.61914460285,128,1.5
718,3069,5,18,2,2,0,2026,5,5,1,4090.480412371134,122,1.5
719,25485,4,6,1,4,0,2026,6,22,0,32658.61914460285,120,1.2
720,27375,3,8,1,4,0,2026,5,15,0,22062.8625,142,1.2
721,6908,4,6,1,0,0,2026,2,25,0,32658.61914460285,120,1.2
722,6675,2,16,0,0,0,2026,6,17,0,4294.937037037037,140,1.0
723,52436,4,6,2,0,0,2026,3,30,0,32658.61914460285,120,1.5
724,27013,4,6,0,3,0,2026,1,14,0,32658.61914460285,120,1.0
725,13218,3,13,2,1,1,2026,4,26,0,22062.8625,172,1.5
726,8459,0,20,1,2,0,2026,1,14,0,13011.339658444023,173,1.2
727,6569,5,19,0,2,0,2026,1,28,0,4090.480412371134,120,1.0
728,3086,2,15,2,4,0,2026,3,18,0,4294.937037037037,159,1.5
729,2832,5,18,0,4,0,2026,3,4,0,4090.480412371134,122,1.0
730,10894,1,3,1,3,0,2026,6,23,0,10122.828092243186,182,1.2
731,2371,2,15,2,2,0,2026,2,7,0,4294.937037037037,159,1.5
732,6011,0,20,1,4,0,2026,5,31,0,13011.339658444023,173,1.2
733,7414,2,15,2,0,0,2026,4,20,0,4294.937037037037,159,1.5
734,34461,3,13,2,4,0,2026,6,10,0,22062.8625,172,1.5
735,6887,1,7,1,1,0,2026,5,5,1,10122.828092243186,140,1.2
736,5838,5,14,0,2,0,2026,1,15,0,4090.480412371134,121,1.0
737,50454,4,0,1,1,1,2026,3,25,0,32658.61914460285,115,1.2
738,4804,2,15,1,4,0,2026,4,30,0,4294.937037037037,159,1.2
739,7409,2,10,2,3,0,2026,4,23,0,4294.937037037037,116,1.5
740,3299,0,20,1,1,0,2026,6,8,0,13011.339658444023,173,1.2
741,2557,5,18,0,0,0,2026,2,13,0,4090.480412371134,122,1.0
742,4242,0,9,1,0,0,2026,4,28,0,13011.339658444023,183,1.2
743,20534,0,5,1,0,0,2026,1,4,0,13011.339658444023,171,1.2
744,39676,3,13,0,1,0,2026,4,1,0,22062.8625,172,1.0
745,18357,3,13,1,2,0,2026,1,30,0,22062.8625,172,1.2
746,7541,0,5,2,0,0,2026,5,13,0,13011.339658444023,171,1.5
747,35362,4,6,1,1,0,2026,6,26,0,32658.61914460285,120,1.2
748,2740,5,18,1,2,0,2026,2,18,0,4090.480412371134,122,1.2
749,5480,5,1,0,4,0,2026,6,20,0,4090.480412371134,122,1.0
750,28028,3,8,0,3,0,2026,6,11,0,22062.8625,142,1.0
751,14839,0,9,2,2,0,2026,2,6,1,13011.339658444023,183,1.5
752,9385,1,3,0,1,0,2026,5,20,0,10122.828092243186,182,1.0
753,6192,5,19,0,1,0,2026,2,3,0,4090.480412371134,120,1.0
754,9475,1,7,1,1,0,2026,3,21,0,10122.828092243186,140,1.2
755,7802,2,2,0,1,0,2026,5,3,0,4294.937037037037,125,1.0
756,33571,4,0,1,2,0,2026,3,16,0,32658.61914460285,115,1.2
757,18756,0,5,2,4,0,2026,6,9,0,13011.339658444023,171,1.5
758,7650,5,1,0,4,0,2026,5,10,0,4090.480412371134,122,1.0
759,3464,5,18,0,3,0,2026,5,20,0,4090.480412371134,122,1.0
760,7643,5,18,1,0,0,2026,4,17,0,4090.480412371134,122,1.2
761,4559,2,16,0,3,0,2026,3,21,0,4294.937037037037,140,1.0
762,1759,2,16,2,2,0,2026,6,10,0,4294.937037037037,140,1.5
763,4691,1,12,2,4,0,2026,4,2,0,10122.828092243186,155,1.5
764,5037,1,7,0,0,0,2026,1,30,0,10122.828092243186,140,1.0
765,7823,4,17,2,0,0,2026,1,2,0,32658.61914460285,128,1.5
766,31217,3,8,2,4,0,2026,5,3,0,22062.8625,142,1.5
767,5258,5,18,2,3,0,2026,3,11,0,4090.480412371134,122,1.5
768,22437,3,11,0,4,0,2026,3,24,0,22062.8625,166,1.0
769,694,2,10,0,0,0,2026,6,2,0,4294.937037037037,116,1.0
770,18166,4,17,2,2,0,2026,3,24,0,32658.61914460285,128,1.5
771,9989,4,17,0,0,0,2026,4,1,0,32658.61914460285,128,1.0
772,6817,2,16,1,2,0,2026,6,7,0,4294.937037037037,140,1.2
773,7563,5,14,1,0,1,2026,5,4,0,4090.480412371134,121,1.2
774,1628,1,12,2,4,0,2026,2,20,0,10122.828092243186,155,1.5
775,18033,0,9,0,3,0,2026,5,28,0,13011.339658444023,183,1.0
776,24040,4,4,2,1,0,2026,4,16,0,32658.61914460285,128,1.5
777,28024,4,17,1,0,0,2026,1,27,0,32658.61914460285,128,1.2
778,5855,2,15,0,4,0,2026,4,15,0,4294.937037037037,159,1.0
779,15442,0,5,0,0,0,2026,4,27,0,13011.339658444023,171,1.0
780,2778,2,16,1,3,0,2026,2,12,0,4294.937037037037,140,1.2
781,13671,1,3,2,3,0,2026,2,7,0,10122.828092243186,182,1.5
782,55854,4,0,1,3,1,2026,6,28,0,32658.61914460285,115,1.2
783,6823,1,12,1,3,0,2026,5,4,0,10122.828092243186,155,1.2
784,18684,3,11,0,4,0,2026,6,24,0,22062.8625,166,1.0
785,53637,4,0,1,2,0,2026,1,19,0,32658.61914460285,115,1.2
786,6274,4,6,1,3,0,2026,4,8,0,32658.61914460285,120,1.2
787,18205,3,13,1,1,0,2026,4,27,0,22062.8625,172,1.2
788,5799,2,15,0,2,0,2026,2,12,0,4294.937037037037,159,1.0
789,21915,0,9,2,0,0,2026,2,5,1,13011.339658444023,183,1.5
790,34260,4,4,0,2,1,2026,6,26,0,32658.61914460285,128,1.0
791,32275,4,6,0,0,1,2026,2,18,0,32658.61914460285,120,1.0
792,55460,4,17,0,1,0,2026,4,23,0,32658.61914460285,128,1.0
793,12489,1,12,2,3,0,2026,1,5,1,10122.828092243186,155,1.5
794,24556,0,5,0,4,0,2026,1,26,0,13011.339658444023,171,1.0
795,3633,0,5,0,3,0,2026,1,1,0,13011.339658444023,171,1.0
796,57830,4,6,2,4,0,2026,3,15,0,32658.61914460285,120,1.5
797,1170,0,9,2,4,0,2026,6,26,0,13011.339658444023,183,1.5
798,6703,5,19,1,2,0,2026,5,18,0,4090.480412371134,120,1.2
799,6081,2,15,1,0,0,2026,2,5,1,4294.937037037037,159,1.2
800,9863,4,4,1,1,0,2026,3,4,0,32658.61914460285,128,1.2
801,5179,4,4,0,1,0,2026,3,25,0,32658.61914460285,128,1.0
802,7447,2,15,1,2,0,2026,2,23,0,4294.937037037037,159,1.2
803,5459,5,14,0,1,0,2026,3,21,0,4090.480412371134,121,1.0
804,21669,0,5,2,4,0,2026,5,29,0,13011.339658444023,171,1.5
805,6021,0,9,1,1,0,2026,1,12,0,13011.339658444023,183,1.2
806,8723,1,7,1,0,0,2026,6,3,0,10122.828092243186,140,1.2
807,5562,2,15,0,2,0,2026,4,27,0,4294.937037037037,159,1.0
808,4324,5,18,0,0,0,2026,1,17,0,4090.480412371134,122,1.0
809,7213,5,18,2,4,0,2026,4,4,0,4090.480412371134,122,1.5
810,34437,3,11,1,0,0,2026,6,5,1,22062.8625,166,1.2
811,12156,1,3,0,1,0,2026,1,8,0,10122.828092243186,182,1.0
812,32438,3,13,0,1,0,2026,1,24,0,22062.8625,172,1.0
813,3607,2,10,2,1,0,2026,6,14,0,4294.937037037037,116,1.5
814,3952,5,14,1,3,0,2026,4,30,0,4090.480412371134,121,1.2
815,8567,0,5,0,0,0,2026,3,11,0,13011.339658444023,171,1.0
816,7557,2,15,0,0,0,2026,4,22,0,4294.937037037037,159,1.0
817,4693,2,16,0,0,0,2026,6,6,1,4294.937037037037,140,1.0
818,36819,4,0,0,4,0,2026,1,24,0,32658.61914460285,115,1.0
819,11846,1,3,2,3,0,2026,6,26,0,10122.828092243186,182,1.5
820,5250,5,1,1,4,0,2026,3,23,0,4090.480412371134,122,1.2
821,4274,0,9,2,3,0,2026,6,9,0,13011.339658444023,183,1.5
822,19004,1,12,2,1,0,2026,2,13,0,10122.828092243186,155,1.5
823,4043,2,15,2,4,0,2026,1,17,0,4294.937037037037,159,1.5
824,7180,2,2,2,4,0,2026,1,9,0,4294.937037037037,125,1.5
825,27164,3,13,2,4,0,2026,2,25,0,22062.8625,172,1.5
826,3871,1,12,0,0,0,2026,1,1,0,10122.828092243186,155,1.0
827,713,5,18,0,4,0,2026,4,25,0,4090.480412371134,122,1.0
828,1259,1,7,1,0,0,2026,1,1,0,10122.828092243186,140,1.2
829,1666,2,15,2,4,0,2026,2,25,0,4294.937037037037,159,1.5
830,8434,0,20,0,2,0,2026,4,11,0,13011.339658444023,173,1.0
831,16324,4,6,1,2,0,2026,5,30,0,32658.61914460285,120,1.2
832,2035,5,19,1,0,0,2026,5,16,0,4090.480412371134,120,1.2
833,42953,4,6,0,0,0,2026,4,1,0,32658.61914460285,120,1.0
834,5629,2,16,0,2,0,2026,4,1,0,4294.937037037037,140,1.0
835,19927,3,11,1,0,0,2026,2,16,0,22062.8625,166,1.2
836,4866,5,1,1,3,0,2026,1,14,0,4090.480412371134,122,1.2
837,2299,2,15,1,3,0,2026,5,29,0,4294.937037037037,159,1.2
838,3846,5,19,2,1,0,2026,3,6,1,4090.480412371134,120,1.5
839,58241,4,0,0,2,1,2026,4,18,0,32658.61914460285,115,1.0
840,7686,1,12,1,3,0,2026,5,30,0,10122.828092243186,155,1.2
841,1113,1,12,1,4,0,2026,3,1,0,10122.828092243186,155,1.2
842,27399,4,6,0,0,0,2026,2,27,0,32658.61914460285,120,1.0
843,23926,0,20,1,2,0,2026,2,1,0,13011.339658444023,173,1.2
844,4175,5,19,1,2,0,2026,1,13,0,4090.480412371134,120,1.2
845,21365,0,20,0,3,0,2026,3,27,0,13011.339658444023,173,1.0
846,6082,0,20,1,4,0,2026,5,13,0,13011.339658444023,173,1.2
847,7563,5,18,2,1,0,2026,1,23,0,4090.480412371134,122,1.5
848,31268,3,11,1,1,0,2026,5,25,0,22062.8625,166,1.2
849,5899,2,10,1,2,0,2026,6,29,0,4294.937037037037,116,1.2
850,25785,3,8,1,3,0,2026,4,23,0,22062.8625,142,1.2
851,1018,2,2,0,2,0,2026,4,20,0,4294.937037037037,125,1.0
852,34057,3,11,0,2,0,2026,6,25,0,22062.8625,166,1.0
853,1037,2,16,0,2,0,2026,5,26,0,4294.937037037037,140,1.0
854,7246,2,10,2,0,0,2026,2,22,0,4294.937037037037,116,1.5
855,53331,4,17,0,2,0,2026,4,28,0,32658.61914460285,128,1.0
856,29821,3,13,0,3,0,2026,2,20,0,22062.8625,172,1.0
857,4372,5,1,0,0,0,2026,2,5,1,4090.480412371134,122,1.0
858,3763,3,8,1,0,0,2026,3,11,0,22062.8625,142,1.2
859,22058,0,20,1,2,1,2026,6,28,0,13011.339658444023,173,1.2
860,5109,5,1,2,1,0,2026,5,22,0,4090.480412371134,122,1.5
861,20950,0,9,1,1,0,2026,4,11,0,13011.339658444023,183,1.2
862,8317,1,7,2,2,0,2026,3,17,0,10122.828092243186,140,1.5
863,3730,5,1,1,2,0,2026,1,31,0,4090.480412371134,122,1.2
864,5403,1,12,2,4,0,2026,5,24,0,10122.828092243186,155,1.5
865,34083,4,4,0,0,0,2026,2,20,0,32658.61914460285,128,1.0
866,4564,2,15,2,4,1,2026,5,29,0,4294.937037037037,159,1.5
867,58659,4,0,1,1,0,2026,3,18,0,32658.61914460285,115,1.2
868,4523,3,11,1,3,0,2026,5,10,0,22062.8625,166,1.2
869,15833,4,17,0,1,0,2026,2,3,0,32658.61914460285,128,1.0
870,790,5,18,1,3,0,2026,4,4,0,4090.480412371134,122,1.2
871,2914,2,2,2,1,0,2026,3,22,0,4294.937037037037,125,1.5
872,10038,0,20,0,4,0,2026,6,7,0,13011.339658444023,173,1.0
873,7535,0,9,2,2,0,2026,2,9,0,13011.339658444023,183,1.5
874,23368,0,9,0,3,0,2026,6,24,0,13011.339658444023,183,1.0
875,4808,2,2,0,0,0,2026,5,9,0,4294.937037037037,125,1.0
876,27149,4,0,1,4,0,2026,2,12,0,32658.61914460285,115,1.2
877,17766,1,7,0,1,1,2026,4,14,0,10122.828092243186,140,1.0
878,49097,4,4,1,4,1,2026,4,16,0,32658.61914460285,128,1.2
879,14631,1,12,2,3,0,2026,5,13,0,10122.828092243186,155,1.5
880,2840,5,1,0,4,0,2026,5,26,0,4090.480412371134,122,1.0
881,14843,1,7,1,1,0,2026,5,17,0,10122.828092243186,140,1.2
882,54266,4,6,2,3,1,2026,5,15,0,32658.61914460285,120,1.5
883,32561,3,13,2,2,1,2026,6,27,0,22062.8625,172,1.5
884,5069,0,5,1,1,0,2026,4,6,1,13011.339658444023,171,1.2
885,3257,2,2,1,0,0,2026,3,12,0,4294.937037037037,125,1.2
886,8886,0,9,1,2,0,2026,4,13,0,13011.339658444023,183,1.2
887,3578,3,8,2,2,1,2026,4,15,0,22062.8625,142,1.5
888,59685,4,4,1,2,1,2026,1,20,0,32658.61914460285,128,1.2
889,461,5,14,2,2,0,2026,1,17,0,4090.480412371134,121,1.5
890,1815,2,10,0,0,0,2026,2,4,0,4294.937037037037,116,1.0
891,8228,1,7,2,3,0,2026,5,10,0,10122.828092243186,140,1.5
892,21613,0,20,2,0,0,2026,3,31,0,13011.339658444023,173,1.5
893,1909,5,14,0,0,0,2026,3,18,0,4090.480412371134,121,1.0
894,13258,1,3,0,4,0,2026,1,25,0,10122.828092243186,182,1.0
895,3843,0,5,1,2,0,2026,6,9,0,13011.339658444023,171,1.2
896,7240,5,18,1,4,0,2026,6,7,0,4090.480412371134,122,1.2
897,55806,4,6,0,1,0,2026,1,12,0,32658.61914460285,120,1.0
898,2199,1,12,2,0,0,2026,4,9,0,10122.828092243186,155,1.5
899,19343,0,9,2,1,0,2026,5,20,0,13011.339658444023,183,1.5
900,7318,5,18,1,2,0,2026,5,18,0,4090.480412371134,122,1.2
901,34843,3,13,2,1,0,2026,6,12,0,22062.8625,172,1.5
902,4767,2,10,2,1,0,2026,5,9,0,4294.937037037037,116,1.5
903,7140,1,3,1,4,0,2026,2,8,0,10122.828092243186,182,1.2
904,2024,5,18,0,0,0,2026,2,16,0,4090.480412371134,122,1.0
905,2403,5,1,2,0,0,2026,4,8,0,4090.480412371134,122,1.5
906,505,5,1,1,0,0,2026,1,19,0,4090.480412371134,122,1.2
907,25198,3,11,0,1,0,2026,1,12,0,22062.8625,166,1.0
908,12777,1,12,2,2,0,2026,4,18,0,10122.828092243186,155,1.5
909,12521,0,5,0,0,0,2026,6,9,0,13011.339658444023,171,1.0
910,44847,4,4,1,3,1,2026,3,13,0,32658.61914460285,128,1.2
911,44439,4,6,2,0,0,2026,3,27,0,32658.61914460285,120,1.5
912,8469,0,9,1,3,0,2026,1,12,0,13011.339658444023,183,1.2
913,3628,2,16,0,3,0,2026,6,1,0,4294.937037037037,140,1.0
914,6087,2,2,2,4,0,2026,1,4,0,4294.937037037037,125,1.5
915,17922,0,20,1,0,0,2026,3,24,0,13011.339658444023,173,1.2
916,12875,1,7,0,1,0,2026,5,13,0,10122.828092243186,140,1.0
917,35923,4,4,2,1,0,2026,4,3,0,32658.61914460285,128,1.5
918,9340,0,20,2,2,0,2026,5,11,0,13011.339658444023,173,1.5
919,5438,5,18,1,3,0,2026,5,26,0,4090.480412371134,122,1.2
920,3530,1,3,0,0,0,2026,1,10,0,10122.828092243186,182,1.0
921,11406,1,3,1,3,0,2026,6,9,0,10122.828092243186,182,1.2
922,50708,4,0,1,1,0,2026,1,1,0,32658.61914460285,115,1.2
923,13012,3,13,1,3,0,2026,1,29,0,22062.8625,172,1.2
924,18235,3,11,1,0,0,2026,1,7,0,22062.8625,166,1.2
925,13058,1,7,1,2,0,2026,5,10,0,10122.828092243186,140,1.2
926,7544,1,12,0,0,0,2026,4,29,0,10122.828092243186,155,1.0
927,5134,1,3,2,3,0,2026,1,19,0,10122.828092243186,182,1.5
928,16053,3,8,0,2,0,2026,4,16,0,22062.8625,142,1.0
929,1145,2,10,0,4,0,2026,4,17,0,4294.937037037037,116,1.0
930,32180,3,8,0,3,0,2026,4,6,1,22062.8625,142,1.0
931,34789,4,6,1,3,0,2026,6,4,0,32658.61914460285,120,1.2
932,2245,2,10,0,1,0,2026,1,19,0,4294.937037037037,116,1.0
933,10390,1,3,1,2,0,2026,1,12,0,10122.828092243186,182,1.2
934,9174,0,9,1,0,0,2026,3,14,0,13011.339658444023,183,1.2
935,578,2,15,2,2,0,2026,6,18,0,4294.937037037037,159,1.5
936,23895,4,4,2,1,0,2026,6,11,0,32658.61914460285,128,1.5
937,18409,0,20,0,1,0,2026,5,1,0,13011.339658444023,173,1.0
938,10924,3,13,1,4,0,2026,5,24,0,22062.8625,172,1.2
939,7404,2,15,0,2,1,2026,2,28,0,4294.937037037037,159,1.0
940,596,2,2,2,4,0,2026,5,8,0,4294.937037037037,125,1.5
941,25218,4,4,0,2,0,2026,5,11,0,32658.61914460285,128,1.0
942,37096,4,0,0,3,0,2026,4,18,0,32658.61914460285,115,1.0
943,13791,1,7,1,0,0,2026,3,24,0,10122.828092243186,140,1.2
944,14690,4,6,2,0,0,2026,2,6,1,32658.61914460285,120,1.5
945,5436,5,18,1,0,0,2026,3,18,0,4090.480412371134,122,1.2
946,22009,3,11,0,4,0,2026,1,5,1,22062.8625,166,1.0
947,10877,1,3,1,1,0,2026,5,3,0,10122.828092243186,182,1.2
948,25226,3,11,2,4,0,2026,2,1,0,22062.8625,166,1.5
949,1050,2,2,2,3,0,2026,5,3,0,4294.937037037037,125,1.5
950,4190,1,12,2,4,1,2026,1,14,0,10122.828092243186,155,1.5
951,39389,3,13,0,4,0,2026,1,1,0,22062.8625,172,1.0
952,15285,1,12,2,3,1,2026,4,28,0,10122.828092243186,155,1.5
953,10936,3,13,0,3,0,2026,3,5,1,22062.8625,172,1.0
954,13788,0,20,1,0,0,2026,3,11,0,13011.339658444023,173,1.2
955,33172,4,4,2,2,0,2026,2,28,0,32658.61914460285,128,1.5
956,6170,2,15,1,4,0,2026,5,9,0,4294.937037037037,159,1.2
957,7172,5,18,0,2,0,2026,6,5,1,4090.480412371134,122,1.0
958,50832,4,0,0,0,0,2026,1,8,0,32658.61914460285,115,1.0
959,4066,3,8,2,2,1,2026,2,6,1,22062.8625,142,1.5
960,1380,5,19,2,1,0,2026,4,28,0,4090.480412371134,120,1.5
961,34969,3,13,1,3,0,2026,4,13,0,22062.8625,172,1.2
962,5670,0,5,0,3,0,2026,5,15,0,13011.339658444023,171,1.0
963,17543,4,4,0,2,0,2026,4,28,0,32658.61914460285,128,1.0
964,16240,0,9,0,0,0,2026,2,27,0,13011.339658444023,183,1.0
965,1262,2,16,2,0,1,2026,3,31,0,4294.937037037037,140,1.5
966,6357,0,5,1,4,0,2026,5,4,0,13011.339658444023,171,1.2
967,1434,0,20,2,4,0,2026,3,15,0,13011.339658444023,173,1.5
968,6641,2,16,1,4,0,2026,4,16,0,4294.937037037037,140,1.2
969,13090,3,11,0,2,0,2026,4,11,0,22062.8625,166,1.0
970,26879,3,13,2,3,0,2026,6,7,0,22062.8625,172,1.5
971,3681,2,2,0,0,0,2026,4,28,0,4294.937037037037,125,1.0
972,3291,5,14,1,0,0,2026,5,21,0,4090.480412371134,121,1.2
973,9875,0,5,2,0,0,2026,3,30,0,13011.339658444023,171,1.5
974,5796,5,14,2,1,0,2026,3,29,0,4090.480412371134,121,1.5
975,7411,0,5,0,4,0,2026,1,28,0,13011.339658444023,171,1.0
976,6573,2,16,1,0,0,2026,6,1,0,4294.937037037037,140,1.2
977,36057,3,11,1,4,0,2026,5,11,0,22062.8625,166,1.2
978,5550,0,20,1,1,0,2026,4,2,0,13011.339658444023,173,1.2
979,1802,0,20,1,4,0,2026,2,7,0,13011.339658444023,173,1.2
980,1283,1,3,2,4,0,2026,5,8,0,10122.828092243186,182,1.5
981,1002,5,19,1,3,0,2026,4,15,0,4090.480412371134,120,1.2
982,17063,1,3,0,0,0,2026,3,8,0,10122.828092243186,182,1.0
983,25176,3,8,0,2,0,2026,6,26,0,22062.8625,142,1.0
984,7708,2,10,1,4,0,2026,5,27,0,4294.937037037037,116,1.2
985,34536,4,17,2,2,0,2026,1,19,0,32658.61914460285,128,1.5
986,2304,5,18,2,3,0,2026,4,29,0,4090.480412371134,122,1.5
987,3062,1,3,2,3,1,2026,5,5,1,10122.828092243186,182,1.5
988,817,5,1,0,0,0,2026,1,14,0,4090.480412371134,122,1.0
989,4150,2,2,2,2,0,2026,4,19,0,4294.937037037037,125,1.5
990,22798,3,13,0,1,0,2026,6,24,0,22062.8625,172,1.0
991,20613,3,13,2,1,0,2026,5,29,0,22062.8625,172,1.5
992,20686,0,5,2,2,0,2026,5,27,0,13011.339658444023,171,1.5
993,4318,2,10,1,0,0,2026,5,22,0,4294.937037037037,116,1.2
994,20745,3,13,1,4,0,2026,5,11,0,22062.8625,172,1.2
995,6691,5,14,0,3,0,2026,2,26,0,4090.480412371134,121,1.0
996,7910,5,1,2,4,0,2026,2,13,0,4090.480412371134,122,1.5
997,22785,4,4,1,1,0,2026,5,30,0,32658.61914460285,128,1.2
998,7621,1,12,1,2,0,2026,1,23,0,10122.828092243186,155,1.2
999,20612,0,20,1,2,0,2026,3,3,0,13011.339658444023,173,1.2
1000,27422,3,8,1,3,0,2026,1,28,0,22062.8625,142,1.2
1001,2931,2,2,0,3,0,2026,5,11,0,4294.937037037037,125,1.0
1002,11998,0,9,2,1,0,2026,1,27,0,13011.339658444023,183,1.5
1003,14593,1,7,2,0,1,2026,2,15,0,10122.828092243186,140,1.5
1004,26909,4,0,2,4,0,2026,3,27,0,32658.61914460285,115,1.5
1005,17821,0,9,0,1,0,2026,3,11,0,13011.339658444023,183,1.0
1006,991,2,10,0,3,0,2026,5,14,0,4294.937037037037,116,1.0
1007,39202,3,13,2,2,1,2026,6,26,0,22062.8625,172,1.5
1008,7354,2,2,1,0,0,2026,3,3,0,4294.937037037037,125,1.2
1009,13980,0,9,2,0,0,2026,4,24,0,13011.339658444023,183,1.5
1010,5670,5,1,2,3,0,2026,1,9,0,4090.480412371134,122,1.5
1011,2553,2,15,2,3,0,2026,3,4,0,4294.937037037037,159,1.5
1012,728,2,15,1,3,0,2026,6,13,0,4294.937037037037,159,1.2
1013,13639,3,11,0,1,1,2026,1,30,0,22062.8625,166,1.0
1014,11989,3,13,1,1,0,2026,2,27,0,22062.8625,172,1.2
1015,6911,5,14,1,1,0,2026,5,11,0,4090.480412371134,121,1.2
1016,6006,0,20,1,3,0,2026,2,14,0,13011.339658444023,173,1.2
1017,30001,3,11,0,3,0,2026,1,29,0,22062.8625,166,1.0
1018,26852,3,13,0,3,0,2026,3,31,0,22062.8625,172,1.0
1019,16958,1,3,1,1,0,2026,1,9,0,10122.828092243186,182,1.2
1020,24265,0,9,0,1,0,2026,2,17,0,13011.339658444023,183,1.0
1021,4015,0,20,2,3,0,2026,3,21,0,13011.339658444023,173,1.5
1022,21566,0,20,1,4,0,2026,6,10,0,13011.339658444023,173,1.2
1023,7225,2,16,1,3,0,2026,2,25,0,4294.937037037037,140,1.2
1024,8910,1,3,2,1,0,2026,5,6,1,10122.828092243186,182,1.5
1025,18609,0,9,1,4,0,2026,6,3,0,13011.339658444023,183,1.2
1026,2608,2,16,1,4,0,2026,6,26,0,4294.937037037037,140,1.2
1027,3784,2,16,2,2,0,2026,5,15,0,4294.937037037037,140,1.5
1028,2723,2,16,0,4,0,2026,1,26,0,4294.937037037037,140,1.0
1029,7200,2,2,0,3,0,2026,4,15,0,4294.937037037037,125,1.0
1030,13463,1,3,1,0,0,2026,1,9,0,10122.828092243186,182,1.2
1031,14737,0,20,2,2,0,2026,2,24,0,13011.339658444023,173,1.5
1032,2253,2,16,2,2,0,2026,4,25,0,4294.937037037037,140,1.5
1033,1316,2,16,0,3,1,2026,4,6,1,4294.937037037037,140,1.0
1034,50115,4,4,1,2,0,2026,2,3,0,32658.61914460285,128,1.2
1035,5353,2,16,1,0,0,2026,1,31,0,4294.937037037037,140,1.2
1036,2524,2,16,2,0,0,2026,4,4,0,4294.937037037037,140,1.5
1037,16925,0,20,1,0,0,2026,4,16,0,13011.339658444023,173,1.2
1038,38762,4,4,0,2,0,2026,4,9,0,32658.61914460285,128,1.0
1039,6098,5,19,1,2,0,2026,3,24,0,4090.480412371134,120,1.2
1040,6286,2,16,1,3,0,2026,4,11,0,4294.937037037037,140,1.2
1041,7054,2,2,0,2,0,2026,1,6,1,4294.937037037037,125,1.0
1042,24096,3,13,1,4,0,2026,3,21,0,22062.8625,172,1.2
1043,6715,0,20,1,4,0,2026,2,11,0,13011.339658444023,173,1.2
1044,6636,2,2,0,2,0,2026,4,10,0,4294.937037037037,125,1.0
1045,36008,4,17,0,4,0,2026,4,22,0,32658.61914460285,128,1.0
1046,3603,1,7,2,1,0,2026,6,21,0,10122.828092243186,140,1.5
1047,20159,0,20,0,2,0,2026,4,26,0,13011.339658444023,173,1.0
1048,1923,0,20,1,4,0,2026,6,3,0,13011.339658444023,173,1.2
1049,32233,4,4,1,2,0,2026,2,12,0,32658.61914460285,128,1.2
1050,38476,3,11,2,2,0,2026,3,29,0,22062.8625,166,1.5
1051,2270,5,18,1,2,0,2026,1,30,0,4090.480412371134,122,1.2
1052,44918,4,6,0,0,0,2026,5,30,0,32658.61914460285,120,1.0
1053,12484,1,12,2,0,0,2026,2,24,0,10122.828092243186,155,1.5
1054,490,5,18,2,4,0,2026,6,18,0,4090.480412371134,122,1.5
1055,3208,5,18,2,3,0,2026,6,19,0,4090.480412371134,122,1.5
1056,16460,0,5,2,1,0,2026,6,8,0,13011.339658444023,171,1.5
1057,1437,2,10,2,1,0,2026,2,7,0,4294.937037037037,116,1.5
1058,5653,4,17,2,1,1,2026,2,22,0,32658.61914460285,128,1.5
1059,15609,4,4,0,4,0,2026,3,21,0,32658.61914460285,128,1.0
1060,7520,5,1,1,0,0,2026,6,11,0,4090.480412371134,122,1.2
1061,17114,1,7,1,1,0,2026,1,6,1,10122.828092243186,140,1.2
1062,8389,3,11,0,3,0,2026,1,23,0,22062.8625,166,1.0
1063,6603,4,4,2,4,0,2026,5,14,0,32658.61914460285,128,1.5
1064,2193,2,15,2,2,0,2026,5,7,0,4294.937037037037,159,1.5
1065,13264,0,9,0,2,0,2026,2,2,0,13011.339658444023,183,1.0
1066,40235,4,4,2,2,0,2026,1,29,0,32658.61914460285,128,1.5
1067,23405,0,9,0,4,0,2026,4,10,0,13011.339658444023,183,1.0
1068,10753,3,11,0,3,0,2026,4,28,0,22062.8625,166,1.0
1069,17509,1,7,1,0,0,2026,3,2,0,10122.828092243186,140,1.2
1070,16450,1,12,1,0,0,2026,2,27,0,10122.828092243186,155,1.2
1071,1703,5,1,1,1,0,2026,1,31,0,4090.480412371134,122,1.2
1072,31767,3,8,0,4,0,2026,1,10,0,22062.8625,142,1.0
1073,36539,3,8,1,2,0,2026,3,27,0,22062.8625,142,1.2
1074,3007,2,16,0,1,0,2026,4,7,0,4294.937037037037,140,1.0
1075,975,2,10,0,1,0,2026,4,13,0,4294.937037037037,116,1.0
1076,10154,4,0,0,4,0,2026,1,25,0,32658.61914460285,115,1.0
1077,17988,0,9,1,0,0,2026,3,10,0,13011.339658444023,183,1.2
1078,4295,5,18,0,0,0,2026,5,23,0,4090.480412371134,122,1.0
1079,2521,5,1,2,2,1,2026,5,29,0,4090.480412371134,122,1.5
1080,33335,4,4,0,2,0,2026,2,24,0,32658.61914460285,128,1.0
1081,1946,1,3,2,1,0,2026,6,10,0,10122.828092243186,182,1.5
1082,2944,5,14,1,0,0,2026,6,8,0,4090.480412371134,121,1.2
1083,848,2,10,1,1,0,2026,4,7,0,4294.937037037037,116,1.2
1084,1309,2,2,1,1,0,2026,5,14,0,4294.937037037037,125,1.2
1085,24265,0,5,1,4,0,2026,5,24,0,13011.339658444023,171,1.2
1086,7403,1,12,0,1,0,2026,1,31,0,10122.828092243186,155,1.0
1087,4971,5,18,2,2,1,2026,1,18,0,4090.480412371134,122,1.5
1088,2956,1,3,1,4,0,2026,3,8,0,10122.828092243186,182,1.2
1089,4911,5,14,1,3,0,2026,1,11,0,4090.480412371134,121,1.2
1090,3824,0,20,2,1,0,2026,3,7,0,13011.339658444023,173,1.5
1091,1136,5,1,2,4,1,2026,5,13,0,4090.480412371134,122,1.5
1092,7662,2,10,1,4,0,2026,5,24,0,4294.937037037037,116,1.2
1093,7717,0,20,1,2,0,2026,5,15,0,13011.339658444023,173,1.2
1094,31501,3,11,1,4,0,2026,6,7,0,22062.8625,166,1.2
1095,5339,0,20,1,1,0,2026,1,12,0,13011.339658444023,173,1.2
1096,4397,2,15,1,1,0,2026,6,10,0,4294.937037037037,159,1.2
1097,7761,1,7,1,1,0,2026,2,12,0,10122.828092243186,140,1.2
1098,1419,2,16,0,0,0,2026,3,18,0,4294.937037037037,140,1.0
1099,3244,2,15,1,4,0,2026,4,28,0,4294.937037037037,159,1.2
1100,20081,0,9,1,4,0,2026,2,7,0,13011.339658444023,183,1.2
1101,2848,2,10,0,0,0,2026,6,24,0,4294.937037037037,116,1.0
1102,4429,2,2,2,1,0,2026,5,13,0,4294.937037037037,125,1.5
1103,8145,3,13,1,4,0,2026,2,24,0,22062.8625,172,1.2
1104,21926,4,6,0,2,0,2026,4,29,0,32658.61914460285,120,1.0
1105,7491,2,15,2,4,0,2026,1,10,0,4294.937037037037,159,1.5
1106,308,5,1,1,0,0,2026,5,23,0,4090.480412371134,122,1.2
1107,14951,4,17,0,1,0,2026,4,17,0,32658.61914460285,128,1.0
1108,13963,1,12,2,1,0,2026,1,28,0,10122.828092243186,155,1.5
1109,19564,0,5,2,2,0,2026,5,10,0,13011.339658444023,171,1.5
1110,16673,0,5,2,1,0,2026,5,20,0,13011.339658444023,171,1.5
1111,5931,4,17,1,4,0,2026,4,27,0,32658.61914460285,128,1.2
1112,34208,3,11,2,1,0,2026,1,13,0,22062.8625,166,1.5
1113,1326,5,14,2,4,1,2026,5,11,0,4090.480412371134,121,1.5
1114,24828,4,4,2,4,0,2026,6,12,0,32658.61914460285,128,1.5
1115,3000,3,11,1,1,0,2026,3,15,0,22062.8625,166,1.2
1116,20256,0,20,2,0,0,2026,5,11,0,13011.339658444023,173,1.5
1117,1989,5,19,0,1,0,2026,4,19,0,4090.480412371134,120,1.0
1118,18842,1,3,0,3,0,2026,3,5,1,10122.828092243186,182,1.0
1119,15924,0,9,2,1,0,2026,1,3,0,13011.339658444023,183,1.5
1120,17431,1,7,1,4,0,2026,2,4,0,10122.828092243186,140,1.2
1121,13563,4,0,0,2,0,2026,4,25,0,32658.61914460285,115,1.0
1122,5627,2,10,2,0,0,2026,6,16,0,4294.937037037037,116,1.5
1123,2473,2,16,2,0,0,2026,5,26,0,4294.937037037037,140,1.5
1124,2586,5,1,2,2,0,2026,2,15,0,4090.480412371134,122,1.5
1125,57145,4,17,0,3,0,2026,5,9,0,32658.61914460285,128,1.0
1126,5569,5,19,1,3,0,2026,6,28,0,4090.480412371134,120,1.2
1127,18007,0,20,1,0,0,2026,5,15,0,13011.339658444023,173,1.2
1128,22775,4,17,2,0,0,2026,2,18,0,32658.61914460285,128,1.5
1129,2135,0,5,1,3,0,2026,1,12,0,13011.339658444023,171,1.2
1130,36162,4,17,1,2,0,2026,3,28,0,32658.61914460285,128,1.2
1131,5442,2,2,1,2,0,2026,3,21,0,4294.937037037037,125,1.2
1132,6330,2,10,2,2,0,2026,3,2,0,4294.937037037037,116,1.5
1133,1625,2,16,0,0,0,2026,4,11,0,4294.937037037037,140,1.0
1134,17847,1,12,0,4,0,2026,6,15,0,10122.828092243186,155,1.0
1135,33771,3,8,0,1,0,2026,6,4,0,22062.8625,142,1.0
1136,59431,4,17,0,0,1,2026,6,11,0,32658.61914460285,128,1.0
1137,16549,1,3,2,2,1,2026,4,28,0,10122.828092243186,182,1.5
1138,15768,0,5,1,4,0,2026,5,25,0,13011.339658444023,171,1.2
1139,4725,2,15,1,1,0,2026,1,5,1,4294.937037037037,159,1.2
1140,3766,2,15,2,4,1,2026,3,16,0,4294.937037037037,159,1.5
1141,27486,4,17,0,2,0,2026,1,7,0,32658.61914460285,128,1.0
1142,2967,5,14,2,1,0,2026,6,11,0,4090.480412371134,121,1.5
1143,12342,0,9,1,2,0,2026,1,17,0,13011.339658444023,183,1.2
1144,29039,4,0,1,2,0,2026,5,5,1,32658.61914460285,115,1.2
1145,10543,4,6,1,0,0,2026,6,17,0,32658.61914460285,120,1.2
1146,3854,2,2,2,2,0,2026,3,27,0,4294.937037037037,125,1.5
1147,2134,0,5,2,1,0,2026,3,14,0,13011.339658444023,171,1.5
1148,18354,4,17,1,4,0,2026,3,6,1,32658.61914460285,128,1.2
1149,27751,3,13,0,4,0,2026,4,2,0,22062.8625,172,1.0
1150,3967,2,2,1,0,1,2026,1,14,0,4294.937037037037,125,1.2
1151,38868,4,0,0,3,0,2026,3,10,0,32658.61914460285,115,1.0
1152,7707,2,10,1,4,0,2026,6,8,0,4294.937037037037,116,1.2
1153,5943,0,9,2,1,0,2026,6,22,0,13011.339658444023,183,1.5
1154,18164,4,0,1,3,0,2026,6,25,0,32658.61914460285,115,1.2
1155,21796,3,8,2,0,0,2026,4,9,0,22062.8625,142,1.5
1156,14959,3,11,0,2,0,2026,5,8,0,22062.8625,166,1.0
1157,15901,1,3,1,2,0,2026,2,14,0,10122.828092243186,182,1.2
1158,6628,4,4,0,0,0,2026,5,29,0,32658.61914460285,128,1.0
1159,19377,3,11,1,1,1,2026,5,26,0,22062.8625,166,1.2
1160,7610,1,7,0,0,0,2026,2,28,0,10122.828092243186,140,1.0
1161,1030,1,3,2,2,0,2026,2,21,0,10122.828092243186,182,1.5
1162,2076,2,15,1,3,0,2026,2,21,0,4294.937037037037,159,1.2
1163,13918,1,3,2,0,0,2026,2,14,0,10122.828092243186,182,1.5
1164,3990,0,5,1,1,0,2026,5,31,0,13011.339658444023,171,1.2
1165,59768,4,0,1,1,1,2026,6,11,0,32658.61914460285,115,1.2
1166,3646,5,1,1,2,0,2026,2,9,0,4090.480412371134,122,1.2
1167,4758,5,18,0,3,0,2026,2,14,0,4090.480412371134,122,1.0
1168,3347,2,15,1,2,0,2026,5,31,0,4294.937037037037,159,1.2
1169,46008,4,17,1,2,0,2026,2,7,0,32658.61914460285,128,1.2
1170,8578,0,20,1,0,1,2026,2,28,0,13011.339658444023,173,1.2
1171,10648,1,7,2,3,0,2026,1,7,0,10122.828092243186,140,1.5
1172,30225,3,8,1,4,0,2026,3,29,0,22062.8625,142,1.2
1173,17908,0,20,0,2,0,2026,2,14,0,13011.339658444023,173,1.0
1174,3255,5,1,2,3,0,2026,2,3,0,4090.480412371134,122,1.5
1175,7630,1,3,1,3,0,2026,2,17,0,10122.828092243186,182,1.2
1176,7652,3,8,1,1,0,2026,4,1,0,22062.8625,142,1.2
1177,15415,1,7,0,0,0,2026,1,27,0,10122.828092243186,140,1.0
1178,10499,0,20,2,4,0,2026,3,16,0,13011.339658444023,173,1.5
1179,23833,3,11,1,4,0,2026,2,13,0,22062.8625,166,1.2
1180,6871,2,2,1,4,0,2026,6,23,0,4294.937037037037,125,1.2
1181,6012,5,14,0,1,0,2026,5,14,0,4090.480412371134,121,1.0
1182,39619,4,0,1,2,0,2026,3,23,0,32658.61914460285,115,1.2
1183,16875,4,0,0,4,0,2026,2,28,0,32658.61914460285,115,1.0
1184,6432,1,7,0,4,0,2026,3,9,0,10122.828092243186,140,1.0
1185,6681,2,16,2,0,0,2026,1,5,1,4294.937037037037,140,1.5
1186,7746,5,19,0,1,0,2026,5,19,0,4090.480412371134,120,1.0
1187,58905,4,6,0,0,0,2026,3,28,0,32658.61914460285,120,1.0
1188,3389,5,19,1,3,0,2026,6,1,0,4090.480412371134,120,1.2
1189,2816,5,19,2,4,0,2026,3,21,0,4090.480412371134,120,1.5
1190,10549,0,20,2,1,1,2026,6,17,0,13011.339658444023,173,1.5
1191,26230,3,13,0,0,0,2026,1,7,0,22062.8625,172,1.0
1192,58788,4,4,2,0,1,2026,1,18,0,32658.61914460285,128,1.5
1193,25719,4,4,0,2,0,2026,1,12,0,32658.61914460285,128,1.0
1194,6764,5,14,0,2,1,2026,1,16,0,4090.480412371134,121,1.0
1195,3839,1,7,0,2,0,2026,1,26,0,10122.828092243186,140,1.0
1196,1843,0,20,0,2,0,2026,5,1,0,13011.339658444023,173,1.0
1197,20741,0,5,1,0,0,2026,5,23,0,13011.339658444023,171,1.2
1198,4457,2,10,1,1,0,2026,4,26,0,4294.937037037037,116,1.2
1199,14176,3,8,0,4,0,2026,3,27,0,22062.8625,142,1.0
1200,3581,5,19,1,0,0,2026,4,9,0,4090.480412371134,120,1.2
1201,2328,2,15,2,1,0,2026,2,14,0,4294.937037037037,159,1.5
1202,1926,5,19,2,3,0,2026,4,5,1,4090.480412371134,120,1.5
1203,4968,2,10,0,4,0,2026,4,15,0,4294.937037037037,116,1.0
1204,5117,2,16,0,3,0,2026,3,6,1,4294.937037037037,140,1.0
1205,500,5,19,2,0,0,2026,3,7,0,4090.480412371134,120,1.5
1206,4387,1,7,2,3,0,2026,1,15,0,10122.828092243186,140,1.5
1207,1837,5,1,1,3,0,2026,2,14,0,4090.480412371134,122,1.2
1208,58104,4,0,2,4,1,2026,1,15,0,32658.61914460285,115,1.5
1209,56787,4,0,0,1,1,2026,1,11,0,32658.61914460285,115,1.0
1210,7229,5,19,1,0,0,2026,3,15,0,4090.480412371134,120,1.2
1211,6979,3,11,2,0,0,2026,6,29,0,22062.8625,166,1.5
1212,58981,4,4,0,2,1,2026,1,24,0,32658.61914460285,128,1.0
1213,12313,0,9,2,2,0,2026,5,26,0,13011.339658444023,183,1.5
1214,2040,1,3,1,0,0,2026,5,21,0,10122.828092243186,182,1.2
1215,4825,3,11,1,0,0,2026,1,15,0,22062.8625,166,1.2
1216,6807,4,4,0,4,0,2026,2,23,0,32658.61914460285,128,1.0
1217,5369,1,12,2,4,0,2026,3,8,0,10122.828092243186,155,1.5
1218,4433,5,19,2,0,0,2026,6,19,0,4090.480412371134,120,1.5
1219,19904,0,9,0,4,0,2026,6,14,0,13011.339658444023,183,1.0
1220,13684,0,20,2,0,0,2026,5,2,0,13011.339658444023,173,1.5
1221,28509,3,8,2,2,0,2026,6,15,0,22062.8625,142,1.5
1222,4543,3,11,2,1,0,2026,3,12,0,22062.8625,166,1.5
1223,22555,3,13,1,4,0,2026,4,10,0,22062.8625,172,1.2
1224,7315,5,1,0,0,0,2026,5,14,0,4090.480412371134,122,1.0
1225,1437,5,19,0,4,0,2026,5,21,0,4090.480412371134,120,1.0
1226,10034,1,7,1,1,0,2026,6,25,0,10122.828092243186,140,1.2
1227,10215,1,7,1,4,0,2026,1,31,0,10122.828092243186,140,1.2
1228,20138,0,9,0,1,0,2026,4,18,0,13011.339658444023,183,1.0
1229,720,2,16,2,1,0,2026,5,19,0,4294.937037037037,140,1.5
1230,6525,2,2,0,2,0,2026,2,2,0,4294.937037037037,125,1.0
1231,5811,2,15,2,2,0,2026,4,4,0,4294.937037037037,159,1.5
1232,23195,0,9,0,4,0,2026,1,22,0,13011.339658444023,183,1.0
1233,59535,4,4,0,3,0,2026,6,3,0,32658.61914460285,128,1.0
1234,6600,2,15,1,0,0,2026,5,29,0,4294.937037037037,159,1.2
1235,34348,3,8,1,1,1,2026,4,8,0,22062.8625,142,1.2
1236,1939,2,10,1,3,0,2026,3,31,0,4294.937037037037,116,1.2
1237,5067,2,16,2,4,1,2026,5,16,0,4294.937037037037,140,1.5
1238,24053,4,4,1,4,0,2026,4,14,0,32658.61914460285,128,1.2
1239,1112,5,1,1,1,0,2026,1,24,0,4090.480412371134,122,1.2
1240,7585,4,0,2,0,0,2026,3,29,0,32658.61914460285,115,1.5
1241,50384,4,4,1,4,0,2026,5,29,0,32658.61914460285,128,1.2
1242,5181,5,19,0,4,0,2026,5,1,0,4090.480412371134,120,1.0
1243,3075,1,12,0,2,0,2026,1,23,0,10122.828092243186,155,1.0
1244,4398,1,3,1,1,0,2026,6,24,0,10122.828092243186,182,1.2
1245,4699,5,19,0,4,0,2026,5,18,0,4090.480412371134,120,1.0
1246,9436,0,5,2,3,1,2026,6,12,0,13011.339658444023,171,1.5
1247,2850,5,1,0,3,0,2026,5,28,0,4090.480412371134,122,1.0
1248,11804,0,20,0,4,0,2026,1,21,0,13011.339658444023,173,1.0
1249,25210,3,8,1,1,0,2026,3,20,0,22062.8625,142,1.2
1250,1135,5,14,2,0,0,2026,2,21,0,4090.480412371134,121,1.5
1251,2087,1,7,2,4,0,2026,3,15,0,10122.828092243186,140,1.5
1252,24694,4,17,1,4,0,2026,6,13,0,32658.61914460285,128,1.2
1253,707,5,19,0,4,0,2026,5,16,0,4090.480412371134,120,1.0
1254,766,5,1,2,2,0,2026,6,18,0,4090.480412371134,122,1.5
1255,2197,1,3,1,2,0,2026,3,26,0,10122.828092243186,182,1.2
1256,7253,5,1,0,1,0,2026,2,1,0,4090.480412371134,122,1.0
1257,6096,0,9,0,2,0,2026,1,15,0,13011.339658444023,183,1.0
1258,43218,4,4,1,4,0,2026,3,1,0,32658.61914460285,128,1.2
1259,20419,4,4,2,0,0,2026,4,26,0,32658.61914460285,128,1.5
1260,29496,3,13,0,3,0,2026,4,26,0,22062.8625,172,1.0
1261,2770,1,7,1,4,0,2026,5,7,0,10122.828092243186,140,1.2
1262,23619,3,13,2,3,0,2026,1,19,0,22062.8625,172,1.5
1263,10766,3,8,2,2,0,2026,2,9,0,22062.8625,142,1.5
1264,7908,5,18,0,0,0,2026,6,16,0,4090.480412371134,122,1.0
1265,1108,5,18,1,0,0,2026,3,22,0,4090.480412371134,122,1.2
1266,4572,0,5,2,3,0,2026,4,12,0,13011.339658444023,171,1.5
1267,6655,5,14,1,3,0,2026,1,29,0,4090.480412371134,121,1.2
1268,15818,1,3,1,0,0,2026,6,7,0,10122.828092243186,182,1.2
1269,1864,2,15,2,3,1,2026,2,17,0,4294.937037037037,159,1.5
1270,21994,0,5,0,3,0,2026,6,7,0,13011.339658444023,171,1.0
1271,22061,3,8,0,4,0,2026,2,20,0,22062.8625,142,1.0
1272,22049,3,11,0,1,0,2026,3,20,0,22062.8625,166,1.0
1273,57577,4,4,1,4,0,2026,4,16,0,32658.61914460285,128,1.2
1274,16383,3,11,0,2,0,2026,6,22,0,22062.8625,166,1.0
1275,13920,1,12,1,2,0,2026,3,22,0,10122.828092243186,155,1.2
1276,33554,3,8,1,0,0,2026,4,14,0,22062.8625,142,1.2
1277,7575,1,3,2,2,0,2026,6,20,0,10122.828092243186,182,1.5
1278,6867,5,19,0,2,0,2026,5,25,0,4090.480412371134,120,1.0
1279,13455,1,12,1,3,0,2026,4,2,0,10122.828092243186,155,1.2
1280,4309,2,16,0,1,0,2026,6,20,0,4294.937037037037,140,1.0
1281,701,2,16,1,4,0,2026,1,6,1,4294.937037037037,140,1.2
1282,7098,0,20,0,3,0,2026,4,29,0,13011.339658444023,173,1.0
1283,33831,4,4,0,1,0,2026,3,19,0,32658.61914460285,128,1.0
1284,23597,0,9,2,1,0,2026,1,24,0,13011.339658444023,183,1.5
1285,5454,5,19,1,0,0,2026,4,9,0,4090.480412371134,120,1.2
1286,3907,5,14,0,0,0,2026,2,9,0,4090.480412371134,121,1.0
1287,31245,4,17,2,0,0,2026,5,26,0,32658.61914460285,128,1.5
1288,18031,0,5,0,3,0,2026,5,3,0,13011.339658444023,171,1.0
1289,33846,4,0,2,0,0,2026,1,5,1,32658.61914460285,115,1.5
1290,47216,4,6,0,2,1,2026,4,1,0,32658.61914460285,120,1.0
1291,16818,4,4,2,3,0,2026,4,18,0,32658.61914460285,128,1.5
1292,30561,4,4,1,3,0,2026,4,30,0,32658.61914460285,128,1.2
1293,18932,1,7,1,3,0,2026,3,22,0,10122.828092243186,140,1.2
1294,27493,3,11,0,1,0,2026,4,16,0,22062.8625,166,1.0
1295,2799,1,3,0,4,0,2026,5,24,0,10122.828092243186,182,1.0
1296,19819,0,20,1,4,0,2026,4,18,0,13011.339658444023,173,1.2
1297,3404,5,14,1,2,0,2026,4,2,0,4090.480412371134,121,1.2
1298,14230,0,9,0,3,0,2026,2,16,0,13011.339658444023,183,1.0
1299,2276,5,14,2,4,0,2026,2,15,0,4090.480412371134,121,1.5
1300,26563,4,0,1,3,0,2026,4,19,0,32658.61914460285,115,1.2
1301,4226,2,2,1,1,0,2026,5,22,0,4294.937037037037,125,1.2
1302,57279,4,17,0,0,0,2026,4,28,0,32658.61914460285,128,1.0
1303,22290,0,9,0,4,0,2026,3,4,0,13011.339658444023,183,1.0
1304,2483,0,20,0,2,0,2026,4,18,0,13011.339658444023,173,1.0
1305,9484,4,6,1,3,0,2026,3,9,0,32658.61914460285,120,1.2
1306,6415,5,19,2,1,0,2026,5,11,0,4090.480412371134,120,1.5
1307,19592,1,7,2,3,0,2026,1,3,0,10122.828092243186,140,1.5
1308,7279,2,15,2,2,0,2026,1,17,0,4294.937037037037,159,1.5
1309,49169,4,17,0,4,0,2026,6,12,0,32658.61914460285,128,1.0
1310,51282,4,0,0,4,0,2026,4,4,0,32658.61914460285,115,1.0
1311,3157,0,20,2,2,0,2026,2,8,0,13011.339658444023,173,1.5
1312,5705,1,12,1,3,0,2026,5,23,0,10122.828092243186,155,1.2
1313,46237,4,4,2,1,0,2026,5,4,0,32658.61914460285,128,1.5
1314,13305,4,4,2,1,0,2026,1,4,0,32658.61914460285,128,1.5
1315,12623,0,20,1,0,0,2026,1,29,0,13011.339658444023,173,1.2
1316,2937,5,19,2,2,0,2026,5,9,0,4090.480412371134,120,1.5
1317,9896,1,12,1,1,0,2026,6,19,0,10122.828092243186,155,1.2
1318,4226,2,2,2,0,0,2026,5,25,0,4294.937037037037,125,1.5
1319,790,2,10,2,3,0,2026,4,29,0,4294.937037037037,116,1.5
1320,34925,3,8,1,4,0,2026,5,23,0,22062.8625,142,1.2
1321,1785,5,14,2,4,0,2026,6,16,0,4090.480412371134,121,1.5
1322,27340,4,0,2,3,0,2026,6,1,0,32658.61914460285,115,1.5
1323,12406,1,3,0,1,0,2026,1,17,0,10122.828092243186,182,1.0
1324,4371,1,3,0,0,1,2026,3,23,0,10122.828092243186,182,1.0
1325,5523,1,12,2,0,0,2026,4,15,0,10122.828092243186,155,1.5
1326,1574,5,14,1,3,0,2026,6,1,0,4090.480412371134,121,1.2
1327,53406,4,6,2,4,0,2026,3,28,0,32658.61914460285,120,1.5
1328,19890,1,7,2,0,0,2026,3,12,0,10122.828092243186,140,1.5
1329,4936,2,16,2,2,1,2026,5,2,0,4294.937037037037,140,1.5
1330,4493,2,10,0,1,0,2026,6,1,0,4294.937037037037,116,1.0
1331,5463,2,10,0,3,0,2026,3,11,0,4294.937037037037,116,1.0
1332,9135,3,11,2,4,1,2026,2,3,0,22062.8625,166,1.5
1333,7055,5,18,2,3,0,2026,1,8,0,4090.480412371134,122,1.5
1334,3872,2,16,1,2,0,2026,3,10,0,4294.937037037037,140,1.2
1335,13035,0,5,2,3,0,2026,5,29,0,13011.339658444023,171,1.5
1336,946,5,14,0,3,0,2026,1,14,0,4090.480412371134,121,1.0
1337,3605,5,14,2,4,0,2026,5,6,1,4090.480412371134,121,1.5
1338,38619,3,11,2,0,0,2026,3,15,0,22062.8625,166,1.5
1339,4526,5,18,1,0,0,2026,3,26,0,4090.480412371134,122,1.2
1340,35253,3,8,2,0,0,2026,5,14,0,22062.8625,142,1.5
1341,3084,5,14,0,3,0,2026,2,11,0,4090.480412371134,121,1.0
1342,25818,4,0,0,4,0,2026,2,27,0,32658.61914460285,115,1.0
1343,15288,3,8,0,4,0,2026,3,4,0,22062.8625,142,1.0
1344,15233,4,0,0,0,0,2026,4,11,0,32658.61914460285,115,1.0
1345,1209,2,16,1,2,0,2026,6,12,0,4294.937037037037,140,1.2
1346,29113,3,11,1,3,0,2026,4,2,0,22062.8625,166,1.2
1347,2769,1,7,2,4,1,2026,3,15,0,10122.828092243186,140,1.5
1348,17351,3,8,0,0,0,2026,4,3,0,22062.8625,142,1.0
1349,2721,2,2,2,4,0,2026,1,17,0,4294.937037037037,125,1.5
1350,7927,5,1,0,1,0,2026,2,6,1,4090.480412371134,122,1.0
1351,22956,0,20,2,1,0,2026,4,27,0,13011.339658444023,173,1.5
1352,14017,3,8,1,4,0,2026,4,6,1,22062.8625,142,1.2
1353,21706,3,8,0,2,0,2026,1,14,0,22062.8625,142,1.0
1354,6674,5,14,0,0,0,2026,3,27,0,4090.480412371134,121,1.0
1355,19593,0,9,0,1,0,2026,5,15,0,13011.339658444023,183,1.0
1356,21124,4,4,1,2,0,2026,3,15,0,32658.61914460285,128,1.2
1357,1259,2,16,1,1,0,2026,5,3,0,4294.937037037037,140,1.2
1358,23611,3,8,0,3,0,2026,3,3,0,22062.8625,142,1.0
1359,15757,3,11,2,3,0,2026,3,13,0,22062.8625,166,1.5
1360,16941,3,11,1,1,0,2026,2,3,0,22062.8625,166,1.2
1361,46154,4,0,2,1,0,2026,5,6,1,32658.61914460285,115,1.5
1362,330,5,14,1,2,0,2026,5,15,0,4090.480412371134,121,1.2
1363,17522,0,5,2,4,0,2026,2,7,0,13011.339658444023,171,1.5
1364,3217,0,9,2,0,0,2026,1,6,1,13011.339658444023,183,1.5
1365,576,2,10,0,1,1,2026,3,7,0,4294.937037037037,116,1.0
1366,12819,1,12,2,4,0,2026,1,18,0,10122.828092243186,155,1.5
1367,9773,1,3,0,4,0,2026,1,2,0,10122.828092243186,182,1.0
1368,1312,5,1,0,3,0,2026,3,23,0,4090.480412371134,122,1.0
1369,2600,2,16,0,4,0,2026,3,11,0,4294.937037037037,140,1.0
1370,10423,4,0,2,2,0,2026,1,19,0,32658.61914460285,115,1.5
1371,6857,2,16,0,0,0,2026,5,21,0,4294.937037037037,140,1.0
1372,7148,5,14,0,4,1,2026,4,3,0,4090.480412371134,121,1.0
1373,37413,3,13,2,0,0,2026,2,15,0,22062.8625,172,1.5
1374,48133,4,17,2,3,1,2026,6,29,0,32658.61914460285,128,1.5
1375,4454,0,20,2,0,0,2026,5,6,1,13011.339658444023,173,1.5
1376,41952,4,0,0,0,0,2026,3,17,0,32658.61914460285,115,1.0
1377,13680,3,11,2,1,0,2026,3,21,0,22062.8625,166,1.5
1378,12320,0,20,1,3,0,2026,6,5,1,13011.339658444023,173,1.2
1379,7636,2,2,1,3,0,2026,3,3,0,4294.937037037037,125,1.2
1380,10661,3,13,2,4,0,2026,2,10,0,22062.8625,172,1.5
1381,46731,4,4,1,2,0,2026,1,28,0,32658.61914460285,128,1.2
1382,6046,5,19,1,0,0,2026,6,16,0,4090.480412371134,120,1.2
1383,492,5,1,0,1,0,2026,1,24,0,4090.480412371134,122,1.0
1384,37718,4,17,0,0,0,2026,5,12,0,32658.61914460285,128,1.0
1385,7537,5,19,2,3,0,2026,2,11,0,4090.480412371134,120,1.5
1386,223,5,14,1,4,0,2026,4,3,0,4090.480412371134,121,1.2
1387,1458,5,14,2,4,0,2026,3,15,0,4090.480412371134,121,1.5
1388,13802,0,5,0,0,0,2026,2,25,0,13011.339658444023,171,1.0
1389,1161,5,18,2,2,0,2026,6,16,0,4090.480412371134,122,1.5
1390,5327,5,19,2,0,0,2026,4,22,0,4090.480412371134,120,1.5
1391,17780,1,12,2,1,0,2026,2,25,0,10122.828092243186,155,1.5
1392,7061,2,15,0,2,0,2026,3,5,1,4294.937037037037,159,1.0
1393,4859,3,11,2,3,0,2026,1,10,0,22062.8625,166,1.5
1394,31196,4,6,0,3,0,2026,3,24,0,32658.61914460285,120,1.0
1395,1352,1,7,1,4,0,2026,3,21,0,10122.828092243186,140,1.2
1396,37339,4,6,0,3,0,2026,5,7,0,32658.61914460285,120,1.0
1397,30403,3,13,0,1,0,2026,5,22,0,22062.8625,172,1.0
1398,3292,1,7,1,2,0,2026,2,6,1,10122.828092243186,140,1.2
1399,8977,3,8,2,2,1,2026,3,17,0,22062.8625,142,1.5
1400,21110,0,5,2,3,0,2026,5,5,1,13011.339658444023,171,1.5
1401,5765,5,1,1,3,0,2026,3,11,0,4090.480412371134,122,1.2
1402,38388,3,8,0,0,0,2026,5,15,0,22062.8625,142,1.0
1403,1194,0,9,0,2,0,2026,3,2,0,13011.339658444023,183,1.0
1404,4577,2,15,1,3,0,2026,2,14,0,4294.937037037037,159,1.2
1405,7403,1,7,2,1,0,2026,6,9,0,10122.828092243186,140,1.5
1406,3523,5,1,1,3,0,2026,6,11,0,4090.480412371134,122,1.2
1407,8478,1,7,2,3,0,2026,2,1,0,10122.828092243186,140,1.5
1408,1744,2,15,2,2,0,2026,6,3,0,4294.937037037037,159,1.5
1409,24938,4,4,0,4,0,2026,3,18,0,32658.61914460285,128,1.0
1410,12523,0,5,1,0,0,2026,4,1,0,13011.339658444023,171,1.2
1411,50677,4,17,2,1,0,2026,1,29,0,32658.61914460285,128,1.5
1412,11799,1,3,0,4,0,2026,6,7,0,10122.828092243186,182,1.0
1413,15487,1,7,0,1,0,2026,6,5,1,10122.828092243186,140,1.0
1414,7996,3,11,2,3,0,2026,6,15,0,22062.8625,166,1.5
1415,41407,4,0,1,1,0,2026,1,14,0,32658.61914460285,115,1.2
1416,2717,2,15,1,3,0,2026,6,18,0,4294.937037037037,159,1.2
1417,1436,0,9,2,4,0,2026,2,19,0,13011.339658444023,183,1.5
1418,19623,3,13,0,0,0,2026,6,7,0,22062.8625,172,1.0
1419,6589,1,3,1,3,0,2026,4,9,0,10122.828092243186,182,1.2
1420,39690,3,8,1,1,0,2026,6,6,1,22062.8625,142,1.2
1421,1248,2,16,2,0,0,2026,3,13,0,4294.937037037037,140,1.5
1422,18918,1,3,1,0,0,2026,2,11,0,10122.828092243186,182,1.2
1423,7146,5,14,2,4,0,2026,5,12,0,4090.480412371134,121,1.5
1424,10268,3,8,2,3,0,2026,5,5,1,22062.8625,142,1.5
1425,38223,3,8,2,3,0,2026,6,2,0,22062.8625,142,1.5
1426,7822,5,19,0,1,0,2026,2,14,0,4090.480412371134,120,1.0
1427,9076,1,7,2,0,0,2026,4,27,0,10122.828092243186,140,1.5
1428,13743,1,12,1,3,0,2026,6,5,1,10122.828092243186,155,1.2
1429,6512,3,13,0,3,0,2026,5,21,0,22062.8625,172,1.0
1430,2974,1,3,0,0,0,2026,3,13,0,10122.828092243186,182,1.0
1431,1250,0,5,2,4,0,2026,2,18,0,13011.339658444023,171,1.5
1432,4850,2,15,0,4,0,2026,6,16,0,4294.937037037037,159,1.0
1433,4766,5,19,1,0,0,2026,1,17,0,4090.480412371134,120,1.2
1434,4934,0,20,1,3,0,2026,4,8,0,13011.339658444023,173,1.2
1435,14743,3,11,0,0,0,2026,1,22,0,22062.8625,166,1.0
1436,8607,1,7,2,1,0,2026,6,15,0,10122.828092243186,140,1.5
1437,4071,5,18,2,4,0,2026,1,21,0,4090.480412371134,122,1.5
1438,37912,3,13,1,3,0,2026,2,1,0,22062.8625,172,1.2
1439,8420,4,4,2,0,0,2026,1,19,0,32658.61914460285,128,1.5
1440,5058,2,2,2,2,0,2026,1,30,0,4294.937037037037,125,1.5
1441,2956,2,2,1,1,0,2026,1,30,0,4294.937037037037,125,1.2
1442,11285,0,20,2,0,0,2026,4,13,0,13011.339658444023,173,1.5
1443,929,5,14,2,0,0,2026,3,17,0,4090.480412371134,121,1.5
1444,4747,5,14,2,2,0,2026,4,23,0,4090.480412371134,121,1.5
1445,3994,2,16,0,0,0,2026,6,8,0,4294.937037037037,140,1.0
1446,7265,0,20,0,1,0,2026,1,12,0,13011.339658444023,173,1.0
1447,15228,1,12,1,4,0,2026,2,12,0,10122.828092243186,155,1.2
1448,28014,3,8,0,3,0,2026,6,15,0,22062.8625,142,1.0
1449,7237,2,10,2,1,0,2026,2,5,1,4294.937037037037,116,1.5
1450,15639,0,5,2,2,0,2026,2,24,0,13011.339658444023,171,1.5
1451,7263,2,15,0,3,0,2026,4,27,0,4294.937037037037,159,1.0
1452,20912,3,11,0,2,0,2026,4,26,0,22062.8625,166,1.0
1453,5498,3,11,1,3,0,2026,3,15,0,22062.8625,166,1.2
1454,6538,2,2,1,4,0,2026,4,7,0,4294.937037037037,125,1.2
1455,10258,3,8,0,0,0,2026,1,2,0,22062.8625,142,1.0
1456,12177,1,12,2,1,0,2026,4,5,1,10122.828092243186,155,1.5
1457,561,2,16,0,3,0,2026,6,22,0,4294.937037037037,140,1.0
1458,18358,4,6,0,2,0,2026,1,18,0,32658.61914460285,120,1.0
1459,5464,5,1,2,0,0,2026,1,25,0,4090.480412371134,122,1.5
1460,41891,4,0,2,1,0,2026,5,26,0,32658.61914460285,115,1.5
1461,4864,5,14,2,1,0,2026,5,25,0,4090.480412371134,121,1.5
1462,3865,5,1,0,0,0,2026,2,23,0,4090.480412371134,122,1.0
1463,6386,5,18,1,0,0,2026,5,29,0,4090.480412371134,122,1.2
1464,38538,4,17,1,1,0,2026,4,16,0,32658.61914460285,128,1.2
1465,10798,1,12,0,0,0,2026,5,13,0,10122.828092243186,155,1.0
1466,3206,2,15,1,3,0,2026,6,21,0,4294.937037037037,159,1.2
1467,15531,0,5,0,0,0,2026,3,2,0,13011.339658444023,171,1.0
1468,8753,4,17,2,2,0,2026,6,23,0,32658.61914460285,128,1.5
1469,6322,5,18,2,2,0,2026,5,16,0,4090.480412371134,122,1.5
1470,37087,4,17,2,4,0,2026,3,13,0,32658.61914460285,128,1.5
1471,13854,1,3,0,3,0,2026,2,11,0,10122.828092243186,182,1.0
1472,4530,5,14,0,2,0,2026,5,22,0,4090.480412371134,121,1.0
1473,5497,0,5,0,1,0,2026,4,3,0,13011.339658444023,171,1.0
1474,5378,0,9,0,0,0,2026,1,25,0,13011.339658444023,183,1.0
1475,55925,4,0,1,0,0,2026,6,3,0,32658.61914460285,115,1.2
1476,4564,0,9,2,3,0,2026,3,29,0,13011.339658444023,183,1.5
1477,7505,1,3,0,2,0,2026,3,10,0,10122.828092243186,182,1.0
1478,3383,5,1,2,4,0,2026,4,15,0,4090.480412371134,122,1.5
1479,13967,3,11,0,2,0,2026,6,16,0,22062.8625,166,1.0
1480,10041,1,3,0,3,0,2026,5,14,0,10122.828092243186,182,1.0
1481,5188,2,2,2,4,0,2026,6,26,0,4294.937037037037,125,1.5
1482,36925,3,8,2,4,0,2026,5,8,0,22062.8625,142,1.5
1483,1199,0,20,0,3,0,2026,4,3,0,13011.339658444023,173,1.0
1484,4221,5,1,0,0,0,2026,1,27,0,4090.480412371134,122,1.0
1485,16314,0,20,2,1,0,2026,1,12,0,13011.339658444023,173,1.5
1486,25234,3,11,0,4,0,2026,6,20,0,22062.8625,166,1.0
1487,20096,0,5,0,3,0,2026,5,7,0,13011.339658444023,171,1.0
1488,6303,2,15,0,0,0,2026,1,7,0,4294.937037037037,159,1.0
1489,16765,1,3,1,1,0,2026,2,8,0,10122.828092243186,182,1.2
1490,4463,2,15,1,4,0,2026,4,14,0,4294.937037037037,159,1.2
1491,20068,0,5,1,2,0,2026,6,29,0,13011.339658444023,171,1.2
1492,10901,3,8,1,2,0,2026,2,14,0,22062.8625,142,1.2
1493,4027,1,12,2,1,0,2026,6,19,0,10122.828092243186,155,1.5
1494,5997,2,15,2,0,0,2026,4,5,1,4294.937037037037,159,1.5
1495,18791,3,13,2,2,1,2026,6,16,0,22062.8625,172,1.5
1496,3430,5,19,2,1,0,2026,5,17,0,4090.480412371134,120,1.5
1497,23259,0,5,0,1,0,2026,3,2,0,13011.339658444023,171,1.0
1498,5336,0,5,2,3,0,2026,5,28,0,13011.339658444023,171,1.5
1499,6766,2,2,1,1,0,2026,3,20,0,4294.937037037037,125,1.2
1500,8435,1,12,2,4,0,2026,6,11,0,10122.828092243186,155,1.5
1501,5199,5,19,2,4,0,2026,1,26,0,4090.480412371134,120,1.5
1502,12253,1,3,1,4,0,2026,5,7,0,10122.828092243186,182,1.2
1503,11061,0,20,0,3,0,2026,2,3,0,13011.339658444023,173,1.0
1504,19531,1,3,0,2,1,2026,2,28,0,10122.828092243186,182,1.0
1505,21573,0,9,2,0,0,2026,5,25,0,13011.339658444023,183,1.5
1506,17188,0,9,2,4,1,2026,6,25,0,13011.339658444023,183,1.5
1507,1623,0,20,1,4,0,2026,4,19,0,13011.339658444023,173,1.2
1508,6509,5,19,0,1,0,2026,1,12,0,4090.480412371134,120,1.0
1509,21627,4,6,1,0,0,2026,1,9,0,32658.61914460285,120,1.2
1510,7187,5,1,2,0,0,2026,3,8,0,4090.480412371134,122,1.5
1511,32178,3,13,2,1,0,2026,6,7,0,22062.8625,172,1.5
1512,9958,0,20,1,2,0,2026,1,28,0,13011.339658444023,173,1.2
1513,23716,0,9,2,0,0,2026,2,12,0,13011.339658444023,183,1.5
1514,9542,0,9,0,3,0,2026,6,10,0,13011.339658444023,183,1.0
1515,16406,1,7,0,4,0,2026,4,20,0,10122.828092243186,140,1.0
1516,636,2,15,1,1,0,2026,2,14,0,4294.937037037037,159,1.2
1517,1015,2,15,2,1,0,2026,4,12,0,4294.937037037037,159,1.5
1518,206,5,18,0,1,0,2026,4,4,0,4090.480412371134,122,1.0
1519,39918,3,8,1,3,0,2026,6,29,0,22062.8625,142,1.2
1520,24721,0,9,2,3,0,2026,4,11,0,13011.339658444023,183,1.5
1521,15150,3,13,2,4,0,2026,2,1,0,22062.8625,172,1.5
1522,20043,3,11,2,4,0,2026,6,27,0,22062.8625,166,1.5
1523,2996,5,19,1,1,0,2026,2,7,0,4090.480412371134,120,1.2
1524,9594,0,9,2,3,0,2026,6,23,0,13011.339658444023,183,1.5
1525,12435,0,5,2,1,0,2026,2,4,0,13011.339658444023,171,1.5
1526,31957,3,13,1,1,0,2026,5,3,0,22062.8625,172,1.2
1527,31551,4,17,1,4,0,2026,5,24,0,32658.61914460285,128,1.2
1528,20064,4,0,0,0,0,2026,2,24,0,32658.61914460285,115,1.0
1529,4415,1,12,0,0,0,2026,1,16,0,10122.828092243186,155,1.0
1530,6874,4,6,1,2,0,2026,3,25,0,32658.61914460285,120,1.2
1531,13468,1,12,0,3,0,2026,2,14,0,10122.828092243186,155,1.0
1532,7958,2,2,1,2,0,2026,3,30,0,4294.937037037037,125,1.2
1533,24474,0,5,0,3,0,2026,5,23,0,13011.339658444023,171,1.0
1534,55735,4,17,1,1,0,2026,4,16,0,32658.61914460285,128,1.2
1535,14868,3,13,0,4,0,2026,1,28,0,22062.8625,172,1.0
1536,6375,5,18,1,2,0,2026,1,14,0,4090.480412371134,122,1.2
1537,39580,3,13,2,4,0,2026,6,21,0,22062.8625,172,1.5
1538,55103,4,0,1,3,1,2026,5,7,0,32658.61914460285,115,1.2
1539,6008,2,10,0,3,0,2026,4,25,0,4294.937037037037,116,1.0
1540,57640,4,6,1,4,0,2026,2,27,0,32658.61914460285,120,1.2
1541,12953,1,7,0,3,0,2026,4,13,0,10122.828092243186,140,1.0
1542,6571,2,16,0,1,0,2026,1,25,0,4294.937037037037,140,1.0
1543,19339,4,4,0,3,0,2026,6,13,0,32658.61914460285,128,1.0
1544,4080,5,1,2,4,0,2026,5,19,0,4090.480412371134,122,1.5
1545,22027,0,20,0,4,0,2026,6,28,0,13011.339658444023,173,1.0
1546,42739,4,17,1,0,1,2026,1,27,0,32658.61914460285,128,1.2
1547,14014,1,7,2,0,0,2026,3,27,0,10122.828092243186,140,1.5
1548,5927,2,2,0,1,0,2026,2,20,0,4294.937037037037,125,1.0
1549,5610,5,19,1,2,0,2026,6,25,0,4090.480412371134,120,1.2
1550,17530,0,20,0,2,0,2026,1,21,0,13011.339658444023,173,1.0
1551,21937,4,4,2,0,0,2026,1,12,0,32658.61914460285,128,1.5
1552,13407,4,0,0,3,0,2026,3,19,0,32658.61914460285,115,1.0
1553,19255,1,3,1,0,0,2026,1,10,0,10122.828092243186,182,1.2
1554,19032,0,9,2,1,0,2026,4,14,0,13011.339658444023,183,1.5
1555,18889,0,5,2,3,0,2026,5,30,0,13011.339658444023,171,1.5
1556,6512,1,3,2,4,0,2026,5,15,0,10122.828092243186,182,1.5
1557,3594,2,2,2,3,0,2026,3,20,0,4294.937037037037,125,1.5
1558,29177,4,0,1,2,0,2026,6,7,0,32658.61914460285,115,1.2
1559,905,2,16,0,4,0,2026,2,19,0,4294.937037037037,140,1.0
1560,3613,5,14,2,0,0,2026,1,9,0,4090.480412371134,121,1.5
1561,6168,3,13,1,4,0,2026,1,23,0,22062.8625,172,1.2
1562,13440,1,3,0,1,0,2026,1,29,0,10122.828092243186,182,1.0
1563,2361,0,9,1,1,0,2026,5,28,0,13011.339658444023,183,1.2
1564,55454,4,6,1,4,0,2026,6,8,0,32658.61914460285,120,1.2
1565,40476,4,4,1,3,1,2026,4,19,0,32658.61914460285,128,1.2
1566,6708,5,18,0,4,0,2026,3,27,0,4090.480412371134,122,1.0
1567,38777,4,0,0,2,0,2026,1,28,0,32658.61914460285,115,1.0
1568,22653,0,20,0,4,0,2026,5,26,0,13011.339658444023,173,1.0
1569,15244,1,3,0,1,0,2026,1,5,1,10122.828092243186,182,1.0
1570,6118,2,2,1,3,0,2026,6,21,0,4294.937037037037,125,1.2
1571,11895,0,20,2,3,0,2026,6,15,0,13011.339658444023,173,1.5
1572,6663,2,15,2,2,0,2026,1,28,0,4294.937037037037,159,1.5
1573,2171,0,20,1,4,0,2026,2,3,0,13011.339658444023,173,1.2
1574,1445,5,18,1,2,0,2026,1,4,0,4090.480412371134,122,1.2
1575,13046,1,3,1,3,0,2026,2,17,0,10122.828092243186,182,1.2
1576,7801,1,12,2,0,0,2026,2,19,0,10122.828092243186,155,1.5
1577,14648,1,3,0,4,0,2026,3,4,0,10122.828092243186,182,1.0
1578,10831,1,7,2,3,0,2026,5,3,0,10122.828092243186,140,1.5
1579,56351,4,4,2,4,0,2026,6,20,0,32658.61914460285,128,1.5
1580,5160,5,1,2,1,0,2026,1,24,0,4090.480412371134,122,1.5
1581,15227,1,3,0,2,0,2026,5,28,0,10122.828092243186,182,1.0
1582,11357,3,13,2,3,0,2026,3,10,0,22062.8625,172,1.5
1583,18512,4,6,1,1,0,2026,1,12,0,32658.61914460285,120,1.2
1584,3229,5,14,0,0,0,2026,5,19,0,4090.480412371134,121,1.0
1585,32289,4,17,2,0,0,2026,6,7,0,32658.61914460285,128,1.5
1586,9488,1,12,0,0,0,2026,6,11,0,10122.828092243186,155,1.0
1587,5642,5,18,2,3,0,2026,1,3,0,4090.480412371134,122,1.5
1588,28182,4,17,2,2,0,2026,2,13,0,32658.61914460285,128,1.5
1589,4085,1,12,0,0,0,2026,3,15,0,10122.828092243186,155,1.0
1590,1560,5,14,2,3,1,2026,5,7,0,4090.480412371134,121,1.5
1591,24351,0,20,1,2,1,2026,4,5,1,13011.339658444023,173,1.2
1592,1191,5,19,1,4,0,2026,6,11,0,4090.480412371134,120,1.2
1593,12328,4,6,2,4,0,2026,4,26,0,32658.61914460285,120,1.5
1594,31276,3,11,2,1,0,2026,5,27,0,22062.8625,166,1.5
1595,4565,0,20,0,3,0,2026,3,2,0,13011.339658444023,173,1.0
1596,3156,2,16,0,1,0,2026,2,25,0,4294.937037037037,140,1.0
1597,24861,0,9,2,4,0,2026,3,29,0,13011.339658444023,183,1.5
1598,22651,0,20,2,4,0,2026,2,7,0,13011.339658444023,173,1.5
1599,709,5,1,2,1,0,2026,6,22,0,4090.480412371134,122,1.5
1600,914,2,16,2,4,0,2026,4,4,0,4294.937037037037,140,1.5
1601,18750,1,3,0,0,0,2026,4,11,0,10122.828092243186,182,1.0
1602,17140,1,3,2,4,0,2026,5,17,0,10122.828092243186,182,1.5
1603,19836,1,7,1,4,0,2026,2,1,0,10122.828092243186,140,1.2
1604,4069,5,18,2,4,0,2026,4,3,0,4090.480412371134,122,1.5
1605,5081,2,15,0,3,0,2026,3,26,0,4294.937037037037,159,1.0
1606,5609,5,1,0,2,0,2026,6,4,0,4090.480412371134,122,1.0
1607,27660,3,8,2,1,1,2026,3,22,0,22062.8625,142,1.5
1608,12891,1,3,1,4,0,2026,1,14,0,10122.828092243186,182,1.2
1609,38685,3,13,2,2,0,2026,5,1,0,22062.8625,172,1.5
1610,6268,5,18,0,2,0,2026,4,30,0,4090.480412371134,122,1.0
1611,13182,0,9,2,2,0,2026,2,21,0,13011.339658444023,183,1.5
1612,2050,0,20,1,0,0,2026,6,28,0,13011.339658444023,173,1.2
1613,5463,5,14,0,2,0,2026,3,2,0,4090.480412371134,121,1.0
1614,20366,0,20,0,4,0,2026,2,25,0,13011.339658444023,173,1.0
1615,2514,2,10,1,4,0,2026,5,13,0,4294.937037037037,116,1.2
1616,25882,4,4,1,3,0,2026,4,14,0,32658.61914460285,128,1.2
1617,1462,2,15,0,3,0,2026,6,26,0,4294.937037037037,159,1.0
1618,3671,1,7,1,4,0,2026,6,15,0,10122.828092243186,140,1.2
1619,1092,2,15,2,0,0,2026,5,4,0,4294.937037037037,159,1.5
1620,6340,2,10,1,1,0,2026,5,9,0,4294.937037037037,116,1.2
1621,3121,5,19,1,3,0,2026,5,1,0,4090.480412371134,120,1.2
1622,18574,1,12,1,4,0,2026,3,19,0,10122.828092243186,155,1.2
1623,3372,2,2,0,0,0,2026,4,24,0,4294.937037037037,125,1.0
1624,5182,5,1,1,4,0,2026,3,26,0,4090.480412371134,122,1.2
1625,7513,0,20,0,4,0,2026,5,10,0,13011.339658444023,173,1.0
1626,14266,1,3,2,4,0,2026,6,23,0,10122.828092243186,182,1.5
1627,17521,1,12,0,2,0,2026,2,7,0,10122.828092243186,155,1.0
1628,30553,3,8,1,3,0,2026,5,31,0,22062.8625,142,1.2
1629,5162,0,9,0,2,0,2026,5,6,1,13011.339658444023,183,1.0
1630,5784,0,20,2,4,1,2026,4,5,1,13011.339658444023,173,1.5
1631,7577,0,9,0,3,0,2026,3,20,0,13011.339658444023,183,1.0
1632,4212,0,5,0,4,0,2026,2,6,1,13011.339658444023,171,1.0
1633,8765,3,11,1,0,0,2026,5,20,0,22062.8625,166,1.2
1634,2828,2,16,0,3,0,2026,2,7,0,4294.937037037037,140,1.0
1635,4666,2,16,0,4,0,2026,4,8,0,4294.937037037037,140,1.0
1636,4030,2,16,1,4,0,2026,4,30,0,4294.937037037037,140,1.2
1637,34946,4,0,1,4,0,2026,5,17,0,32658.61914460285,115,1.2
1638,33066,3,11,2,2,0,2026,4,6,1,22062.8625,166,1.5
1639,3457,2,2,1,0,0,2026,6,17,0,4294.937037037037,125,1.2
1640,9640,3,13,0,1,0,2026,4,25,0,22062.8625,172,1.0
1641,3894,5,18,0,1,0,2026,6,25,0,4090.480412371134,122,1.0
1642,16832,1,3,0,0,0,2026,1,2,0,10122.828092243186,182,1.0
1643,14255,3,13,2,3,0,2026,1,6,1,22062.8625,172,1.5
1644,1085,2,16,1,2,0,2026,2,23,0,4294.937037037037,140,1.2
1645,21758,0,9,1,4,0,2026,5,17,0,13011.339658444023,183,1.2
1646,51681,4,0,1,0,1,2026,2,18,0,32658.61914460285,115,1.2
1647,11903,1,3,2,2,0,2026,4,18,0,10122.828092243186,182,1.5
1648,23192,0,9,0,0,0,2026,6,9,0,13011.339658444023,183,1.0
1649,1161,5,19,2,0,0,2026,2,14,0,4090.480412371134,120,1.5
1650,1875,2,15,0,3,0,2026,3,15,0,4294.937037037037,159,1.0
1651,16524,0,20,0,4,0,2026,2,27,0,13011.339658444023,173,1.0
1652,31146,3,13,1,0,0,2026,2,1,0,22062.8625,172,1.2
1653,7412,1,3,0,2,0,2026,3,26,0,10122.828092243186,182,1.0
1654,33040,4,4,0,1,0,2026,6,15,0,32658.61914460285,128,1.0
1655,26102,4,17,1,4,0,2026,5,3,0,32658.61914460285,128,1.2
1656,6672,5,14,1,4,0,2026,5,3,0,4090.480412371134,121,1.2
1657,10678,0,9,2,1,0,2026,2,20,0,13011.339658444023,183,1.5
1658,1991,2,15,0,4,0,2026,3,23,0,4294.937037037037,159,1.0
1659,21797,0,9,2,1,0,2026,4,25,0,13011.339658444023,183,1.5
1660,5713,2,16,2,2,0,2026,5,5,1,4294.937037037037,140,1.5
1661,5592,5,14,1,4,0,2026,4,12,0,4090.480412371134,121,1.2
1662,5723,5,18,2,4,0,2026,1,29,0,4090.480412371134,122,1.5
1663,2907,5,1,0,1,0,2026,4,27,0,4090.480412371134,122,1.0
1664,23868,0,9,2,2,0,2026,1,5,1,13011.339658444023,183,1.5
1665,14934,3,13,2,2,0,2026,2,5,1,22062.8625,172,1.5
1666,9308,1,7,0,2,0,2026,5,20,0,10122.828092243186,140,1.0
1667,9135,4,6,0,2,0,2026,1,29,0,32658.61914460285,120,1.0
1668,25197,3,13,0,0,0,2026,3,7,0,22062.8625,172,1.0
1669,234,5,1,2,4,0,2026,5,18,0,4090.480412371134,122,1.5
1670,6341,5,1,0,4,0,2026,4,5,1,4090.480412371134,122,1.0
1671,35590,4,4,0,0,0,2026,3,31,0,32658.61914460285,128,1.0
1672,20341,0,9,2,1,0,2026,2,14,0,13011.339658444023,183,1.5
1673,18041,0,5,0,1,0,2026,5,22,0,13011.339658444023,171,1.0
1674,6366,2,16,1,3,0,2026,3,29,0,4294.937037037037,140,1.2
1675,2102,5,1,0,0,0,2026,2,8,0,4090.480412371134,122,1.0
1676,4839,2,2,2,2,0,2026,5,24,0,4294.937037037037,125,1.5
1677,3879,5,1,0,2,0,2026,1,23,0,4090.480412371134,122,1.0
1678,10768,0,5,2,1,0,2026,2,16,0,13011.339658444023,171,1.5
1679,2816,1,12,2,4,0,2026,5,11,0,10122.828092243186,155,1.5
1680,3447,5,18,1,1,0,2026,1,4,0,4090.480412371134,122,1.2
1681,3082,2,2,1,2,0,2026,5,16,0,4294.937037037037,125,1.2
1682,7676,1,7,0,0,0,2026,5,29,0,10122.828092243186,140,1.0
1683,3341,2,10,2,1,0,2026,2,9,0,4294.937037037037,116,1.5
1684,38162,3,8,2,3,0,2026,1,14,0,22062.8625,142,1.5
1685,7250,2,10,0,3,0,2026,3,19,0,4294.937037037037,116,1.0
1686,16011,0,5,1,3,0,2026,1,9,0,13011.339658444023,171,1.2
1687,2948,5,18,1,1,0,2026,5,24,0,4090.480412371134,122,1.2
1688,23101,3,13,0,3,0,2026,3,29,0,22062.8625,172,1.0
1689,3506,0,20,1,3,0,2026,2,28,0,13011.339658444023,173,1.2
1690,1926,5,19,1,4,0,2026,1,17,0,4090.480412371134,120,1.2
1691,6810,2,16,1,2,0,2026,2,7,0,4294.937037037037,140,1.2
1692,5006,5,14,2,1,0,2026,6,27,0,4090.480412371134,121,1.5
1693,8195,0,9,0,4,0,2026,4,23,0,13011.339658444023,183,1.0
1694,5106,0,5,1,3,0,2026,5,16,0,13011.339658444023,171,1.2
1695,24901,0,9,0,1,0,2026,6,18,0,13011.339658444023,183,1.0
1696,5482,2,16,2,0,0,2026,4,12,0,4294.937037037037,140,1.5
1697,5038,2,2,0,3,0,2026,5,24,0,4294.937037037037,125,1.0
1698,5816,1,12,1,4,0,2026,6,18,0,10122.828092243186,155,1.2
1699,6146,2,10,2,4,0,2026,3,1,0,4294.937037037037,116,1.5
1700,34410,3,13,2,2,0,2026,5,16,0,22062.8625,172,1.5
1701,16110,0,5,1,0,0,2026,1,30,0,13011.339658444023,171,1.2
1702,53682,4,17,1,1,1,2026,5,13,0,32658.61914460285,128,1.2
1703,5827,2,16,0,2,0,2026,4,22,0,4294.937037037037,140,1.0
1704,2945,1,3,0,3,0,2026,3,17,0,10122.828092243186,182,1.0
1705,33996,3,8,1,1,0,2026,5,1,0,22062.8625,142,1.2
1706,205,5,19,2,3,0,2026,5,27,0,4090.480412371134,120,1.5
1707,5091,2,10,2,3,0,2026,3,18,0,4294.937037037037,116,1.5
1708,9418,4,17,1,3,0,2026,4,15,0,32658.61914460285,128,1.2
1709,7470,4,6,1,2,0,2026,3,28,0,32658.61914460285,120,1.2
1710,8671,1,3,1,0,0,2026,4,4,0,10122.828092243186,182,1.2
1711,38920,3,11,1,2,0,2026,2,4,0,22062.8625,166,1.2
1712,47802,4,0,2,2,0,2026,1,13,0,32658.61914460285,115,1.5
1713,4918,2,16,1,1,0,2026,1,5,1,4294.937037037037,140,1.2
1714,1946,2,15,0,0,0,2026,4,21,0,4294.937037037037,159,1.0
1715,7158,2,10,1,3,0,2026,3,21,0,4294.937037037037,116,1.2
1716,39205,3,13,0,4,0,2026,3,1,0,22062.8625,172,1.0
1717,36735,3,13,2,3,0,2026,6,26,0,22062.8625,172,1.5
1718,55694,4,4,0,0,0,2026,4,2,0,32658.61914460285,128,1.0
1719,7649,2,10,2,4,0,2026,6,22,0,4294.937037037037,116,1.5
1720,5250,2,15,0,4,0,2026,2,24,0,4294.937037037037,159,1.0
1721,3228,0,9,2,2,0,2026,6,3,0,13011.339658444023,183,1.5
1722,7592,2,16,1,3,0,2026,3,9,0,4294.937037037037,140,1.2
1723,17645,3,8,0,4,0,2026,2,10,0,22062.8625,142,1.0
1724,8381,1,7,1,3,0,2026,3,10,0,10122.828092243186,140,1.2
1725,11605,1,3,0,2,0,2026,2,21,0,10122.828092243186,182,1.0
1726,15097,1,12,0,2,0,2026,3,23,0,10122.828092243186,155,1.0
1727,6334,2,2,1,4,0,2026,5,15,0,4294.937037037037,125,1.2
1728,22061,0,20,0,4,0,2026,5,30,0,13011.339658444023,173,1.0
1729,39080,3,11,1,3,0,2026,1,11,0,22062.8625,166,1.2
1730,18761,1,7,0,1,0,2026,1,12,0,10122.828092243186,140,1.0
1731,4238,2,16,0,0,0,2026,3,27,0,4294.937037037037,140,1.0
1732,12932,1,3,1,2,0,2026,4,5,1,10122.828092243186,182,1.2
1733,10407,1,7,0,2,0,2026,5,14,0,10122.828092243186,140,1.0
1734,38478,4,6,0,1,0,2026,6,11,0,32658.61914460285,120,1.0
1735,36789,4,4,2,1,0,2026,6,11,0,32658.61914460285,128,1.5
1736,27138,3,11,2,0,0,2026,6,17,0,22062.8625,166,1.5
1737,4853,0,20,2,0,0,2026,3,30,0,13011.339658444023,173,1.5
1738,279,5,1,1,0,0,2026,5,27,0,4090.480412371134,122,1.2
1739,5006,5,18,1,3,0,2026,2,15,0,4090.480412371134,122,1.2
1740,5568,2,10,2,1,0,2026,3,11,0,4294.937037037037,116,1.5
1741,10537,1,7,1,1,0,2026,3,11,0,10122.828092243186,140,1.2
1742,21530,0,5,2,2,0,2026,3,6,1,13011.339658444023,171,1.5
1743,4452,2,10,1,2,0,2026,2,4,0,4294.937037037037,116,1.2
1744,33675,4,0,0,3,0,2026,4,29,0,32658.61914460285,115,1.0
1745,4299,1,12,1,0,0,2026,2,13,0,10122.828092243186,155,1.2
1746,30406,3,13,2,1,0,2026,3,27,0,22062.8625,172,1.5
1747,8564,3,11,2,0,0,2026,6,28,0,22062.8625,166,1.5
1748,45046,4,4,1,3,0,2026,3,1,0,32658.61914460285,128,1.2
1749,41985,4,17,0,3,1,2026,5,9,0,32658.61914460285,128,1.0
1750,3616,2,16,1,2,0,2026,2,24,0,4294.937037037037,140,1.2
1751,25242,4,17,0,2,0,2026,6,26,0,32658.61914460285,128,1.0
1752,10430,1,12,1,0,0,2026,4,25,0,10122.828092243186,155,1.2
1753,2266,0,9,2,3,0,2026,1,24,0,13011.339658444023,183,1.5
1754,9814,1,12,1,2,0,2026,5,23,0,10122.828092243186,155,1.2
1755,15029,1,3,2,0,0,2026,3,19,0,10122.828092243186,182,1.5
1756,4650,3,11,1,4,1,2026,3,14,0,22062.8625,166,1.2
1757,1529,1,12,2,2,0,2026,2,5,1,10122.828092243186,155,1.5
1758,5088,0,20,2,3,0,2026,4,24,0,13011.339658444023,173,1.5
1759,4031,3,13,2,2,0,2026,1,18,0,22062.8625,172,1.5
1760,15773,0,9,2,3,0,2026,6,17,0,13011.339658444023,183,1.5
1761,4165,3,8,2,3,0,2026,3,29,0,22062.8625,142,1.5
1762,4263,5,14,1,1,0,2026,3,10,0,4090.480412371134,121,1.2
1763,15879,4,4,2,0,0,2026,6,29,0,32658.61914460285,128,1.5
1764,4059,5,14,1,0,0,2026,1,29,0,4090.480412371134,121,1.2
1765,19704,0,20,1,0,0,2026,3,14,0,13011.339658444023,173,1.2
1766,27630,4,4,1,3,0,2026,5,25,0,32658.61914460285,128,1.2
1767,6617,5,18,2,4,0,2026,5,22,0,4090.480412371134,122,1.5
1768,20667,3,13,1,4,0,2026,1,1,0,22062.8625,172,1.2
1769,3634,1,12,2,1,0,2026,5,29,0,10122.828092243186,155,1.5
1770,17077,3,8,0,4,0,2026,6,23,0,22062.8625,142,1.0
1771,14448,0,5,1,3,0,2026,1,1,0,13011.339658444023,171,1.2
1772,1288,1,7,1,0,0,2026,3,19,0,10122.828092243186,140,1.2
1773,7100,2,15,2,0,0,2026,2,4,0,4294.937037037037,159,1.5
1774,13448,3,13,2,3,1,2026,4,11,0,22062.8625,172,1.5
1775,223,5,14,2,2,0,2026,3,8,0,4090.480412371134,121,1.5
1776,12970,0,20,2,4,0,2026,3,10,0,13011.339658444023,173,1.5
1777,31509,4,17,2,1,0,2026,5,20,0,32658.61914460285,128,1.5
1778,12425,4,17,2,0,0,2026,3,4,0,32658.61914460285,128,1.5
1779,38072,4,17,2,4,0,2026,3,31,0,32658.61914460285,128,1.5
1780,25249,4,6,0,0,0,2026,6,19,0,32658.61914460285,120,1.0
1781,6654,2,2,1,3,0,2026,3,16,0,4294.937037037037,125,1.2
1782,4408,2,2,0,2,0,2026,2,16,0,4294.937037037037,125,1.0
1783,11967,1,3,0,2,0,2026,4,5,1,10122.828092243186,182,1.0
1784,26233,3,11,0,4,0,2026,4,4,0,22062.8625,166,1.0
1785,24387,3,8,1,4,0,2026,3,13,0,22062.8625,142,1.2
1786,1298,2,2,1,3,0,2026,6,5,1,4294.937037037037,125,1.2
1787,5337,5,18,2,0,0,2026,2,11,0,4090.480412371134,122,1.5
1788,14067,3,13,1,3,0,2026,3,5,1,22062.8625,172,1.2
1789,13793,3,11,1,1,0,2026,6,14,0,22062.8625,166,1.2
1790,6281,2,15,1,0,0,2026,5,30,0,4294.937037037037,159,1.2
1791,56192,4,4,2,2,0,2026,6,11,0,32658.61914460285,128,1.5
1792,9829,0,5,0,1,0,2026,5,7,0,13011.339658444023,171,1.0
1793,7793,3,11,1,0,0,2026,6,27,0,22062.8625,166,1.2
1794,7387,5,18,2,2,0,2026,2,14,0,4090.480412371134,122,1.5
1795,11791,1,12,1,0,0,2026,2,7,0,10122.828092243186,155,1.2
1796,43058,4,4,2,3,0,2026,2,28,0,32658.61914460285,128,1.5
1797,1682,1,12,2,2,0,2026,2,23,0,10122.828092243186,155,1.5
1798,6157,5,1,1,4,0,2026,3,14,0,4090.480412371134,122,1.2
1799,2028,5,14,1,2,0,2026,3,31,0,4090.480412371134,121,1.2
1800,6580,2,16,0,1,0,2026,1,5,1,4294.937037037037,140,1.0
1801,13516,1,7,2,4,0,2026,4,6,1,10122.828092243186,140,1.5
1802,4949,5,19,1,3,0,2026,3,29,0,4090.480412371134,120,1.2
1803,4022,5,18,2,3,0,2026,4,30,0,4090.480412371134,122,1.5
1804,3116,0,9,0,3,0,2026,5,6,1,13011.339658444023,183,1.0
1805,55527,4,6,0,4,0,2026,6,21,0,32658.61914460285,120,1.0
1806,12393,1,7,1,0,0,2026,3,25,0,10122.828092243186,140,1.2
1807,6289,5,18,1,1,0,2026,1,30,0,4090.480412371134,122,1.2
1808,51646,4,6,2,0,0,2026,6,14,0,32658.61914460285,120,1.5
1809,31454,3,13,0,4,0,2026,6,6,1,22062.8625,172,1.0
1810,13604,0,9,2,0,0,2026,5,27,0,13011.339658444023,183,1.5
1811,15575,4,4,1,2,0,2026,3,11,0,32658.61914460285,128,1.2
1812,17971,0,5,0,4,0,2026,3,1,0,13011.339658444023,171,1.0
1813,5959,3,8,1,0,0,2026,2,18,0,22062.8625,142,1.2
1814,2131,0,20,0,2,0,2026,5,4,0,13011.339658444023,173,1.0
1815,1265,5,14,1,0,0,2026,6,21,0,4090.480412371134,121,1.2
1816,3074,0,5,2,1,0,2026,3,4,0,13011.339658444023,171,1.5
1817,18936,0,9,1,4,0,2026,6,19,0,13011.339658444023,183,1.2
1818,33291,3,13,0,4,0,2026,3,23,0,22062.8625,172,1.0
1819,16146,0,20,0,0,0,2026,1,13,0,13011.339658444023,173,1.0
1820,9538,0,5,0,4,0,2026,3,26,0,13011.339658444023,171,1.0
1821,2373,2,16,2,1,0,2026,3,3,0,4294.937037037037,140,1.5
1822,29951,3,11,2,1,0,2026,6,21,0,22062.8625,166,1.5
1823,3196,5,1,1,1,0,2026,5,25,0,4090.480412371134,122,1.2
1824,27633,4,4,2,1,0,2026,1,10,0,32658.61914460285,128,1.5
1825,10277,4,17,0,1,0,2026,5,30,0,32658.61914460285,128,1.0
1826,15276,1,3,1,4,0,2026,3,5,1,10122.828092243186,182,1.2
1827,33788,3,8,0,4,0,2026,3,12,0,22062.8625,142,1.0
1828,32147,4,17,1,3,0,2026,1,9,0,32658.61914460285,128,1.2
1829,12489,3,11,1,4,0,2026,2,9,0,22062.8625,166,1.2
1830,740,5,1,0,1,0,2026,5,10,0,4090.480412371134,122,1.0
1831,10253,1,7,1,3,1,2026,5,11,0,10122.828092243186,140,1.2
1832,4790,5,1,1,4,0,2026,5,27,0,4090.480412371134,122,1.2
1833,5544,1,12,0,2,1,2026,3,13,0,10122.828092243186,155,1.0
1834,7582,2,15,1,0,0,2026,2,2,0,4294.937037037037,159,1.2
1835,7900,5,14,1,0,0,2026,5,21,0,4090.480412371134,121,1.2
1836,23508,0,20,0,2,0,2026,2,25,0,13011.339658444023,173,1.0
1837,1131,2,16,0,0,0,2026,3,22,0,4294.937037037037,140,1.0
1838,24588,0,9,2,1,0,2026,1,20,0,13011.339658444023,183,1.5
1839,18704,0,9,0,4,0,2026,3,28,0,13011.339658444023,183,1.0
1840,23445,3,8,2,4,0,2026,6,20,0,22062.8625,142,1.5
1841,4490,2,16,2,0,1,2026,3,21,0,4294.937037037037,140,1.5
1842,21010,0,5,2,1,0,2026,1,6,1,13011.339658444023,171,1.5
1843,31131,4,17,0,0,0,2026,4,30,0,32658.61914460285,128,1.0
1844,18573,3,11,1,3,0,2026,5,21,0,22062.8625,166,1.2
1845,8788,1,3,0,1,0,2026,1,26,0,10122.828092243186,182,1.0
1846,13743,0,5,1,3,0,2026,5,23,0,13011.339658444023,171,1.2
1847,7618,0,9,1,3,0,2026,3,17,0,13011.339658444023,183,1.2
1848,5752,1,3,2,0,0,2026,2,23,0,10122.828092243186,182,1.5
1849,13901,0,9,1,3,0,2026,3,25,0,13011.339658444023,183,1.2
1850,9829,1,3,1,4,0,2026,5,20,0,10122.828092243186,182,1.2
1851,5244,4,0,1,4,0,2026,5,8,0,32658.61914460285,115,1.2
1852,7974,2,10,0,4,0,2026,5,26,0,4294.937037037037,116,1.0
1853,21749,4,0,1,2,1,2026,2,22,0,32658.61914460285,115,1.2
1854,7578,5,1,0,4,0,2026,5,31,0,4090.480412371134,122,1.0
1855,5031,3,13,1,3,0,2026,4,1,0,22062.8625,172,1.2
1856,22085,0,20,1,3,0,2026,4,15,0,13011.339658444023,173,1.2
1857,6920,2,10,0,3,0,2026,1,17,0,4294.937037037037,116,1.0
1858,10705,3,11,2,2,0,2026,2,5,1,22062.8625,166,1.5
1859,6976,4,4,0,3,0,2026,5,28,0,32658.61914460285,128,1.0
1860,1370,5,19,0,0,0,2026,6,19,0,4090.480412371134,120,1.0
1861,53393,4,4,1,0,0,2026,4,8,0,32658.61914460285,128,1.2
1862,8872,3,11,0,3,0,2026,5,12,0,22062.8625,166,1.0
1863,10413,0,5,1,2,0,2026,3,11,0,13011.339658444023,171,1.2
1864,13752,0,20,2,0,0,2026,2,15,0,13011.339658444023,173,1.5
1865,10417,0,9,0,4,0,2026,4,27,0,13011.339658444023,183,1.0
1866,2129,1,12,2,1,0,2026,4,4,0,10122.828092243186,155,1.5
1867,21860,3,13,1,3,0,2026,6,19,0,22062.8625,172,1.2
1868,6965,4,4,2,4,0,2026,5,30,0,32658.61914460285,128,1.5
1869,3778,2,15,0,3,0,2026,1,30,0,4294.937037037037,159,1.0
1870,10412,0,5,2,1,0,2026,6,16,0,13011.339658444023,171,1.5
1871,15091,1,3,0,1,0,2026,3,18,0,10122.828092243186,182,1.0
1872,9233,0,5,1,0,0,2026,2,5,1,13011.339658444023,171,1.2
1873,852,5,1,2,2,0,2026,6,28,0,4090.480412371134,122,1.5
1874,11453,3,8,0,1,0,2026,1,7,0,22062.8625,142,1.0
1875,2739,2,15,2,1,0,2026,1,30,0,4294.937037037037,159,1.5
1876,4286,2,15,1,0,0,2026,5,19,0,4294.937037037037,159,1.2
1877,723,2,2,1,0,0,2026,1,13,0,4294.937037037037,125,1.2
1878,10562,4,4,2,3,0,2026,2,9,0,32658.61914460285,128,1.5
1879,10616,0,9,1,1,0,2026,3,10,0,13011.339658444023,183,1.2
1880,30446,3,11,0,3,0,2026,1,1,0,22062.8625,166,1.0
1881,24809,3,11,1,4,0,2026,2,2,0,22062.8625,166,1.2
1882,18707,4,4,0,2,0,2026,5,8,0,32658.61914460285,128,1.0
1883,11138,1,3,0,1,0,2026,2,25,0,10122.828092243186,182,1.0
1884,19625,1,3,2,3,0,2026,2,12,0,10122.828092243186,182,1.5
1885,35986,4,17,2,0,1,2026,3,6,1,32658.61914460285,128,1.5
1886,2426,5,1,0,4,0,2026,4,12,0,4090.480412371134,122,1.0
1887,7199,2,16,1,2,0,2026,1,12,0,4294.937037037037,140,1.2
1888,15618,4,6,1,1,0,2026,4,8,0,32658.61914460285,120,1.2
1889,1838,2,16,0,1,0,2026,1,26,0,4294.937037037037,140,1.0
1890,6538,5,1,2,3,0,2026,6,15,0,4090.480412371134,122,1.5
1891,34168,3,11,0,4,0,2026,3,18,0,22062.8625,166,1.0
1892,12324,0,5,1,2,0,2026,6,6,1,13011.339658444023,171,1.2
1893,24953,4,4,0,2,1,2026,4,30,0,32658.61914460285,128,1.0
1894,16612,1,3,2,1,0,2026,4,19,0,10122.828092243186,182,1.5
1895,9236,1,7,1,4,0,2026,4,26,0,10122.828092243186,140,1.2
1896,17793,4,6,0,1,0,2026,6,5,1,32658.61914460285,120,1.0
1897,20358,3,11,1,1,0,2026,3,8,0,22062.8625,166,1.2
1898,36074,3,13,0,4,0,2026,3,1,0,22062.8625,172,1.0
1899,14259,4,0,0,3,0,2026,3,10,0,32658.61914460285,115,1.0
1900,2401,2,15,2,0,1,2026,3,1,0,4294.937037037037,159,1.5
1901,14966,3,13,1,0,0,2026,6,13,0,22062.8625,172,1.2
1902,14165,1,7,1,2,0,2026,3,9,0,10122.828092243186,140,1.2
1903,3220,5,19,2,1,0,2026,1,19,0,4090.480412371134,120,1.5
1904,2117,1,7,1,1,0,2026,3,7,0,10122.828092243186,140,1.2
1905,12795,1,12,2,2,0,2026,1,5,1,10122.828092243186,155,1.5
1906,18306,1,12,1,3,0,2026,2,20,0,10122.828092243186,155,1.2
1907,26316,4,0,0,2,0,2026,5,26,0,32658.61914460285,115,1.0
1908,31870,3,11,2,1,0,2026,5,16,0,22062.8625,166,1.5
1909,15225,3,11,0,4,0,2026,1,4,0,22062.8625,166,1.0
1910,7247,2,15,2,2,0,2026,1,27,0,4294.937037037037,159,1.5
1911,3715,2,15,2,4,0,2026,3,8,0,4294.937037037037,159,1.5
1912,10992,4,0,0,1,0,2026,3,27,0,32658.61914460285,115,1.0
1913,5883,5,14,1,4,0,2026,2,10,0,4090.480412371134,121,1.2
1914,826,2,16,1,2,0,2026,4,12,0,4294.937037037037,140,1.2
1915,19123,3,11,2,0,0,2026,6,4,0,22062.8625,166,1.5
1916,7730,2,15,1,3,0,2026,6,27,0,4294.937037037037,159,1.2
1917,21544,3,11,2,0,0,2026,2,25,0,22062.8625,166,1.5
1918,2853,2,16,1,2,0,2026,4,19,0,4294.937037037037,140,1.2
1919,11374,0,5,2,2,1,2026,5,10,0,13011.339658444023,171,1.5
1920,31233,3,11,0,1,0,2026,3,4,0,22062.8625,166,1.0
1921,5683,5,1,0,4,0,2026,4,27,0,4090.480412371134,122,1.0
1922,44925,4,6,1,2,1,2026,1,11,0,32658.61914460285,120,1.2
1923,11591,1,12,0,1,0,2026,1,2,0,10122.828092243186,155,1.0
1924,528,2,16,2,0,0,2026,2,20,0,4294.937037037037,140,1.5
1925,28182,4,4,2,0,0,2026,3,10,0,32658.61914460285,128,1.5
1926,20936,0,9,1,4,0,2026,5,14,0,13011.339658444023,183,1.2
1927,4228,2,2,2,4,0,2026,2,6,1,4294.937037037037,125,1.5
1928,2077,2,15,2,1,0,2026,2,26,0,4294.937037037037,159,1.5
1929,33379,3,8,1,3,0,2026,4,17,0,22062.8625,142,1.2
1930,26015,3,8,2,3,0,2026,6,6,1,22062.8625,142,1.5
1931,4935,5,1,2,2,0,2026,3,17,0,4090.480412371134,122,1.5
1932,1087,1,7,1,2,0,2026,4,18,0,10122.828092243186,140,1.2
1933,14654,3,8,1,1,1,2026,5,28,0,22062.8625,142,1.2
1934,23541,3,11,1,2,0,2026,3,10,0,22062.8625,166,1.2
1935,1764,0,5,1,0,0,2026,2,23,0,13011.339658444023,171,1.2
1936,5165,1,3,2,1,0,2026,4,22,0,10122.828092243186,182,1.5
1937,3440,0,9,2,0,0,2026,5,16,0,13011.339658444023,183,1.5
1938,5462,2,15,0,4,0,2026,4,27,0,4294.937037037037,159,1.0
1939,3503,2,16,1,1,0,2026,2,22,0,4294.937037037037,140,1.2
1940,15893,3,13,1,3,1,2026,3,22,0,22062.8625,172,1.2
1941,6393,1,7,0,1,0,2026,4,5,1,10122.828092243186,140,1.0
1942,5136,5,19,0,0,0,2026,6,2,0,4090.480412371134,120,1.0
1943,53435,4,6,2,3,0,2026,4,14,0,32658.61914460285,120,1.5
1944,1003,5,19,0,3,0,2026,3,27,0,4090.480412371134,120,1.0
1945,25499,3,13,0,3,0,2026,2,22,0,22062.8625,172,1.0
1946,6018,2,16,2,0,0,2026,4,17,0,4294.937037037037,140,1.5
1947,2094,5,1,2,1,0,2026,6,28,0,4090.480412371134,122,1.5
1948,1089,5,19,0,3,0,2026,1,1,0,4090.480412371134,120,1.0
1949,9436,1,12,0,1,0,2026,6,12,0,10122.828092243186,155,1.0
1950,21302,4,0,2,0,1,2026,3,8,0,32658.61914460285,115,1.5
1951,3726,5,18,0,2,0,2026,3,20,0,4090.480412371134,122,1.0
1952,20169,0,5,0,0,0,2026,5,17,0,13011.339658444023,171,1.0
1953,19184,3,8,1,0,0,2026,4,15,0,22062.8625,142,1.2
1954,7724,2,10,1,1,0,2026,5,23,0,4294.937037037037,116,1.2
1955,1251,5,1,2,1,0,2026,3,4,0,4090.480412371134,122,1.5
1956,17893,0,5,1,4,0,2026,4,4,0,13011.339658444023,171,1.2
1957,16721,1,12,2,4,0,2026,5,3,0,10122.828092243186,155,1.5
1958,6786,5,19,2,0,1,2026,6,17,0,4090.480412371134,120,1.5
1959,12740,1,3,1,3,0,2026,6,19,0,10122.828092243186,182,1.2
1960,6369,2,2,2,3,0,2026,2,22,0,4294.937037037037,125,1.5
1961,5674,3,13,1,2,0,2026,5,16,0,22062.8625,172,1.2
1962,19358,3,13,0,0,0,2026,4,27,0,22062.8625,172,1.0
1963,3909,2,10,0,4,0,2026,5,30,0,4294.937037037037,116,1.0
1964,21150,0,20,1,2,1,2026,1,8,0,13011.339658444023,173,1.2
1965,3588,0,9,1,3,0,2026,5,4,0,13011.339658444023,183,1.2
1966,16359,1,3,1,1,0,2026,5,26,0,10122.828092243186,182,1.2
1967,1912,1,3,1,2,0,2026,2,6,1,10122.828092243186,182,1.2
1968,3802,2,10,2,0,0,2026,3,29,0,4294.937037037037,116,1.5
1969,3438,2,15,1,3,0,2026,5,19,0,4294.937037037037,159,1.2
1970,6757,0,20,1,2,0,2026,1,27,0,13011.339658444023,173,1.2
1971,4998,0,20,2,4,1,2026,2,26,0,13011.339658444023,173,1.5
1972,8816,1,3,1,0,0,2026,4,4,0,10122.828092243186,182,1.2
1973,7316,2,15,2,3,0,2026,4,2,0,4294.937037037037,159,1.5
1974,27910,4,6,2,3,0,2026,3,15,0,32658.61914460285,120,1.5
1975,19680,1,12,0,3,0,2026,5,14,0,10122.828092243186,155,1.0
1976,16943,1,7,1,0,0,2026,6,1,0,10122.828092243186,140,1.2
1977,54373,4,17,2,1,1,2026,4,27,0,32658.61914460285,128,1.5
1978,4550,0,9,1,3,0,2026,1,18,0,13011.339658444023,183,1.2
1979,21748,0,9,1,3,0,2026,3,9,0,13011.339658444023,183,1.2
1980,31554,3,11,2,3,0,2026,2,26,0,22062.8625,166,1.5
1981,29070,4,0,1,2,0,2026,1,2,0,32658.61914460285,115,1.2
1982,8573,0,5,1,2,0,2026,3,7,0,13011.339658444023,171,1.2
1983,7935,2,15,0,3,0,2026,4,20,0,4294.937037037037,159,1.0
1984,3877,5,14,0,2,0,2026,5,24,0,4090.480412371134,121,1.0
1985,10417,1,7,0,0,0,2026,5,26,0,10122.828092243186,140,1.0
1986,5439,1,12,0,1,0,2026,4,17,0,10122.828092243186,155,1.0
1987,8890,4,17,2,1,0,2026,3,26,0,32658.61914460285,128,1.5
1988,7327,2,16,0,4,0,2026,5,3,0,4294.937037037037,140,1.0
1989,6312,2,2,1,2,0,2026,3,15,0,4294.937037037037,125,1.2
1990,39572,4,0,2,0,0,2026,4,2,0,32658.61914460285,115,1.5
1991,8797,1,7,0,4,0,2026,3,16,0,10122.828092243186,140,1.0
1992,45074,4,4,2,3,0,2026,1,31,0,32658.61914460285,128,1.5
1993,1643,5,19,0,3,0,2026,1,8,0,4090.480412371134,120,1.0
1994,17952,0,5,0,1,0,2026,3,20,0,13011.339658444023,171,1.0
1995,6350,1,12,2,3,0,2026,2,27,0,10122.828092243186,155,1.5
1996,12648,0,5,1,4,0,2026,5,12,0,13011.339658444023,171,1.2
1997,6938,5,18,1,0,0,2026,6,8,0,4090.480412371134,122,1.2
1998,4294,5,1,2,2,0,2026,5,8,0,4090.480412371134,122,1.5
1999,20150,0,5,0,0,0,2026,2,4,0,13011.339658444023,171,1.0
2000,5460,5,19,2,4,0,2026,5,27,0,4090.480412371134,120,1.5
2001,18496,3,11,0,2,0,2026,5,24,0,22062.8625,166,1.0
2002,6445,3,11,1,4,0,2026,3,15,0,22062.8625,166,1.2
2003,707,2,10,0,0,0,2026,3,27,0,4294.937037037037,116,1.0
2004,8642,1,3,2,4,0,2026,6,16,0,10122.828092243186,182,1.5
2005,40939,4,6,0,0,1,2026,5,18,0,32658.61914460285,120,1.0
2006,9107,3,11,0,4,1,2026,5,17,0,22062.8625,166,1.0
2007,46010,4,6,1,4,0,2026,5,27,0,32658.61914460285,120,1.2
2008,1446,1,3,2,0,0,2026,5,14,0,10122.828092243186,182,1.5
2009,1200,1,12,0,3,0,2026,1,23,0,10122.828092243186,155,1.0
2010,3691,2,2,2,3,0,2026,3,9,0,4294.937037037037,125,1.5
2011,2522,0,5,0,4,0,2026,2,22,0,13011.339658444023,171,1.0
2012,1840,1,12,1,3,0,2026,1,19,0,10122.828092243186,155,1.2
2013,9355,3,8,2,3,0,2026,5,10,0,22062.8625,142,1.5
2014,6273,0,5,0,4,0,2026,5,12,0,13011.339658444023,171,1.0
2015,4959,2,2,1,1,0,2026,3,22,0,4294.937037037037,125,1.2
2016,13865,1,12,2,0,0,2026,3,25,0,10122.828092243186,155,1.5
2017,1044,2,2,0,1,0,2026,1,4,0,4294.937037037037,125,1.0
2018,5427,5,18,2,4,0,2026,6,16,0,4090.480412371134,122,1.5
2019,10838,3,8,1,3,0,2026,2,8,0,22062.8625,142,1.2
2020,3643,5,1,1,0,0,2026,1,10,0,4090.480412371134,122,1.2
2021,7697,0,9,0,3,0,2026,1,10,0,13011.339658444023,183,1.0
2022,14862,1,7,1,0,0,2026,3,24,0,10122.828092243186,140,1.2
2023,5895,1,7,0,0,0,2026,4,7,0,10122.828092243186,140,1.0
2024,56221,4,17,0,3,1,2026,4,24,0,32658.61914460285,128,1.0
2025,15003,1,7,2,2,0,2026,5,26,0,10122.828092243186,140,1.5
2026,35886,3,8,1,3,0,2026,1,21,0,22062.8625,142,1.2
2027,7666,3,11,2,2,0,2026,3,5,1,22062.8625,166,1.5
2028,55250,4,4,2,1,0,2026,5,23,0,32658.61914460285,128,1.5
2029,21071,4,17,1,3,1,2026,4,20,0,32658.61914460285,128,1.2
2030,36576,3,11,1,4,1,2026,4,3,0,22062.8625,166,1.2
2031,3650,2,15,2,4,0,2026,2,24,0,4294.937037037037,159,1.5
2032,1573,1,3,0,3,0,2026,6,10,0,10122.828092243186,182,1.0
2033,16657,1,7,1,0,0,2026,3,26,0,10122.828092243186,140,1.2
2034,24753,4,17,1,0,0,2026,1,22,0,32658.61914460285,128,1.2
2035,4476,1,7,1,2,0,2026,1,23,0,10122.828092243186,140,1.2
2036,1949,2,15,0,4,0,2026,3,28,0,4294.937037037037,159,1.0
2037,3454,2,15,2,1,1,2026,1,30,0,4294.937037037037,159,1.5
2038,18079,3,13,0,1,0,2026,4,4,0,22062.8625,172,1.0
2039,5184,1,3,1,0,0,2026,3,4,0,10122.828092243186,182,1.2
2040,56137,4,17,0,4,0,2026,3,8,0,32658.61914460285,128,1.0
2041,6330,5,19,0,4,0,2026,6,25,0,4090.480412371134,120,1.0
2042,46950,4,6,1,4,0,2026,3,5,1,32658.61914460285,120,1.2
2043,15388,0,9,1,1,0,2026,5,9,0,13011.339658444023,183,1.2
2044,7625,5,1,2,1,0,2026,6,24,0,4090.480412371134,122,1.5
2045,26318,4,17,2,4,0,2026,3,2,0,32658.61914460285,128,1.5
2046,21090,3,8,2,4,0,2026,4,30,0,22062.8625,142,1.5
2047,6225,2,10,2,0,0,2026,6,21,0,4294.937037037037,116,1.5
2048,8293,1,12,0,1,0,2026,5,11,0,10122.828092243186,155,1.0
2049,9791,0,9,2,2,0,2026,4,5,1,13011.339658444023,183,1.5
2050,7886,5,14,0,0,0,2026,1,16,0,4090.480412371134,121,1.0
2051,9895,1,12,1,2,0,2026,6,18,0,10122.828092243186,155,1.2
2052,32338,3,13,2,0,1,2026,6,15,0,22062.8625,172,1.5
2053,16582,3,8,2,1,0,2026,5,5,1,22062.8625,142,1.5
2054,7007,2,10,2,3,0,2026,2,28,0,4294.937037037037,116,1.5
2055,10533,0,20,2,3,0,2026,5,26,0,13011.339658444023,173,1.5
2056,7475,5,18,0,0,0,2026,4,24,0,4090.480412371134,122,1.0
2057,4398,1,12,0,1,0,2026,3,14,0,10122.828092243186,155,1.0
2058,2586,2,16,1,2,1,2026,4,11,0,4294.937037037037,140,1.2
2059,1740,5,19,2,3,0,2026,1,1,0,4090.480412371134,120,1.5
2060,31436,4,6,2,3,0,2026,6,24,0,32658.61914460285,120,1.5
2061,21258,4,6,1,2,0,2026,4,1,0,32658.61914460285,120,1.2
2062,6060,1,7,2,1,1,2026,1,29,0,10122.828092243186,140,1.5
2063,11757,3,8,2,0,0,2026,1,31,0,22062.8625,142,1.5
2064,25873,4,6,0,3,0,2026,4,23,0,32658.61914460285,120,1.0
2065,23440,0,9,1,4,0,2026,1,30,0,13011.339658444023,183,1.2
2066,6429,5,1,0,3,0,2026,5,3,0,4090.480412371134,122,1.0
2067,5407,0,9,2,0,0,2026,5,7,0,13011.339658444023,183,1.5
2068,2196,5,14,0,2,0,2026,3,2,0,4090.480412371134,121,1.0
2069,36296,3,8,1,0,0,2026,5,2,0,22062.8625,142,1.2
2070,7280,2,10,0,0,0,2026,3,11,0,4294.937037037037,116,1.0
2071,15936,1,12,2,4,0,2026,1,31,0,10122.828092243186,155,1.5
2072,18132,3,13,0,0,0,2026,1,11,0,22062.8625,172,1.0
2073,19037,4,17,1,2,0,2026,1,1,0,32658.61914460285,128,1.2
2074,3472,1,7,2,2,0,2026,4,5,1,10122.828092243186,140,1.5
2075,33963,3,13,1,0,0,2026,4,18,0,22062.8625,172,1.2
2076,17812,1,7,0,3,0,2026,4,11,0,10122.828092243186,140,1.0
2077,31745,3,11,2,4,1,2026,5,1,0,22062.8625,166,1.5
2078,13311,3,13,1,2,0,2026,4,5,1,22062.8625,172,1.2
2079,7344,3,8,1,2,0,2026,6,29,0,22062.8625,142,1.2
2080,26198,3,13,2,2,0,2026,5,7,0,22062.8625,172,1.5
2081,4440,3,11,1,2,1,2026,2,10,0,22062.8625,166,1.2
2082,2947,1,3,2,1,0,2026,4,26,0,10122.828092243186,182,1.5
2083,4286,3,8,1,4,0,2026,6,10,0,22062.8625,142,1.2
2084,14739,4,0,1,4,0,2026,6,20,0,32658.61914460285,115,1.2
2085,24940,0,9,1,2,0,2026,6,15,0,13011.339658444023,183,1.2
2086,5341,2,10,1,1,0,2026,4,30,0,4294.937037037037,116,1.2
2087,3066,2,10,1,1,0,2026,1,19,0,4294.937037037037,116,1.2
2088,14445,1,12,1,3,0,2026,5,15,0,10122.828092243186,155,1.2
2089,16885,3,13,1,0,0,2026,1,1,0,22062.8625,172,1.2
2090,23943,0,20,2,1,0,2026,6,28,0,13011.339658444023,173,1.5
2091,9712,0,20,1,0,0,2026,5,29,0,13011.339658444023,173,1.2
2092,44664,4,4,0,2,0,2026,4,6,1,32658.61914460285,128,1.0
2093,6387,5,18,0,2,1,2026,3,21,0,4090.480412371134,122,1.0
2094,3271,2,16,1,1,0,2026,2,12,0,4294.937037037037,140,1.2
2095,30471,3,8,1,2,0,2026,5,28,0,22062.8625,142,1.2
2096,11629,3,13,1,1,0,2026,6,28,0,22062.8625,172,1.2
2097,20476,3,11,1,3,0,2026,1,5,1,22062.8625,166,1.2
2098,1397,0,20,2,3,0,2026,2,24,0,13011.339658444023,173,1.5
2099,9994,4,6,1,4,0,2026,3,6,1,32658.61914460285,120,1.2
2100,15602,3,13,2,4,0,2026,6,13,0,22062.8625,172,1.5
2101,626,5,18,0,0,0,2026,5,29,0,4090.480412371134,122,1.0
2102,3810,0,20,0,3,0,2026,3,22,0,13011.339658444023,173,1.0
2103,2066,5,14,2,3,0,2026,6,23,0,4090.480412371134,121,1.5
2104,4246,2,15,2,3,0,2026,1,25,0,4294.937037037037,159,1.5
2105,36080,4,6,1,0,0,2026,5,27,0,32658.61914460285,120,1.2
2106,9929,0,5,0,0,0,2026,3,22,0,13011.339658444023,171,1.0
2107,19371,4,6,2,3,0,2026,4,3,0,32658.61914460285,120,1.5
2108,37544,4,0,1,4,0,2026,5,13,0,32658.61914460285,115,1.2
2109,1176,5,1,1,4,0,2026,1,28,0,4090.480412371134,122,1.2
2110,21666,0,9,1,4,0,2026,2,14,0,13011.339658444023,183,1.2
2111,5618,5,1,2,3,0,2026,5,24,0,4090.480412371134,122,1.5
2112,1200,2,15,2,2,0,2026,3,10,0,4294.937037037037,159,1.5
2113,1409,2,2,1,2,0,2026,5,12,0,4294.937037037037,125,1.2
2114,36365,3,13,2,0,0,2026,4,16,0,22062.8625,172,1.5
2115,10601,1,12,1,3,0,2026,5,8,0,10122.828092243186,155,1.2
2116,4428,1,3,2,1,0,2026,3,25,0,10122.828092243186,182,1.5
2117,5288,5,1,2,2,0,2026,6,23,0,4090.480412371134,122,1.5
2118,1829,2,2,2,4,0,2026,1,28,0,4294.937037037037,125,1.5
2119,38126,3,13,0,2,0,2026,1,13,0,22062.8625,172,1.0
2120,5372,2,16,1,4,0,2026,1,4,0,4294.937037037037,140,1.2
2121,3387,5,19,2,1,0,2026,5,25,0,4090.480412371134,120,1.5
2122,4192,2,10,2,2,0,2026,3,10,0,4294.937037037037,116,1.5
2123,6413,2,10,2,4,0,2026,6,26,0,4294.937037037037,116,1.5
2124,22181,0,9,1,2,0,2026,5,21,0,13011.339658444023,183,1.2
2125,5495,2,2,0,4,0,2026,3,28,0,4294.937037037037,125,1.0
2126,59155,4,4,1,3,0,2026,6,14,0,32658.61914460285,128,1.2
2127,10550,1,3,2,1,0,2026,3,29,0,10122.828092243186,182,1.5
2128,35377,4,6,1,0,0,2026,6,19,0,32658.61914460285,120,1.2
2129,12756,3,8,1,0,0,2026,4,1,0,22062.8625,142,1.2
2130,14880,1,7,2,4,0,2026,6,10,0,10122.828092243186,140,1.5
2131,37301,4,6,1,0,0,2026,3,4,0,32658.61914460285,120,1.2
2132,18334,3,13,2,0,0,2026,3,9,0,22062.8625,172,1.5
2133,3900,5,19,0,2,0,2026,3,20,0,4090.480412371134,120,1.0
2134,22882,0,9,0,0,0,2026,5,26,0,13011.339658444023,183,1.0
2135,19581,4,0,0,0,0,2026,1,29,0,32658.61914460285,115,1.0
2136,15323,0,20,1,2,0,2026,1,29,0,13011.339658444023,173,1.2
2137,10737,1,7,0,1,0,2026,3,19,0,10122.828092243186,140,1.0
2138,58727,4,6,1,3,0,2026,5,24,0,32658.61914460285,120,1.2
2139,33090,4,6,2,2,0,2026,5,18,0,32658.61914460285,120,1.5
2140,5032,5,18,0,3,0,2026,2,20,0,4090.480412371134,122,1.0
2141,2297,0,5,2,4,0,2026,2,28,0,13011.339658444023,171,1.5
2142,19906,0,20,0,4,0,2026,6,10,0,13011.339658444023,173,1.0
2143,18749,0,5,2,0,0,2026,3,1,0,13011.339658444023,171,1.5
2144,6888,2,2,2,4,0,2026,4,24,0,4294.937037037037,125,1.5
2145,7899,0,5,1,0,0,2026,3,30,0,13011.339658444023,171,1.2
2146,1928,2,2,0,3,0,2026,6,9,0,4294.937037037037,125,1.0
2147,20438,0,9,1,3,0,2026,1,28,0,13011.339658444023,183,1.2
2148,893,2,15,2,0,0,2026,6,11,0,4294.937037037037,159,1.5
2149,455,5,18,0,1,0,2026,4,22,0,4090.480412371134,122,1.0
2150,3870,2,2,2,4,0,2026,1,13,0,4294.937037037037,125,1.5
2151,44692,4,17,1,3,1,2026,1,6,1,32658.61914460285,128,1.2
2152,34831,4,6,0,2,0,2026,3,16,0,32658.61914460285,120,1.0
2153,5381,3,11,1,4,0,2026,5,13,0,22062.8625,166,1.2
2154,56417,4,17,0,0,1,2026,1,24,0,32658.61914460285,128,1.0
2155,17646,3,11,1,1,0,2026,3,24,0,22062.8625,166,1.2
2156,11047,0,5,0,3,0,2026,4,13,0,13011.339658444023,171,1.0
2157,4870,5,19,0,3,0,2026,6,1,0,4090.480412371134,120,1.0
2158,21027,3,11,2,4,0,2026,3,18,0,22062.8625,166,1.5
2159,11700,3,11,0,0,0,2026,4,4,0,22062.8625,166,1.0
2160,27330,3,11,1,0,0,2026,4,18,0,22062.8625,166,1.2
2161,10236,1,3,2,0,0,2026,3,8,0,10122.828092243186,182,1.5
2162,23976,0,9,1,4,0,2026,4,11,0,13011.339658444023,183,1.2
2163,14608,0,9,2,1,0,2026,5,25,0,13011.339658444023,183,1.5
2164,4262,5,19,0,1,0,2026,6,21,0,4090.480412371134,120,1.0
2165,1613,5,19,0,4,0,2026,5,13,0,4090.480412371134,120,1.0
2166,14462,1,3,1,1,0,2026,1,26,0,10122.828092243186,182,1.2
2167,5304,5,14,0,1,0,2026,4,18,0,4090.480412371134,121,1.0
2168,24236,0,9,0,3,0,2026,4,22,0,13011.339658444023,183,1.0
2169,1497,0,9,1,0,0,2026,5,16,0,13011.339658444023,183,1.2
2170,20167,3,11,1,0,1,2026,2,25,0,22062.8625,166,1.2
2171,6618,2,10,2,2,0,2026,5,2,0,4294.937037037037,116,1.5
2172,22356,4,4,1,4,0,2026,6,9,0,32658.61914460285,128,1.2
2173,11878,3,11,1,3,0,2026,3,1,0,22062.8625,166,1.2
2174,15543,0,9,1,2,1,2026,1,10,0,13011.339658444023,183,1.2
2175,7625,0,5,0,4,0,2026,3,15,0,13011.339658444023,171,1.0
2176,660,2,2,2,0,0,2026,6,11,0,4294.937037037037,125,1.5
2177,12743,0,9,0,2,0,2026,3,22,0,13011.339658444023,183,1.0
2178,5263,5,19,0,4,0,2026,1,25,0,4090.480412371134,120,1.0
2179,2762,5,19,0,3,0,2026,3,18,0,4090.480412371134,120,1.0
2180,4354,5,18,2,2,0,2026,2,24,0,4090.480412371134,122,1.5
2181,4686,5,1,2,2,0,2026,3,23,0,4090.480412371134,122,1.5
2182,15997,4,0,0,4,0,2026,5,6,1,32658.61914460285,115,1.0
2183,10299,0,9,0,1,0,2026,2,3,0,13011.339658444023,183,1.0
2184,2893,2,15,1,1,0,2026,4,19,0,4294.937037037037,159,1.2
2185,7584,5,18,2,2,0,2026,6,28,0,4090.480412371134,122,1.5
2186,32813,3,11,2,3,0,2026,6,9,0,22062.8625,166,1.5
2187,4715,2,2,1,4,0,2026,4,7,0,4294.937037037037,125,1.2
2188,4702,0,9,0,4,0,2026,4,12,0,13011.339658444023,183,1.0
2189,3870,5,14,2,3,0,2026,1,12,0,4090.480412371134,121,1.5
2190,12036,4,4,1,1,0,2026,6,16,0,32658.61914460285,128,1.2
2191,913,2,10,2,3,0,2026,2,8,0,4294.937037037037,116,1.5
2192,6397,1,3,2,0,0,2026,1,31,0,10122.828092243186,182,1.5
2193,17904,0,5,0,3,0,2026,5,22,0,13011.339658444023,171,1.0
2194,15501,3,13,2,1,0,2026,3,3,0,22062.8625,172,1.5
2195,5287,5,19,1,0,0,2026,5,19,0,4090.480412371134,120,1.2
2196,7708,5,14,1,2,0,2026,1,21,0,4090.480412371134,121,1.2
2197,5462,0,20,1,0,0,2026,1,16,0,13011.339658444023,173,1.2
2198,2551,2,15,2,1,0,2026,4,24,0,4294.937037037037,159,1.5
2199,49058,4,17,2,1,1,2026,3,12,0,32658.61914460285,128,1.5
2200,7520,2,16,0,3,0,2026,4,14,0,4294.937037037037,140,1.0
2201,20394,0,20,2,0,0,2026,3,1,0,13011.339658444023,173,1.5
2202,6003,2,2,2,0,0,2026,2,16,0,4294.937037037037,125,1.5
2203,2899,0,5,0,4,0,2026,1,23,0,13011.339658444023,171,1.0
2204,15343,3,8,0,3,0,2026,4,23,0,22062.8625,142,1.0
2205,3140,2,16,2,4,0,2026,3,26,0,4294.937037037037,140,1.5
2206,22464,0,20,2,4,0,2026,2,20,0,13011.339658444023,173,1.5
2207,14103,0,5,0,3,0,2026,2,23,0,13011.339658444023,171,1.0
2208,8241,3,11,2,3,1,2026,1,2,0,22062.8625,166,1.5
2209,3184,5,14,0,3,0,2026,6,24,0,4090.480412371134,121,1.0
2210,1582,2,10,0,2,0,2026,3,16,0,4294.937037037037,116,1.0
2211,1678,2,15,0,2,0,2026,2,21,0,4294.937037037037,159,1.0
2212,4694,5,1,1,0,0,2026,2,19,0,4090.480412371134,122,1.2
2213,45446,4,6,1,0,0,2026,4,19,0,32658.61914460285,120,1.2
2214,52829,4,17,0,3,1,2026,1,6,1,32658.61914460285,128,1.0
2215,15501,1,3,0,0,0,2026,3,20,0,10122.828092243186,182,1.0
2216,11063,1,7,1,2,0,2026,4,25,0,10122.828092243186,140,1.2
2217,23176,0,9,2,4,0,2026,1,24,0,13011.339658444023,183,1.5
2218,22628,0,20,1,1,0,2026,2,17,0,13011.339658444023,173,1.2
2219,4716,2,15,1,0,1,2026,2,8,0,4294.937037037037,159,1.2
2220,24730,3,11,2,4,0,2026,4,1,0,22062.8625,166,1.5
2221,1198,5,1,1,1,0,2026,6,18,0,4090.480412371134,122,1.2
2222,15717,1,3,0,0,0,2026,1,28,0,10122.828092243186,182,1.0
2223,414,5,1,0,0,0,2026,4,14,0,4090.480412371134,122,1.0
2224,31033,3,13,1,3,0,2026,5,30,0,22062.8625,172,1.2
2225,6236,5,18,2,0,0,2026,2,8,0,4090.480412371134,122,1.5
2226,38390,4,6,2,2,0,2026,3,14,0,32658.61914460285,120,1.5
2227,15388,0,9,2,3,0,2026,5,10,0,13011.339658444023,183,1.5
2228,504,2,10,2,1,0,2026,6,20,0,4294.937037037037,116,1.5
2229,5705,3,8,2,3,0,2026,3,22,0,22062.8625,142,1.5
2230,39776,3,13,1,2,0,2026,4,2,0,22062.8625,172,1.2
2231,27505,3,13,0,4,0,2026,3,11,0,22062.8625,172,1.0
2232,2255,2,10,0,3,0,2026,3,15,0,4294.937037037037,116,1.0
2233,41699,4,17,1,2,1,2026,3,6,1,32658.61914460285,128,1.2
2234,9100,1,12,0,0,0,2026,3,31,0,10122.828092243186,155,1.0
2235,4143,5,1,1,4,0,2026,2,11,0,4090.480412371134,122,1.2
2236,14876,1,12,1,4,0,2026,6,16,0,10122.828092243186,155,1.2
2237,21381,0,20,1,0,0,2026,6,11,0,13011.339658444023,173,1.2
2238,7753,1,7,2,4,0,2026,5,26,0,10122.828092243186,140,1.5
2239,1969,5,14,1,1,0,2026,1,4,0,4090.480412371134,121,1.2
2240,3574,5,14,2,3,0,2026,3,10,0,4090.480412371134,121,1.5
2241,21600,0,5,1,1,0,2026,1,26,0,13011.339658444023,171,1.2
2242,43999,4,6,1,0,0,2026,3,25,0,32658.61914460285,120,1.2
2243,18703,0,9,1,4,0,2026,2,13,0,13011.339658444023,183,1.2
2244,5379,4,17,2,1,0,2026,4,1,0,32658.61914460285,128,1.5
2245,2267,5,1,2,4,0,2026,3,18,0,4090.480412371134,122,1.5
2246,5560,0,5,0,2,0,2026,2,12,0,13011.339658444023,171,1.0
2247,26244,3,13,0,2,0,2026,3,10,0,22062.8625,172,1.0
2248,7061,0,9,0,1,0,2026,4,8,0,13011.339658444023,183,1.0
2249,3154,3,11,1,0,0,2026,4,25,0,22062.8625,166,1.2
2250,34964,3,13,0,3,0,2026,5,4,0,22062.8625,172,1.0
2251,7675,2,2,1,3,0,2026,5,28,0,4294.937037037037,125,1.2
2252,22763,3,13,0,2,0,2026,5,1,0,22062.8625,172,1.0
2253,5925,5,19,1,4,0,2026,6,23,0,4090.480412371134,120,1.2
2254,14881,1,3,1,2,0,2026,5,30,0,10122.828092243186,182,1.2
2255,18684,4,0,1,3,0,2026,1,5,1,32658.61914460285,115,1.2
2256,1706,2,2,1,0,0,2026,5,31,0,4294.937037037037,125,1.2
2257,39844,4,17,0,0,0,2026,5,11,0,32658.61914460285,128,1.0
2258,1528,5,1,2,4,0,2026,2,16,0,4090.480412371134,122,1.5
2259,42849,4,0,0,0,0,2026,5,2,0,32658.61914460285,115,1.0
2260,6493,5,14,2,3,1,2026,6,8,0,4090.480412371134,121,1.5
2261,19348,1,12,2,4,0,2026,6,17,0,10122.828092243186,155,1.5
2262,39032,4,4,0,0,0,2026,1,30,0,32658.61914460285,128,1.0
2263,33888,3,11,1,1,0,2026,3,23,0,22062.8625,166,1.2
2264,7493,0,5,1,0,0,2026,3,9,0,13011.339658444023,171,1.2
2265,4898,2,2,2,0,0,2026,6,26,0,4294.937037037037,125,1.5
2266,7961,0,20,2,1,0,2026,1,14,0,13011.339658444023,173,1.5
2267,5443,2,16,0,1,0,2026,3,28,0,4294.937037037037,140,1.0
2268,9049,3,11,1,2,0,2026,4,21,0,22062.8625,166,1.2
2269,27615,4,6,0,4,0,2026,6,10,0,32658.61914460285,120,1.0
2270,660,5,19,0,2,0,2026,4,28,0,4090.480412371134,120,1.0
2271,14548,1,12,1,0,0,2026,3,13,0,10122.828092243186,155,1.2
2272,3423,2,15,0,4,0,2026,1,14,0,4294.937037037037,159,1.0
2273,1744,2,2,1,0,0,2026,4,20,0,4294.937037037037,125,1.2
2274,12521,1,3,0,0,0,2026,6,29,0,10122.828092243186,182,1.0
2275,11331,0,9,0,1,0,2026,5,29,0,13011.339658444023,183,1.0
2276,13851,1,12,2,2,0,2026,2,22,0,10122.828092243186,155,1.5
2277,5379,2,10,2,0,0,2026,5,13,0,4294.937037037037,116,1.5
2278,325,5,18,2,0,0,2026,6,2,0,4090.480412371134,122,1.5
2279,5571,4,17,2,2,0,2026,6,1,0,32658.61914460285,128,1.5
2280,21715,3,8,1,1,0,2026,5,15,0,22062.8625,142,1.2
2281,3183,2,10,2,2,0,2026,3,30,0,4294.937037037037,116,1.5
2282,4774,1,7,2,3,0,2026,1,26,0,10122.828092243186,140,1.5
2283,24376,0,9,2,0,0,2026,6,3,0,13011.339658444023,183,1.5
2284,18121,1,12,0,1,0,2026,4,13,0,10122.828092243186,155,1.0
2285,18685,1,12,1,2,0,2026,2,6,1,10122.828092243186,155,1.2
2286,10155,0,5,0,2,0,2026,4,10,0,13011.339658444023,171,1.0
2287,17424,0,9,0,4,0,2026,5,1,0,13011.339658444023,183,1.0
2288,1105,5,14,1,3,0,2026,6,10,0,4090.480412371134,121,1.2
2289,29769,4,17,1,2,0,2026,2,28,0,32658.61914460285,128,1.2
2290,19117,3,11,2,2,0,2026,2,2,0,22062.8625,166,1.5
2291,14730,1,7,0,4,0,2026,2,10,0,10122.828092243186,140,1.0
2292,21395,4,17,2,2,0,2026,2,4,0,32658.61914460285,128,1.5
2293,4012,2,2,2,3,0,2026,1,2,0,4294.937037037037,125,1.5
2294,7447,4,17,2,4,0,2026,4,19,0,32658.61914460285,128,1.5
2295,3611,5,19,0,0,0,2026,4,16,0,4090.480412371134,120,1.0
2296,45198,4,4,1,4,1,2026,5,21,0,32658.61914460285,128,1.2
2297,8689,3,8,1,2,0,2026,2,9,0,22062.8625,142,1.2
2298,1187,2,10,2,0,0,2026,1,6,1,4294.937037037037,116,1.5
2299,14612,0,5,2,1,1,2026,6,24,0,13011.339658444023,171,1.5
2300,12618,1,3,1,4,0,2026,1,9,0,10122.828092243186,182,1.2
2301,3321,2,2,1,3,0,2026,2,4,0,4294.937037037037,125,1.2
2302,6522,5,19,2,1,0,2026,3,11,0,4090.480412371134,120,1.5
2303,32858,4,6,2,1,0,2026,1,25,0,32658.61914460285,120,1.5
2304,19541,3,8,0,1,0,2026,1,3,0,22062.8625,142,1.0
2305,3849,5,19,1,2,0,2026,4,7,0,4090.480412371134,120,1.2
2306,36447,3,11,1,3,0,2026,5,18,0,22062.8625,166,1.2
2307,2444,2,2,1,4,0,2026,6,15,0,4294.937037037037,125,1.2
2308,3265,2,10,0,3,0,2026,4,29,0,4294.937037037037,116,1.0
2309,16170,0,9,0,2,0,2026,5,7,0,13011.339658444023,183,1.0
2310,3766,2,15,1,2,0,2026,5,25,0,4294.937037037037,159,1.2
2311,1092,0,9,1,4,0,2026,6,8,0,13011.339658444023,183,1.2
2312,2749,5,18,2,1,0,2026,5,3,0,4090.480412371134,122,1.5
2313,3375,5,1,1,0,0,2026,4,16,0,4090.480412371134,122,1.2
2314,3344,5,18,0,0,0,2026,5,1,0,4090.480412371134,122,1.0
2315,1524,0,5,2,4,0,2026,5,10,0,13011.339658444023,171,1.5
2316,57980,4,0,0,0,0,2026,6,21,0,32658.61914460285,115,1.0
2317,9622,0,9,2,0,0,2026,2,15,0,13011.339658444023,183,1.5
2318,18269,0,20,1,0,0,2026,2,6,1,13011.339658444023,173,1.2
2319,20422,3,11,2,2,0,2026,3,20,0,22062.8625,166,1.5
2320,4799,5,19,1,4,0,2026,4,8,0,4090.480412371134,120,1.2
2321,41462,4,17,0,4,1,2026,4,18,0,32658.61914460285,128,1.0
2322,6616,2,16,1,1,0,2026,2,8,0,4294.937037037037,140,1.2
2323,5187,4,6,2,2,0,2026,4,12,0,32658.61914460285,120,1.5
2324,15759,1,3,1,0,0,2026,3,8,0,10122.828092243186,182,1.2
2325,12538,0,9,1,2,0,2026,2,5,1,13011.339658444023,183,1.2
2326,16724,1,3,2,0,0,2026,2,18,0,10122.828092243186,182,1.5
2327,7302,2,15,2,2,0,2026,6,28,0,4294.937037037037,159,1.5
2328,8923,3,13,1,2,0,2026,4,24,0,22062.8625,172,1.2
2329,24175,3,11,0,2,0,2026,2,23,0,22062.8625,166,1.0
2330,32510,3,8,1,3,0,2026,2,27,0,22062.8625,142,1.2
2331,1053,2,16,0,1,0,2026,3,16,0,4294.937037037037,140,1.0
2332,3783,5,18,1,0,0,2026,5,21,0,4090.480412371134,122,1.2
2333,14153,1,12,2,2,0,2026,3,3,0,10122.828092243186,155,1.5
2334,4840,5,1,1,0,0,2026,5,27,0,4090.480412371134,122,1.2
2335,2875,0,9,2,4,1,2026,2,12,0,13011.339658444023,183,1.5
2336,5376,2,2,2,3,0,2026,6,16,0,4294.937037037037,125,1.5
2337,3501,5,18,1,1,0,2026,2,13,0,4090.480412371134,122,1.2
2338,7778,2,15,1,3,0,2026,3,10,0,4294.937037037037,159,1.2
2339,9251,3,13,0,3,0,2026,2,16,0,22062.8625,172,1.0
2340,959,2,15,1,0,0,2026,4,24,0,4294.937037037037,159,1.2
2341,7826,0,9,2,0,0,2026,6,12,0,13011.339658444023,183,1.5
2342,49042,4,6,2,0,1,2026,3,8,0,32658.61914460285,120,1.5
2343,3787,2,2,1,4,0,2026,3,21,0,4294.937037037037,125,1.2
2344,44768,4,6,0,0,0,2026,3,25,0,32658.61914460285,120,1.0
2345,20858,4,4,0,2,0,2026,6,7,0,32658.61914460285,128,1.0
2346,18946,4,17,0,4,0,2026,6,17,0,32658.61914460285,128,1.0
2347,3312,2,2,0,0,0,2026,6,18,0,4294.937037037037,125,1.0
2348,20147,0,9,0,3,1,2026,2,27,0,13011.339658444023,183,1.0
2349,5480,2,16,0,3,0,2026,3,12,0,4294.937037037037,140,1.0
2350,21117,0,5,1,0,0,2026,3,9,0,13011.339658444023,171,1.2
2351,38008,4,17,0,3,0,2026,2,16,0,32658.61914460285,128,1.0
2352,13611,1,3,0,4,0,2026,5,25,0,10122.828092243186,182,1.0
2353,27901,4,17,2,0,0,2026,2,9,0,32658.61914460285,128,1.5
2354,11740,3,8,1,3,0,2026,1,1,0,22062.8625,142,1.2
2355,2708,0,5,1,3,1,2026,4,30,0,13011.339658444023,171,1.2
2356,29067,3,11,1,1,0,2026,5,26,0,22062.8625,166,1.2
2357,13316,1,3,0,1,0,2026,1,13,0,10122.828092243186,182,1.0
2358,7955,2,15,2,0,0,2026,1,13,0,4294.937037037037,159,1.5
2359,36805,3,13,2,2,0,2026,6,16,0,22062.8625,172,1.5
2360,23022,0,9,1,2,0,2026,2,20,0,13011.339658444023,183,1.2
2361,5470,2,2,1,2,0,2026,3,22,0,4294.937037037037,125,1.2
2362,47772,4,0,1,1,0,2026,1,13,0,32658.61914460285,115,1.2
2363,14216,3,8,0,1,0,2026,6,24,0,22062.8625,142,1.0
2364,1489,5,19,2,4,0,2026,3,31,0,4090.480412371134,120,1.5
2365,17017,0,20,1,2,0,2026,1,21,0,13011.339658444023,173,1.2
2366,2279,1,3,0,3,0,2026,5,28,0,10122.828092243186,182,1.0
2367,44022,4,0,1,2,0,2026,3,30,0,32658.61914460285,115,1.2
2368,7227,2,16,2,4,0,2026,4,10,0,4294.937037037037,140,1.5
2369,15195,1,12,0,2,0,2026,1,8,0,10122.828092243186,155,1.0
2370,16730,3,13,1,1,0,2026,5,21,0,22062.8625,172,1.2
2371,1147,0,5,2,3,0,2026,6,21,0,13011.339658444023,171,1.5
2372,6304,5,1,0,0,0,2026,1,7,0,4090.480412371134,122,1.0
2373,18363,1,3,1,0,0,2026,3,11,0,10122.828092243186,182,1.2
2374,5064,5,18,0,0,0,2026,6,5,1,4090.480412371134,122,1.0
2375,7926,3,13,0,1,0,2026,2,16,0,22062.8625,172,1.0
2376,34560,3,11,0,2,0,2026,4,17,0,22062.8625,166,1.0
2377,770,5,1,2,3,0,2026,6,19,0,4090.480412371134,122,1.5
2378,10024,0,9,2,2,0,2026,3,19,0,13011.339658444023,183,1.5
2379,5296,2,15,0,4,0,2026,4,1,0,4294.937037037037,159,1.0
2380,20997,0,9,0,1,0,2026,2,12,0,13011.339658444023,183,1.0
2381,38252,3,8,1,1,0,2026,5,16,0,22062.8625,142,1.2
2382,14722,1,7,0,4,0,2026,4,15,0,10122.828092243186,140,1.0
2383,30482,4,4,2,3,0,2026,1,12,0,32658.61914460285,128,1.5
2384,39416,3,8,1,1,0,2026,5,26,0,22062.8625,142,1.2
2385,30686,4,6,1,1,0,2026,2,14,0,32658.61914460285,120,1.2
2386,22653,0,5,1,0,0,2026,3,21,0,13011.339658444023,171,1.2
2387,24200,0,20,1,1,0,2026,1,5,1,13011.339658444023,173,1.2
2388,10407,4,0,0,1,0,2026,1,8,0,32658.61914460285,115,1.0
2389,3605,5,1,0,0,0,2026,5,27,0,4090.480412371134,122,1.0
2390,33419,4,17,2,2,0,2026,2,3,0,32658.61914460285,128,1.5
2391,19058,1,3,0,4,0,2026,5,31,0,10122.828092243186,182,1.0
2392,13758,0,20,2,3,0,2026,5,28,0,13011.339658444023,173,1.5
2393,11046,3,8,0,0,0,2026,2,7,0,22062.8625,142,1.0
2394,19279,0,20,0,3,0,2026,3,7,0,13011.339658444023,173,1.0
2395,11406,1,7,2,3,1,2026,3,31,0,10122.828092243186,140,1.5
2396,7946,2,10,2,3,0,2026,5,16,0,4294.937037037037,116,1.5
2397,13842,3,13,1,2,0,2026,4,2,0,22062.8625,172,1.2
2398,9972,1,12,0,0,0,2026,5,8,0,10122.828092243186,155,1.0
2399,11898,1,7,0,3,0,2026,3,11,0,10122.828092243186,140,1.0
2400,13828,1,7,2,0,0,2026,5,19,0,10122.828092243186,140,1.5
2401,3243,2,10,2,3,0,2026,5,25,0,4294.937037037037,116,1.5
2402,2656,5,18,2,2,0,2026,4,22,0,4090.480412371134,122,1.5
2403,643,2,2,1,3,0,2026,1,10,0,4294.937037037037,125,1.2
2404,13971,1,3,2,1,0,2026,3,28,0,10122.828092243186,182,1.5
2405,15924,1,7,2,3,1,2026,2,20,0,10122.828092243186,140,1.5
2406,4439,1,3,2,1,0,2026,5,6,1,10122.828092243186,182,1.5
2407,29580,4,4,0,3,0,2026,6,29,0,32658.61914460285,128,1.0
2408,4621,2,10,0,4,0,2026,2,8,0,4294.937037037037,116,1.0
2409,5781,2,16,2,0,0,2026,2,10,0,4294.937037037037,140,1.5
2410,22556,0,9,1,0,0,2026,2,4,0,13011.339658444023,183,1.2
2411,4062,1,3,1,1,0,2026,5,6,1,10122.828092243186,182,1.2
2412,7230,3,13,1,4,0,2026,5,19,0,22062.8625,172,1.2
2413,3341,3,11,2,0,0,2026,2,1,0,22062.8625,166,1.5
2414,6422,0,20,1,4,0,2026,1,22,0,13011.339658444023,173,1.2
2415,4900,2,15,0,2,0,2026,3,23,0,4294.937037037037,159,1.0
2416,1445,5,1,0,1,0,2026,4,9,0,4090.480412371134,122,1.0
2417,9623,1,3,0,3,0,2026,3,28,0,10122.828092243186,182,1.0
2418,19650,3,8,2,3,0,2026,1,20,0,22062.8625,142,1.5
2419,7620,2,16,0,3,0,2026,4,5,1,4294.937037037037,140,1.0
2420,2833,2,16,1,0,0,2026,5,5,1,4294.937037037037,140,1.2
2421,54654,4,6,0,4,1,2026,6,8,0,32658.61914460285,120,1.0
2422,3731,5,1,2,1,0,2026,5,19,0,4090.480412371134,122,1.5
2423,22343,0,5,2,0,0,2026,5,15,0,13011.339658444023,171,1.5
2424,38854,4,6,0,2,0,2026,1,14,0,32658.61914460285,120,1.0
2425,7286,0,5,0,1,0,2026,4,14,0,13011.339658444023,171,1.0
2426,37000,4,0,0,0,0,2026,1,25,0,32658.61914460285,115,1.0
2427,4598,2,16,2,0,0,2026,5,23,0,4294.937037037037,140,1.5
2428,11372,3,11,0,0,0,2026,3,26,0,22062.8625,166,1.0
2429,7599,5,18,0,3,0,2026,5,2,0,4090.480412371134,122,1.0
2430,27792,4,17,1,2,0,2026,3,2,0,32658.61914460285,128,1.2
2431,3671,2,10,1,3,0,2026,3,6,1,4294.937037037037,116,1.2
2432,34527,4,6,2,1,1,2026,3,6,1,32658.61914460285,120,1.5
2433,19871,1,3,0,0,0,2026,1,16,0,10122.828092243186,182,1.0
2434,12455,0,20,1,2,0,2026,3,23,0,13011.339658444023,173,1.2
2435,34657,3,11,1,3,0,2026,3,29,0,22062.8625,166,1.2
2436,36950,3,8,0,2,0,2026,3,30,0,22062.8625,142,1.0
2437,7437,0,20,1,3,0,2026,6,15,0,13011.339658444023,173,1.2
2438,3956,3,13,2,0,0,2026,1,9,0,22062.8625,172,1.5
2439,5197,5,18,0,4,0,2026,3,11,0,4090.480412371134,122,1.0
2440,19880,0,9,1,2,0,2026,2,6,1,13011.339658444023,183,1.2
2441,4920,2,15,1,3,0,2026,2,11,0,4294.937037037037,159,1.2
2442,31657,3,11,1,4,0,2026,1,1,0,22062.8625,166,1.2
2443,7570,0,5,0,0,0,2026,5,16,0,13011.339658444023,171,1.0
2444,7145,1,3,0,3,0,2026,6,4,0,10122.828092243186,182,1.0
2445,58183,4,17,0,2,0,2026,5,31,0,32658.61914460285,128,1.0
2446,32917,3,11,1,3,0,2026,1,26,0,22062.8625,166,1.2
2447,2681,1,12,2,2,0,2026,4,28,0,10122.828092243186,155,1.5
2448,23813,0,5,0,4,0,2026,6,2,0,13011.339658444023,171,1.0
2449,6012,1,12,1,4,0,2026,3,24,0,10122.828092243186,155,1.2
2450,45078,4,4,1,2,0,2026,6,8,0,32658.61914460285,128,1.2
2451,34460,3,11,1,4,0,2026,3,9,0,22062.8625,166,1.2
2452,2623,2,16,1,2,0,2026,1,7,0,4294.937037037037,140,1.2
2453,19061,1,12,1,1,0,2026,6,8,0,10122.828092243186,155,1.2
2454,5567,1,12,0,4,0,2026,6,9,0,10122.828092243186,155,1.0
2455,2044,1,12,2,1,0,2026,2,18,0,10122.828092243186,155,1.5
2456,3933,2,16,1,4,0,2026,2,3,0,4294.937037037037,140,1.2
2457,7460,2,15,0,1,0,2026,3,2,0,4294.937037037037,159,1.0
2458,42194,4,17,1,1,1,2026,4,4,0,32658.61914460285,128,1.2
2459,737,2,15,0,4,0,2026,2,5,1,4294.937037037037,159,1.0
2460,4160,2,10,2,0,0,2026,2,7,0,4294.937037037037,116,1.5
2461,34655,3,11,1,3,0,2026,3,9,0,22062.8625,166,1.2
2462,637,5,14,1,2,0,2026,4,5,1,4090.480412371134,121,1.2
2463,26251,3,11,0,0,0,2026,5,19,0,22062.8625,166,1.0
2464,2837,1,12,0,4,0,2026,2,1,0,10122.828092243186,155,1.0
2465,10452,0,9,2,3,0,2026,1,6,1,13011.339658444023,183,1.5
2466,13629,1,7,2,0,0,2026,1,30,0,10122.828092243186,140,1.5
2467,57485,4,0,2,4,0,2026,2,24,0,32658.61914460285,115,1.5
2468,19017,0,9,2,3,0,2026,5,26,0,13011.339658444023,183,1.5
2469,7819,5,18,0,2,0,2026,1,11,0,4090.480412371134,122,1.0
2470,46177,4,6,1,0,1,2026,1,1,0,32658.61914460285,120,1.2
2471,8663,3,8,2,4,0,2026,4,3,0,22062.8625,142,1.5
2472,3516,5,19,1,3,0,2026,1,10,0,4090.480412371134,120,1.2
2473,2352,5,18,1,4,0,2026,1,3,0,4090.480412371134,122,1.2
2474,13076,1,3,1,2,0,2026,1,31,0,10122.828092243186,182,1.2
2475,5615,2,15,1,2,0,2026,3,5,1,4294.937037037037,159,1.2
2476,33860,4,6,0,4,0,2026,3,27,0,32658.61914460285,120,1.0
2477,12851,0,9,2,0,0,2026,5,14,0,13011.339658444023,183,1.5
2478,33958,3,8,1,2,0,2026,2,18,0,22062.8625,142,1.2
2479,19577,0,5,2,0,1,2026,3,23,0,13011.339658444023,171,1.5
2480,5453,1,7,0,2,0,2026,4,2,0,10122.828092243186,140,1.0
2481,25072,4,17,0,3,0,2026,2,5,1,32658.61914460285,128,1.0
2482,6357,2,2,0,1,0,2026,6,12,0,4294.937037037037,125,1.0
2483,38809,3,11,2,4,1,2026,6,21,0,22062.8625,166,1.5
2484,3372,5,19,2,0,0,2026,6,11,0,4090.480412371134,120,1.5
2485,5335,5,19,1,2,0,2026,3,6,1,4090.480412371134,120,1.2
2486,7986,5,1,0,4,0,2026,2,23,0,4090.480412371134,122,1.0
2487,8298,1,12,2,0,0,2026,4,13,0,10122.828092243186,155,1.5
2488,11557,3,13,2,3,1,2026,4,25,0,22062.8625,172,1.5
2489,26814,3,11,1,4,0,2026,6,2,0,22062.8625,166,1.2
2490,4056,2,16,2,1,0,2026,2,7,0,4294.937037037037,140,1.5
2491,23067,3,11,0,2,0,2026,1,9,0,22062.8625,166,1.0
2492,10670,0,5,2,4,1,2026,3,5,1,13011.339658444023,171,1.5
2493,19862,1,3,0,4,0,2026,5,30,0,10122.828092243186,182,1.0
2494,36583,3,8,2,2,0,2026,6,19,0,22062.8625,142,1.5
2495,3041,5,18,1,2,0,2026,4,1,0,4090.480412371134,122,1.2
2496,7843,5,19,1,1,0,2026,1,21,0,4090.480412371134,120,1.2
2497,17152,1,3,0,0,0,2026,2,27,0,10122.828092243186,182,1.0
2498,13046,4,4,0,3,0,2026,6,1,0,32658.61914460285,128,1.0
2499,13468,1,7,1,3,0,2026,6,21,0,10122.828092243186,140,1.2
2500,33103,3,8,0,0,0,2026,5,3,0,22062.8625,142,1.0
2501,11390,4,4,1,4,0,2026,2,24,0,32658.61914460285,128,1.2
2502,8187,0,20,2,4,0,2026,2,14,0,13011.339658444023,173,1.5
2503,56182,4,17,1,4,0,2026,5,26,0,32658.61914460285,128,1.2
2504,6186,2,2,0,3,0,2026,1,19,0,4294.937037037037,125,1.0
2505,23480,0,20,1,1,0,2026,6,4,0,13011.339658444023,173,1.2
2506,5348,0,5,0,4,0,2026,1,13,0,13011.339658444023,171,1.0
2507,1843,1,12,0,0,0,2026,2,25,0,10122.828092243186,155,1.0
2508,7417,2,15,1,4,0,2026,1,3,0,4294.937037037037,159,1.2
2509,9662,1,7,2,4,0,2026,2,14,0,10122.828092243186,140,1.5
2510,6307,2,2,0,4,0,2026,3,25,0,4294.937037037037,125,1.0
2511,4660,5,14,2,2,0,2026,1,31,0,4090.480412371134,121,1.5
2512,6355,5,18,0,3,0,2026,1,9,0,4090.480412371134,122,1.0
2513,3823,2,10,2,3,1,2026,2,18,0,4294.937037037037,116,1.5
2514,6556,2,2,1,3,0,2026,3,18,0,4294.937037037037,125,1.2
2515,7276,4,4,1,1,0,2026,3,10,0,32658.61914460285,128,1.2
2516,2140,1,7,0,2,0,2026,4,19,0,10122.828092243186,140,1.0
2517,305,5,14,2,1,0,2026,4,19,0,4090.480412371134,121,1.5
2518,13604,1,7,1,4,0,2026,3,31,0,10122.828092243186,140,1.2
2519,14360,0,5,0,1,0,2026,2,5,1,13011.339658444023,171,1.0
2520,4745,5,14,2,3,0,2026,2,21,0,4090.480412371134,121,1.5
2521,18990,1,3,0,3,0,2026,6,27,0,10122.828092243186,182,1.0
2522,4681,5,18,2,2,0,2026,2,19,0,4090.480412371134,122,1.5
2523,23034,3,8,0,0,0,2026,5,22,0,22062.8625,142,1.0
2524,10390,4,6,1,2,0,2026,1,11,0,32658.61914460285,120,1.2
2525,12338,0,9,1,4,0,2026,2,17,0,13011.339658444023,183,1.2
2526,35727,4,4,1,2,0,2026,6,9,0,32658.61914460285,128,1.2
2527,16307,0,20,1,3,1,2026,1,11,0,13011.339658444023,173,1.2
2528,18997,1,12,1,2,0,2026,5,9,0,10122.828092243186,155,1.2
2529,12789,0,9,0,1,0,2026,1,24,0,13011.339658444023,183,1.0
2530,25660,4,4,0,1,0,2026,6,21,0,32658.61914460285,128,1.0
2531,13109,1,7,2,2,0,2026,6,11,0,10122.828092243186,140,1.5
2532,43383,4,0,2,4,0,2026,3,18,0,32658.61914460285,115,1.5
2533,4462,2,16,2,1,0,2026,4,3,0,4294.937037037037,140,1.5
2534,5891,4,6,0,3,0,2026,2,20,0,32658.61914460285,120,1.0
2535,5774,2,15,0,0,0,2026,3,30,0,4294.937037037037,159,1.0
2536,17096,1,7,1,2,0,2026,5,14,0,10122.828092243186,140,1.2
2537,4434,2,15,1,2,0,2026,6,20,0,4294.937037037037,159,1.2
2538,13830,1,12,1,0,0,2026,6,15,0,10122.828092243186,155,1.2
2539,6942,5,14,2,3,0,2026,5,29,0,4090.480412371134,121,1.5
2540,4018,2,2,0,4,0,2026,3,14,0,4294.937037037037,125,1.0
2541,4832,2,16,1,1,0,2026,4,22,0,4294.937037037037,140,1.2
2542,1653,2,16,1,1,0,2026,3,2,0,4294.937037037037,140,1.2
2543,19242,0,5,0,3,0,2026,5,19,0,13011.339658444023,171,1.0
2544,31230,3,8,0,4,0,2026,2,13,0,22062.8625,142,1.0
2545,14090,0,5,1,2,0,2026,3,11,0,13011.339658444023,171,1.2
2546,35159,3,11,0,1,0,2026,4,18,0,22062.8625,166,1.0
2547,6611,2,2,0,3,0,2026,4,10,0,4294.937037037037,125,1.0
2548,7897,1,3,2,0,0,2026,5,22,0,10122.828092243186,182,1.5
2549,21976,4,6,1,2,0,2026,5,22,0,32658.61914460285,120,1.2
2550,19001,0,5,2,2,0,2026,1,9,0,13011.339658444023,171,1.5
2551,1541,2,15,0,0,0,2026,3,30,0,4294.937037037037,159,1.0
2552,36234,4,6,0,3,0,2026,1,3,0,32658.61914460285,120,1.0
2553,16577,3,13,2,2,0,2026,5,13,0,22062.8625,172,1.5
2554,21115,3,13,0,1,0,2026,4,5,1,22062.8625,172,1.0
2555,16604,0,5,1,1,0,2026,6,2,0,13011.339658444023,171,1.2
2556,43551,4,17,2,0,1,2026,5,4,0,32658.61914460285,128,1.5
2557,15787,1,3,2,0,0,2026,6,4,0,10122.828092243186,182,1.5
2558,5496,2,2,1,1,0,2026,3,17,0,4294.937037037037,125,1.2
2559,7368,2,15,0,2,0,2026,4,21,0,4294.937037037037,159,1.0
2560,10532,1,3,1,3,0,2026,3,1,0,10122.828092243186,182,1.2
2561,6926,2,16,1,3,0,2026,1,2,0,4294.937037037037,140,1.2
2562,16164,0,20,1,2,0,2026,1,7,0,13011.339658444023,173,1.2
2563,7974,5,18,2,2,0,2026,2,26,0,4090.480412371134,122,1.5
2564,6482,2,15,0,1,0,2026,3,24,0,4294.937037037037,159,1.0
2565,5125,0,20,0,2,0,2026,1,13,0,13011.339658444023,173,1.0
2566,6402,1,3,2,3,0,2026,3,13,0,10122.828092243186,182,1.5
2567,51948,4,0,2,1,0,2026,5,3,0,32658.61914460285,115,1.5
2568,1906,2,2,0,2,0,2026,4,22,0,4294.937037037037,125,1.0
2569,24816,0,9,1,2,0,2026,3,27,0,13011.339658444023,183,1.2
2570,8490,1,12,0,0,0,2026,6,22,0,10122.828092243186,155,1.0
2571,6087,5,18,2,4,0,2026,3,5,1,4090.480412371134,122,1.5
2572,1137,1,3,2,2,0,2026,5,13,0,10122.828092243186,182,1.5
2573,2834,2,15,0,0,0,2026,2,20,0,4294.937037037037,159,1.0
2574,7391,5,18,0,0,0,2026,1,31,0,4090.480412371134,122,1.0
2575,15317,4,4,1,4,0,2026,2,19,0,32658.61914460285,128,1.2
2576,5327,1,12,1,4,0,2026,3,28,0,10122.828092243186,155,1.2
2577,7871,2,15,0,2,0,2026,4,25,0,4294.937037037037,159,1.0
2578,13825,1,12,1,2,0,2026,2,13,0,10122.828092243186,155,1.2
2579,14798,1,3,2,1,0,2026,2,8,0,10122.828092243186,182,1.5
2580,5194,5,14,2,0,0,2026,2,28,0,4090.480412371134,121,1.5
2581,15032,0,5,2,2,1,2026,1,5,1,13011.339658444023,171,1.5
2582,15240,0,20,1,3,1,2026,4,27,0,13011.339658444023,173,1.2
2583,18211,3,13,0,3,0,2026,1,12,0,22062.8625,172,1.0
2584,27689,4,6,0,0,0,2026,5,31,0,32658.61914460285,120,1.0
2585,33946,3,13,1,4,0,2026,5,22,0,22062.8625,172,1.2
2586,7928,0,5,2,3,0,2026,3,21,0,13011.339658444023,171,1.5
2587,8454,0,5,1,3,0,2026,6,15,0,13011.339658444023,171,1.2
2588,3909,5,1,2,3,1,2026,4,27,0,4090.480412371134,122,1.5
2589,43718,4,6,1,0,0,2026,3,25,0,32658.61914460285,120,1.2
2590,6805,3,8,0,2,0,2026,2,7,0,22062.8625,142,1.0
2591,8073,1,3,1,3,0,2026,2,23,0,10122.828092243186,182,1.2
2592,4651,2,15,0,0,0,2026,5,28,0,4294.937037037037,159,1.0
2593,2912,2,2,0,3,0,2026,5,24,0,4294.937037037037,125,1.0
2594,3348,2,10,1,4,0,2026,2,8,0,4294.937037037037,116,1.2
2595,11788,1,7,1,4,0,2026,6,17,0,10122.828092243186,140,1.2
2596,15942,3,13,0,3,0,2026,6,14,0,22062.8625,172,1.0
2597,2475,2,10,1,3,0,2026,2,6,1,4294.937037037037,116,1.2
2598,4760,3,11,2,0,0,2026,5,24,0,22062.8625,166,1.5
2599,34578,4,6,0,3,0,2026,5,27,0,32658.61914460285,120,1.0
2600,13624,1,7,2,3,0,2026,2,3,0,10122.828092243186,140,1.5
2601,4209,5,14,0,3,0,2026,1,10,0,4090.480412371134,121,1.0
2602,52741,4,17,1,1,0,2026,6,12,0,32658.61914460285,128,1.2
2603,8945,0,9,0,3,0,2026,1,28,0,13011.339658444023,183,1.0
2604,28027,4,0,1,1,0,2026,2,11,0,32658.61914460285,115,1.2
2605,3749,2,15,2,0,0,2026,2,5,1,4294.937037037037,159,1.5
2606,47353,4,17,0,2,0,2026,5,22,0,32658.61914460285,128,1.0
2607,12010,4,0,1,1,0,2026,2,20,0,32658.61914460285,115,1.2
2608,49437,4,4,1,0,0,2026,2,14,0,32658.61914460285,128,1.2
2609,3925,5,19,0,3,0,2026,6,12,0,4090.480412371134,120,1.0
2610,5809,0,5,1,4,0,2026,4,21,0,13011.339658444023,171,1.2
2611,37103,4,0,2,2,0,2026,2,1,0,32658.61914460285,115,1.5
2612,5026,0,5,0,1,0,2026,1,3,0,13011.339658444023,171,1.0
2613,3156,3,11,0,1,0,2026,1,19,0,22062.8625,166,1.0
2614,2116,0,9,0,0,0,2026,2,27,0,13011.339658444023,183,1.0
2615,54965,4,0,0,3,0,2026,2,28,0,32658.61914460285,115,1.0
2616,6516,1,3,2,4,0,2026,5,21,0,10122.828092243186,182,1.5
2617,21051,0,20,0,2,0,2026,6,1,0,13011.339658444023,173,1.0
2618,8863,1,3,1,4,0,2026,3,31,0,10122.828092243186,182,1.2
2619,19852,1,3,0,0,0,2026,6,16,0,10122.828092243186,182,1.0
2620,1638,5,14,2,1,0,2026,3,4,0,4090.480412371134,121,1.5
2621,46125,4,0,2,0,0,2026,1,8,0,32658.61914460285,115,1.5
2622,24301,3,13,0,3,0,2026,4,29,0,22062.8625,172,1.0
2623,5568,2,10,1,4,0,2026,3,29,0,4294.937037037037,116,1.2
2624,25026,3,11,0,0,0,2026,4,7,0,22062.8625,166,1.0
2625,4343,0,9,2,3,0,2026,6,6,1,13011.339658444023,183,1.5
2626,4134,2,10,0,3,0,2026,5,31,0,4294.937037037037,116,1.0
2627,5523,2,15,0,4,0,2026,1,5,1,4294.937037037037,159,1.0
2628,2791,2,2,0,3,0,2026,5,10,0,4294.937037037037,125,1.0
2629,11119,1,7,2,0,0,2026,5,10,0,10122.828092243186,140,1.5
2630,36361,3,13,2,4,1,2026,5,15,0,22062.8625,172,1.5
2631,7195,5,18,1,1,0,2026,4,8,0,4090.480412371134,122,1.2
2632,2890,2,10,0,0,0,2026,3,25,0,4294.937037037037,116,1.0
2633,5165,3,13,1,1,0,2026,2,6,1,22062.8625,172,1.2
2634,7460,5,14,1,0,0,2026,6,6,1,4090.480412371134,121,1.2
2635,4962,1,7,2,1,0,2026,3,9,0,10122.828092243186,140,1.5
2636,7565,0,20,0,3,0,2026,5,20,0,13011.339658444023,173,1.0
2637,12388,1,12,2,0,0,2026,5,2,0,10122.828092243186,155,1.5
2638,10438,1,3,1,2,0,2026,2,19,0,10122.828092243186,182,1.2
2639,6879,0,9,0,0,0,2026,1,2,0,13011.339658444023,183,1.0
2640,17415,4,0,2,3,0,2026,6,2,0,32658.61914460285,115,1.5
2641,23103,3,13,2,1,0,2026,3,9,0,22062.8625,172,1.5
2642,12597,0,9,0,1,0,2026,3,5,1,13011.339658444023,183,1.0
2643,13117,0,5,0,2,0,2026,3,28,0,13011.339658444023,171,1.0
2644,37258,4,0,2,2,0,2026,2,6,1,32658.61914460285,115,1.5
2645,16423,0,20,2,1,0,2026,6,2,0,13011.339658444023,173,1.5
2646,4988,1,3,2,0,0,2026,4,11,0,10122.828092243186,182,1.5
2647,871,2,16,0,0,0,2026,1,16,0,4294.937037037037,140,1.0
2648,35143,3,8,0,3,0,2026,6,26,0,22062.8625,142,1.0
2649,8166,1,12,2,0,0,2026,1,8,0,10122.828092243186,155,1.5
2650,28474,3,11,0,2,0,2026,4,11,0,22062.8625,166,1.0
2651,2047,5,1,2,2,0,2026,3,22,0,4090.480412371134,122,1.5
2652,35206,3,13,1,1,0,2026,6,29,0,22062.8625,172,1.2
2653,54905,4,6,2,3,0,2026,5,9,0,32658.61914460285,120,1.5
2654,11042,3,13,1,1,0,2026,3,1,0,22062.8625,172,1.2
2655,14673,0,9,1,1,0,2026,5,18,0,13011.339658444023,183,1.2
2656,7868,3,11,1,0,0,2026,5,27,0,22062.8625,166,1.2
2657,22237,0,5,2,1,0,2026,3,9,0,13011.339658444023,171,1.5
2658,22119,3,11,2,1,0,2026,4,3,0,22062.8625,166,1.5
2659,3663,5,1,1,4,0,2026,4,4,0,4090.480412371134,122,1.2
2660,21618,0,5,0,4,0,2026,1,14,0,13011.339658444023,171,1.0
2661,34665,3,11,0,3,0,2026,1,18,0,22062.8625,166,1.0
2662,2208,1,12,2,1,0,2026,4,9,0,10122.828092243186,155,1.5
2663,49623,4,17,2,4,0,2026,1,31,0,32658.61914460285,128,1.5
2664,20717,0,9,2,4,0,2026,3,4,0,13011.339658444023,183,1.5
2665,1151,5,1,2,2,0,2026,3,28,0,4090.480412371134,122,1.5
2666,5412,5,18,1,3,0,2026,6,7,0,4090.480412371134,122,1.2
2667,35443,4,6,2,2,0,2026,4,6,1,32658.61914460285,120,1.5
2668,5491,3,13,2,4,0,2026,4,5,1,22062.8625,172,1.5
2669,38403,3,11,0,2,0,2026,4,24,0,22062.8625,166,1.0
2670,10865,0,20,0,2,0,2026,6,4,0,13011.339658444023,173,1.0
2671,4115,2,15,0,3,0,2026,3,9,0,4294.937037037037,159,1.0
2672,5210,2,16,0,0,0,2026,4,25,0,4294.937037037037,140,1.0
2673,20725,0,5,0,2,0,2026,3,31,0,13011.339658444023,171,1.0
2674,8802,1,12,2,3,0,2026,6,12,0,10122.828092243186,155,1.5
2675,19643,4,4,1,2,0,2026,5,6,1,32658.61914460285,128,1.2
2676,4697,2,10,1,4,0,2026,5,28,0,4294.937037037037,116,1.2
2677,18239,3,8,0,4,0,2026,2,10,0,22062.8625,142,1.0
2678,708,5,18,2,3,0,2026,4,4,0,4090.480412371134,122,1.5
2679,3583,0,9,0,1,0,2026,4,27,0,13011.339658444023,183,1.0
2680,8971,1,7,1,2,0,2026,2,16,0,10122.828092243186,140,1.2
2681,4504,2,2,1,0,0,2026,4,12,0,4294.937037037037,125,1.2
2682,3355,2,15,0,3,0,2026,2,6,1,4294.937037037037,159,1.0
2683,49273,4,4,1,3,0,2026,3,23,0,32658.61914460285,128,1.2
2684,5725,3,8,1,1,0,2026,3,4,0,22062.8625,142,1.2
2685,7363,2,10,2,1,0,2026,4,1,0,4294.937037037037,116,1.5
2686,2520,5,14,2,2,0,2026,4,18,0,4090.480412371134,121,1.5
2687,18467,1,7,1,2,0,2026,5,15,0,10122.828092243186,140,1.2
2688,5309,2,2,0,2,0,2026,5,12,0,4294.937037037037,125,1.0
2689,6447,2,15,0,0,0,2026,5,29,0,4294.937037037037,159,1.0
2690,7238,3,13,2,4,0,2026,2,19,0,22062.8625,172,1.5
2691,2851,2,15,0,0,0,2026,3,8,0,4294.937037037037,159,1.0
2692,12927,0,5,2,1,0,2026,1,12,0,13011.339658444023,171,1.5
2693,15214,3,8,0,1,0,2026,6,25,0,22062.8625,142,1.0
2694,39568,3,8,2,4,0,2026,5,11,0,22062.8625,142,1.5
2695,44725,4,17,1,4,1,2026,3,1,0,32658.61914460285,128,1.2
2696,863,2,2,2,4,0,2026,1,13,0,4294.937037037037,125,1.5
2697,20284,3,13,1,1,0,2026,1,23,0,22062.8625,172,1.2
2698,1660,2,2,1,0,0,2026,3,5,1,4294.937037037037,125,1.2
2699,4811,2,10,0,4,0,2026,2,6,1,4294.937037037037,116,1.0
2700,16857,1,12,2,2,0,2026,4,13,0,10122.828092243186,155,1.5
2701,13143,0,20,0,1,0,2026,3,20,0,13011.339658444023,173,1.0
2702,5770,2,10,2,4,1,2026,4,4,0,4294.937037037037,116,1.5
2703,21452,4,6,2,4,0,2026,4,28,0,32658.61914460285,120,1.5
2704,7388,5,19,1,4,0,2026,1,31,0,4090.480412371134,120,1.2
2705,2397,2,16,0,1,0,2026,2,19,0,4294.937037037037,140,1.0
2706,2004,0,9,0,1,1,2026,5,8,0,13011.339658444023,183,1.0
2707,6781,5,14,0,3,0,2026,2,3,0,4090.480412371134,121,1.0
2708,14689,0,9,0,4,0,2026,1,27,0,13011.339658444023,183,1.0
2709,1103,5,19,0,3,0,2026,3,21,0,4090.480412371134,120,1.0
2710,23360,0,5,0,2,0,2026,1,22,0,13011.339658444023,171,1.0
2711,18033,3,11,0,0,0,2026,6,1,0,22062.8625,166,1.0
2712,496,5,19,0,3,0,2026,3,18,0,4090.480412371134,120,1.0
2713,565,2,2,2,0,0,2026,4,6,1,4294.937037037037,125,1.5
2714,41923,4,0,0,4,0,2026,3,23,0,32658.61914460285,115,1.0
2715,14437,1,7,1,0,0,2026,4,5,1,10122.828092243186,140,1.2
2716,1949,1,12,2,4,0,2026,5,12,0,10122.828092243186,155,1.5
2717,30945,4,4,2,4,0,2026,5,2,0,32658.61914460285,128,1.5
2718,4278,1,7,1,4,0,2026,2,2,0,10122.828092243186,140,1.2
2719,2413,5,19,1,0,0,2026,6,12,0,4090.480412371134,120,1.2
2720,5643,1,7,1,2,0,2026,1,11,0,10122.828092243186,140,1.2
2721,22444,0,9,0,4,0,2026,3,19,0,13011.339658444023,183,1.0
2722,18133,0,5,0,0,0,2026,6,7,0,13011.339658444023,171,1.0
2723,58289,4,17,0,4,0,2026,3,4,0,32658.61914460285,128,1.0
2724,6641,0,20,2,3,0,2026,4,24,0,13011.339658444023,173,1.5
2725,13697,0,20,1,0,0,2026,5,21,0,13011.339658444023,173,1.2
2726,18031,0,20,0,1,0,2026,3,20,0,13011.339658444023,173,1.0
2727,4651,3,13,0,2,0,2026,2,23,0,22062.8625,172,1.0
2728,7875,5,19,2,0,0,2026,6,3,0,4090.480412371134,120,1.5
2729,20331,4,4,1,2,0,2026,6,11,0,32658.61914460285,128,1.2
2730,2846,0,9,2,4,0,2026,1,24,0,13011.339658444023,183,1.5
2731,23352,4,4,2,4,1,2026,2,18,0,32658.61914460285,128,1.5
2732,23965,0,5,1,3,0,2026,3,10,0,13011.339658444023,171,1.2
2733,24107,3,13,2,2,0,2026,2,7,0,22062.8625,172,1.5
2734,2657,5,18,0,1,0,2026,6,12,0,4090.480412371134,122,1.0
2735,1650,2,15,1,1,0,2026,1,14,0,4294.937037037037,159,1.2
2736,4577,2,10,2,4,0,2026,1,28,0,4294.937037037037,116,1.5
2737,6278,2,10,0,3,0,2026,5,12,0,4294.937037037037,116,1.0
2738,16747,1,3,2,1,0,2026,6,8,0,10122.828092243186,182,1.5
2739,23390,4,6,2,0,0,2026,5,2,0,32658.61914460285,120,1.5
2740,48425,4,17,2,4,0,2026,3,10,0,32658.61914460285,128,1.5
2741,59804,4,4,0,1,0,2026,6,26,0,32658.61914460285,128,1.0
2742,9863,0,20,2,2,0,2026,5,10,0,13011.339658444023,173,1.5
2743,13620,1,3,2,2,0,2026,4,26,0,10122.828092243186,182,1.5
2744,10734,4,0,2,2,0,2026,5,6,1,32658.61914460285,115,1.5
2745,4038,2,15,0,4,0,2026,1,9,0,4294.937037037037,159,1.0
2746,6364,1,7,2,0,0,2026,6,11,0,10122.828092243186,140,1.5
2747,25897,4,4,0,3,0,2026,6,29,0,32658.61914460285,128,1.0
2748,5177,2,16,2,4,0,2026,6,15,0,4294.937037037037,140,1.5
2749,31663,4,0,1,1,0,2026,2,21,0,32658.61914460285,115,1.2
2750,2138,1,3,2,3,0,2026,1,16,0,10122.828092243186,182,1.5
2751,2505,2,15,2,4,0,2026,1,7,0,4294.937037037037,159,1.5
2752,2869,5,19,0,0,0,2026,6,13,0,4090.480412371134,120,1.0
2753,6348,2,15,2,1,0,2026,4,11,0,4294.937037037037,159,1.5
2754,845,2,15,1,0,0,2026,2,1,0,4294.937037037037,159,1.2
2755,1132,2,16,0,1,0,2026,1,27,0,4294.937037037037,140,1.0
2756,5667,5,14,0,3,0,2026,2,1,0,4090.480412371134,121,1.0
2757,1418,1,7,1,2,0,2026,3,28,0,10122.828092243186,140,1.2
2758,19795,1,12,1,0,0,2026,3,16,0,10122.828092243186,155,1.2
2759,16960,0,20,2,4,0,2026,5,29,0,13011.339658444023,173,1.5
2760,8514,1,3,2,4,0,2026,4,16,0,10122.828092243186,182,1.5
2761,9291,4,4,1,0,0,2026,5,8,0,32658.61914460285,128,1.2
2762,9002,0,20,1,4,0,2026,4,22,0,13011.339658444023,173,1.2
2763,47412,4,0,2,2,1,2026,2,11,0,32658.61914460285,115,1.5
2764,26955,4,17,1,1,0,2026,1,13,0,32658.61914460285,128,1.2
2765,1441,0,5,1,2,0,2026,1,21,0,13011.339658444023,171,1.2
2766,4020,3,13,0,0,0,2026,1,24,0,22062.8625,172,1.0
2767,1026,5,14,0,2,0,2026,6,12,0,4090.480412371134,121,1.0
2768,2308,1,7,2,4,0,2026,3,21,0,10122.828092243186,140,1.5
2769,23277,0,9,1,4,0,2026,4,11,0,13011.339658444023,183,1.2
2770,27760,3,11,2,1,0,2026,1,20,0,22062.8625,166,1.5
2771,11544,4,6,2,1,0,2026,6,4,0,32658.61914460285,120,1.5
2772,26811,3,13,1,3,1,2026,3,11,0,22062.8625,172,1.2
2773,30055,3,8,2,2,0,2026,4,29,0,22062.8625,142,1.5
2774,5657,0,5,0,4,0,2026,4,15,0,13011.339658444023,171,1.0
2775,30489,3,11,0,0,0,2026,5,19,0,22062.8625,166,1.0
2776,2185,5,18,1,0,0,2026,3,4,0,4090.480412371134,122,1.2
2777,5647,1,7,0,2,0,2026,5,11,0,10122.828092243186,140,1.0
2778,3720,2,2,1,3,0,2026,4,19,0,4294.937037037037,125,1.2
2779,26014,4,4,0,3,0,2026,1,26,0,32658.61914460285,128,1.0
2780,5179,2,10,1,1,0,2026,1,14,0,4294.937037037037,116,1.2
2781,30982,4,17,0,3,0,2026,1,7,0,32658.61914460285,128,1.0
2782,33498,3,13,0,3,0,2026,2,23,0,22062.8625,172,1.0
2783,52735,4,0,1,1,0,2026,4,5,1,32658.61914460285,115,1.2
2784,9464,1,3,1,0,0,2026,4,13,0,10122.828092243186,182,1.2
2785,1824,2,15,1,2,0,2026,6,8,0,4294.937037037037,159,1.2
2786,4940,2,16,1,4,0,2026,4,29,0,4294.937037037037,140,1.2
2787,5394,5,19,1,3,0,2026,2,7,0,4090.480412371134,120,1.2
2788,8708,3,13,0,3,0,2026,3,20,0,22062.8625,172,1.0
2789,4515,0,9,2,2,0,2026,6,7,0,13011.339658444023,183,1.5
2790,7704,1,12,0,2,0,2026,6,4,0,10122.828092243186,155,1.0
2791,53857,4,17,2,4,0,2026,1,28,0,32658.61914460285,128,1.5
2792,24146,3,11,0,4,0,2026,4,26,0,22062.8625,166,1.0
2793,641,2,10,0,1,0,2026,5,13,0,4294.937037037037,116,1.0
2794,4945,0,5,1,0,0,2026,1,8,0,13011.339658444023,171,1.2
2795,33175,3,13,0,1,0,2026,5,14,0,22062.8625,172,1.0
2796,2688,1,3,0,0,0,2026,5,3,0,10122.828092243186,182,1.0
2797,5466,3,13,2,0,0,2026,5,4,0,22062.8625,172,1.5
2798,6622,2,16,0,0,0,2026,3,2,0,4294.937037037037,140,1.0
2799,4032,3,13,2,3,0,2026,5,12,0,22062.8625,172,1.5
2800,5385,5,19,2,3,0,2026,4,26,0,4090.480412371134,120,1.5
2801,2283,2,16,2,0,1,2026,2,17,0,4294.937037037037,140,1.5
2802,4983,3,13,1,2,0,2026,6,24,0,22062.8625,172,1.2
2803,5356,5,18,2,0,0,2026,5,22,0,4090.480412371134,122,1.5
2804,4228,1,12,1,0,0,2026,6,2,0,10122.828092243186,155,1.2
2805,4893,0,5,1,4,0,2026,5,13,0,13011.339658444023,171,1.2
2806,29445,3,11,1,3,0,2026,4,30,0,22062.8625,166,1.2
2807,14486,1,12,2,4,0,2026,4,21,0,10122.828092243186,155,1.5
2808,4319,1,3,2,2,0,2026,1,19,0,10122.828092243186,182,1.5
2809,17926,0,5,0,1,0,2026,1,12,0,13011.339658444023,171,1.0
2810,48608,4,6,0,2,0,2026,5,13,0,32658.61914460285,120,1.0
2811,6888,1,3,0,3,0,2026,1,26,0,10122.828092243186,182,1.0
2812,29644,4,17,1,4,0,2026,2,7,0,32658.61914460285,128,1.2
2813,7011,2,15,0,4,0,2026,1,13,0,4294.937037037037,159,1.0
2814,33723,4,0,0,1,0,2026,5,26,0,32658.61914460285,115,1.0
2815,48843,4,0,0,2,0,2026,2,8,0,32658.61914460285,115,1.0
2816,4475,5,19,2,1,0,2026,3,29,0,4090.480412371134,120,1.5
2817,7778,5,19,1,2,0,2026,6,4,0,4090.480412371134,120,1.2
2818,21614,4,17,2,0,0,2026,2,26,0,32658.61914460285,128,1.5
2819,5484,2,2,1,0,0,2026,3,23,0,4294.937037037037,125,1.2
2820,11401,1,7,1,3,0,2026,4,16,0,10122.828092243186,140,1.2
2821,2137,2,15,2,4,0,2026,3,17,0,4294.937037037037,159,1.5
2822,858,5,14,1,2,0,2026,4,30,0,4090.480412371134,121,1.2
2823,1795,5,1,0,4,0,2026,6,27,0,4090.480412371134,122,1.0
2824,576,2,15,0,4,0,2026,5,27,0,4294.937037037037,159,1.0
2825,24882,4,17,0,1,0,2026,1,6,1,32658.61914460285,128,1.0
2826,5068,5,14,0,2,0,2026,3,23,0,4090.480412371134,121,1.0
2827,9994,0,9,0,2,0,2026,2,21,0,13011.339658444023,183,1.0
2828,7280,1,3,0,3,0,2026,4,1,0,10122.828092243186,182,1.0
2829,5412,2,10,2,0,0,2026,1,19,0,4294.937037037037,116,1.5
2830,45232,4,0,0,4,0,2026,2,18,0,32658.61914460285,115,1.0
2831,7075,2,15,2,4,0,2026,2,7,0,4294.937037037037,159,1.5
2832,18194,0,5,0,1,0,2026,1,18,0,13011.339658444023,171,1.0
2833,4678,2,15,2,0,0,2026,6,6,1,4294.937037037037,159,1.5
2834,6232,5,18,1,3,0,2026,6,22,0,4090.480412371134,122,1.2
2835,22141,3,8,2,4,0,2026,6,10,0,22062.8625,142,1.5
2836,5761,2,15,2,3,0,2026,4,22,0,4294.937037037037,159,1.5
2837,18695,1,3,1,1,0,2026,2,21,0,10122.828092243186,182,1.2
2838,2865,0,20,0,3,1,2026,4,25,0,13011.339658444023,173,1.0
2839,14527,0,20,2,2,0,2026,6,27,0,13011.339658444023,173,1.5
2840,5751,2,2,1,3,0,2026,4,24,0,4294.937037037037,125,1.2
2841,2505,2,15,0,2,0,2026,2,10,0,4294.937037037037,159,1.0
2842,7402,0,20,0,3,0,2026,4,19,0,13011.339658444023,173,1.0
2843,4419,5,1,0,1,0,2026,5,12,0,4090.480412371134,122,1.0
2844,39349,3,13,1,2,0,2026,5,27,0,22062.8625,172,1.2
2845,39468,3,8,1,3,0,2026,1,18,0,22062.8625,142,1.2
2846,36464,3,8,1,2,0,2026,1,15,0,22062.8625,142,1.2
2847,4157,1,3,1,1,0,2026,2,5,1,10122.828092243186,182,1.2
2848,4497,2,16,1,0,0,2026,4,1,0,4294.937037037037,140,1.2
2849,7752,0,5,2,3,0,2026,6,16,0,13011.339658444023,171,1.5
2850,19265,0,9,1,1,0,2026,4,7,0,13011.339658444023,183,1.2
2851,3417,0,5,0,0,0,2026,4,19,0,13011.339658444023,171,1.0
2852,24570,0,5,2,2,0,2026,2,28,0,13011.339658444023,171,1.5
2853,2245,2,2,2,2,0,2026,6,25,0,4294.937037037037,125,1.5
2854,7287,2,16,2,0,0,2026,4,18,0,4294.937037037037,140,1.5
2855,6098,4,0,2,1,0,2026,5,4,0,32658.61914460285,115,1.5
2856,15260,3,8,1,3,0,2026,1,5,1,22062.8625,142,1.2
2857,5486,2,15,1,4,0,2026,1,7,0,4294.937037037037,159,1.2
2858,4353,5,14,0,2,0,2026,2,5,1,4090.480412371134,121,1.0
2859,5451,5,18,0,3,0,2026,2,14,0,4090.480412371134,122,1.0
2860,672,5,19,0,0,0,2026,5,21,0,4090.480412371134,120,1.0
2861,22351,3,8,1,0,0,2026,5,17,0,22062.8625,142,1.2
2862,7926,0,5,1,1,0,2026,1,11,0,13011.339658444023,171,1.2
2863,6683,2,16,0,3,0,2026,6,6,1,4294.937037037037,140,1.0
2864,30277,4,4,1,1,0,2026,5,6,1,32658.61914460285,128,1.2
2865,16055,4,0,1,1,0,2026,5,8,0,32658.61914460285,115,1.2
2866,23086,0,20,2,0,0,2026,6,1,0,13011.339658444023,173,1.5
2867,14078,1,3,0,0,0,2026,6,29,0,10122.828092243186,182,1.0
2868,16794,0,9,0,0,0,2026,4,3,0,13011.339658444023,183,1.0
2869,14775,0,20,1,2,0,2026,2,24,0,13011.339658444023,173,1.2
2870,19445,1,12,2,1,1,2026,3,20,0,10122.828092243186,155,1.5
2871,10472,1,7,2,3,0,2026,1,27,0,10122.828092243186,140,1.5
2872,17683,1,7,0,4,1,2026,2,12,0,10122.828092243186,140,1.0
2873,14072,0,5,2,3,0,2026,6,27,0,13011.339658444023,171,1.5
2874,20573,4,0,2,0,0,2026,2,2,0,32658.61914460285,115,1.5
2875,6524,0,9,2,2,0,2026,3,24,0,13011.339658444023,183,1.5
2876,11242,0,20,2,3,0,2026,1,30,0,13011.339658444023,173,1.5
2877,22096,3,11,1,2,0,2026,1,15,0,22062.8625,166,1.2
2878,51081,4,17,0,1,0,2026,3,29,0,32658.61914460285,128,1.0
2879,23408,3,13,2,2,0,2026,5,9,0,22062.8625,172,1.5
2880,17407,1,12,1,4,0,2026,4,8,0,10122.828092243186,155,1.2
2881,35050,3,13,2,1,0,2026,4,25,0,22062.8625,172,1.5
2882,26132,3,8,0,1,0,2026,1,23,0,22062.8625,142,1.0
2883,7819,1,7,1,1,0,2026,6,10,0,10122.828092243186,140,1.2
2884,26172,3,13,0,4,0,2026,3,10,0,22062.8625,172,1.0
2885,24018,3,13,2,4,0,2026,5,14,0,22062.8625,172,1.5
2886,36053,3,11,1,2,0,2026,3,2,0,22062.8625,166,1.2
2887,2462,5,14,2,2,0,2026,2,18,0,4090.480412371134,121,1.5
2888,4489,1,3,1,3,0,2026,2,13,0,10122.828092243186,182,1.2
2889,9903,4,4,1,1,0,2026,4,11,0,32658.61914460285,128,1.2
2890,7616,3,13,1,3,0,2026,6,15,0,22062.8625,172,1.2
2891,22906,0,20,0,1,0,2026,5,2,0,13011.339658444023,173,1.0
2892,7666,2,15,0,4,0,2026,3,7,0,4294.937037037037,159,1.0
2893,12357,0,5,2,0,0,2026,1,15,0,13011.339658444023,171,1.5
2894,2005,5,19,2,3,0,2026,4,26,0,4090.480412371134,120,1.5
2895,16689,1,7,1,0,0,2026,5,12,0,10122.828092243186,140,1.2
2896,56733,4,4,1,4,0,2026,5,4,0,32658.61914460285,128,1.2
2897,13696,0,20,1,3,0,2026,3,4,0,13011.339658444023,173,1.2
2898,3285,3,13,1,2,0,2026,3,19,0,22062.8625,172,1.2
2899,19125,3,8,2,1,0,2026,3,11,0,22062.8625,142,1.5
2900,33706,3,13,1,4,0,2026,4,22,0,22062.8625,172,1.2
2901,9264,4,0,0,4,0,2026,5,2,0,32658.61914460285,115,1.0
2902,6901,1,3,1,2,0,2026,4,18,0,10122.828092243186,182,1.2
2903,5310,2,10,0,0,0,2026,2,18,0,4294.937037037037,116,1.0
2904,2951,5,1,0,2,0,2026,3,24,0,4090.480412371134,122,1.0
2905,21309,0,5,0,1,0,2026,2,13,0,13011.339658444023,171,1.0
2906,17111,1,12,1,1,0,2026,3,5,1,10122.828092243186,155,1.2
2907,3690,0,5,1,0,0,2026,5,27,0,13011.339658444023,171,1.2
2908,9346,1,3,0,3,1,2026,6,27,0,10122.828092243186,182,1.0
2909,28046,4,0,1,3,0,2026,3,22,0,32658.61914460285,115,1.2
2910,4205,5,18,0,1,0,2026,5,27,0,4090.480412371134,122,1.0
2911,16538,4,6,0,4,0,2026,3,19,0,32658.61914460285,120,1.0
2912,12966,3,8,0,1,0,2026,4,4,0,22062.8625,142,1.0
2913,27620,4,17,2,4,0,2026,5,9,0,32658.61914460285,128,1.5
2914,36154,4,17,1,3,0,2026,4,5,1,32658.61914460285,128,1.2
2915,9136,0,5,2,1,0,2026,5,22,0,13011.339658444023,171,1.5
2916,9616,1,12,1,2,0,2026,6,11,0,10122.828092243186,155,1.2
2917,7974,0,9,2,4,0,2026,4,17,0,13011.339658444023,183,1.5
2918,7243,2,15,0,4,0,2026,2,6,1,4294.937037037037,159,1.0
2919,36597,3,8,1,4,0,2026,1,10,0,22062.8625,142,1.2
2920,18124,0,20,0,0,0,2026,2,19,0,13011.339658444023,173,1.0
2921,16976,4,4,2,1,0,2026,2,21,0,32658.61914460285,128,1.5
2922,12329,4,17,2,0,0,2026,3,26,0,32658.61914460285,128,1.5
2923,3508,5,18,2,2,0,2026,5,6,1,4090.480412371134,122,1.5
2924,17868,3,11,2,3,0,2026,1,22,0,22062.8625,166,1.5
2925,28553,3,11,2,2,0,2026,2,11,0,22062.8625,166,1.5
2926,713,2,10,0,3,0,2026,4,16,0,4294.937037037037,116,1.0
2927,642,2,2,2,2,0,2026,6,26,0,4294.937037037037,125,1.5
2928,17566,4,0,2,1,0,2026,4,19,0,32658.61914460285,115,1.5
2929,5686,1,7,2,1,0,2026,3,31,0,10122.828092243186,140,1.5
2930,1986,2,15,1,1,0,2026,6,25,0,4294.937037037037,159,1.2
2931,5819,2,16,1,1,0,2026,6,3,0,4294.937037037037,140,1.2
2932,14772,0,20,1,0,0,2026,5,20,0,13011.339658444023,173,1.2
2933,36909,3,13,0,0,0,2026,1,31,0,22062.8625,172,1.0
2934,37388,3,8,1,0,0,2026,4,18,0,22062.8625,142,1.2
2935,15935,1,3,1,1,0,2026,2,17,0,10122.828092243186,182,1.2
2936,2976,2,15,0,0,0,2026,4,6,1,4294.937037037037,159,1.0
2937,13722,0,9,2,2,0,2026,4,5,1,13011.339658444023,183,1.5
2938,1243,2,15,2,3,0,2026,6,8,0,4294.937037037037,159,1.5
2939,11585,1,3,1,1,0,2026,1,26,0,10122.828092243186,182,1.2
2940,18888,1,7,2,0,0,2026,6,15,0,10122.828092243186,140,1.5
2941,12830,0,5,2,2,0,2026,4,15,0,13011.339658444023,171,1.5
2942,4588,0,9,0,0,0,2026,1,11,0,13011.339658444023,183,1.0
2943,6884,0,20,1,0,0,2026,5,19,0,13011.339658444023,173,1.2
2944,41689,4,0,0,1,1,2026,5,11,0,32658.61914460285,115,1.0
2945,3919,0,9,1,0,0,2026,5,5,1,13011.339658444023,183,1.2
2946,16507,1,3,2,3,0,2026,1,26,0,10122.828092243186,182,1.5
2947,2094,5,18,1,2,0,2026,1,12,0,4090.480412371134,122,1.2
2948,407,5,14,1,1,0,2026,4,19,0,4090.480412371134,121,1.2
2949,6348,2,10,0,0,0,2026,2,19,0,4294.937037037037,116,1.0
2950,59622,4,6,1,3,0,2026,4,6,1,32658.61914460285,120,1.2
2951,12724,0,20,2,2,0,2026,6,2,0,13011.339658444023,173,1.5
2952,6185,5,14,2,4,0,2026,4,5,1,4090.480412371134,121,1.5
2953,6524,4,17,1,3,0,2026,1,16,0,32658.61914460285,128,1.2
2954,7233,0,5,1,4,0,2026,4,5,1,13011.339658444023,171,1.2
2955,2200,1,3,1,3,0,2026,2,10,0,10122.828092243186,182,1.2
2956,3366,5,1,1,1,0,2026,3,26,0,4090.480412371134,122,1.2
2957,23201,0,20,1,3,0,2026,6,16,0,13011.339658444023,173,1.2
2958,52618,4,0,2,4,1,2026,2,15,0,32658.61914460285,115,1.5
2959,7895,2,16,0,3,0,2026,4,18,0,4294.937037037037,140,1.0
2960,8919,0,20,0,0,0,2026,2,3,0,13011.339658444023,173,1.0
2961,4721,5,18,1,3,0,2026,6,4,0,4090.480412371134,122,1.2
2962,3982,2,15,0,2,0,2026,1,5,1,4294.937037037037,159,1.0
2963,36644,3,8,1,4,0,2026,5,9,0,22062.8625,142,1.2
2964,21923,3,11,0,3,0,2026,5,4,0,22062.8625,166,1.0
2965,7687,2,2,1,3,0,2026,5,17,0,4294.937037037037,125,1.2
2966,2156,0,5,2,3,0,2026,1,19,0,13011.339658444023,171,1.5
2967,13346,0,20,1,4,0,2026,2,6,1,13011.339658444023,173,1.2
2968,15547,1,12,1,3,0,2026,2,6,1,10122.828092243186,155,1.2
2969,3582,5,19,0,1,0,2026,2,16,0,4090.480412371134,120,1.0
2970,19198,0,9,1,3,0,2026,6,10,0,13011.339658444023,183,1.2
2971,57903,4,4,0,0,0,2026,5,25,0,32658.61914460285,128,1.0
2972,16669,1,7,1,3,0,2026,4,20,0,10122.828092243186,140,1.2
2973,1466,5,1,2,2,1,2026,1,25,0,4090.480412371134,122,1.5
2974,11985,0,20,2,1,0,2026,5,15,0,13011.339658444023,173,1.5
2975,4726,5,14,2,0,0,2026,1,27,0,4090.480412371134,121,1.5
2976,52520,4,4,0,1,1,2026,1,7,0,32658.61914460285,128,1.0
2977,10606,3,8,1,3,0,2026,3,28,0,22062.8625,142,1.2
2978,5002,1,3,1,0,0,2026,6,23,0,10122.828092243186,182,1.2
2979,5907,2,10,1,2,0,2026,1,30,0,4294.937037037037,116,1.2
2980,515,5,18,0,3,0,2026,4,26,0,4090.480412371134,122,1.0
2981,20329,0,5,2,3,0,2026,5,25,0,13011.339658444023,171,1.5
2982,7848,2,2,0,1,0,2026,2,18,0,4294.937037037037,125,1.0
2983,881,5,14,2,3,1,2026,5,10,0,4090.480412371134,121,1.5
2984,3205,5,14,1,3,0,2026,6,16,0,4090.480412371134,121,1.2
2985,27921,3,8,0,4,0,2026,1,13,0,22062.8625,142,1.0
2986,54474,4,17,1,0,0,2026,1,18,0,32658.61914460285,128,1.2
2987,5916,5,18,2,0,0,2026,3,22,0,4090.480412371134,122,1.5
2988,7734,2,16,1,0,0,2026,4,1,0,4294.937037037037,140,1.2
2989,20567,0,20,1,2,0,2026,5,6,1,13011.339658444023,173,1.2
2990,2698,2,16,2,4,0,2026,4,1,0,4294.937037037037,140,1.5
2991,39384,3,11,1,0,0,2026,2,3,0,22062.8625,166,1.2
2992,38323,3,13,1,1,0,2026,5,15,0,22062.8625,172,1.2
2993,4098,5,18,0,0,0,2026,3,5,1,4090.480412371134,122,1.0
2994,1300,2,15,0,1,0,2026,3,20,0,4294.937037037037,159,1.0
2995,9883,1,7,2,1,0,2026,6,25,0,10122.828092243186,140,1.5
2996,14045,4,6,0,1,0,2026,6,9,0,32658.61914460285,120,1.0
2997,24741,3,13,0,2,0,2026,4,30,0,22062.8625,172,1.0
2998,6590,5,19,0,2,0,2026,4,22,0,4090.480412371134,120,1.0
2999,26830,4,6,2,4,0,2026,2,11,0,32658.61914460285,120,1.5
3000,13174,0,9,0,1,0,2026,3,12,0,13011.339658444023,183,1.0
