transaction_id,date,amount,category,merchant,payment_method,location,is_fraud
1,2023-01-01,3311.66,Education,Book Shop,Card,Kurunegala,0
2,2023-01-01,4500.0,Bills,Internet,Online Transfer,Colombo,0
3,2023-01-01,7522.59,Education,Book Shop,Mobile Wallet,Kurunegala,0
4,2023-01-01,8677.73,Food,Restaurant,Card,Galle,1
5,2023-01-01,4954.96,Transport,Train,Mobile Wallet,Kurunegala,0
6,2023-01-01,4709.77,Transport,Train,Cash,Anuradhapura,0
7,2023-01-02,7011.7,Food,Restaurant,Mobile Wallet,Kandy,0
8,2023-01-02,8649.55,Food,Keells,Cash,Anuradhapura,0
9,2023-01-02,3287.16,Transport,Fuel Station,Card,Anuradhapura,0
10,2023-01-02,2762.67,Education,Online Course,Cash,Jaffna,0
11,2023-01-02,2524.86,Entertainment,Gaming,Card,Colombo,0
12,2023-01-02,4070.23,Transport,Fuel Station,Card,Anuradhapura,0
13,2023-01-03,6045.78,Bills,Water,Online Transfer,Jaffna,0
14,2023-01-03,2920.62,Shopping,Electronics Store,Card,Colombo,0
15,2023-01-03,5296.9,Transport,PickMe,Card,Galle,0
16,2023-01-03,5011.37,Bills,Mobile,Online Transfer,Colombo,0
17,2023-01-03,4914.04,Bills,Electricity,Card,Galle,0
18,2023-01-04,5328.62,Food,Pizza Hut,Card,Jaffna,0
19,2023-01-04,5886.82,Food,KFC,Cash,Colombo,0
20,2023-01-04,5061.85,Transport,Train,Online Transfer,Kurunegala,0
21,2023-01-04,1318.74,Health,Pharmacy,Card,Kurunegala,0
22,2023-01-05,3485.21,Education,Book Shop,Cash,Kurunegala,0
23,2023-01-05,1682.31,Entertainment,Netflix,Mobile Wallet,Anuradhapura,0
24,2023-01-05,2419.07,Entertainment,Cinema,Online Transfer,Kandy,0
25,2023-01-06,7112.8,Shopping,Electronics Store,Cash,Colombo,0
26,2023-01-06,4167.18,Food,Cargills,Cash,Galle,0
27,2023-01-06,7559.6,Food,KFC,Mobile Wallet,Galle,0
28,2023-01-06,3995.51,Bills,Mobile,Card,Kandy,0
29,2023-01-07,4369.92,Transport,Bus,Online Transfer,Jaffna,0
30,2023-01-07,3161.53,Education,Book Shop,Cash,Kandy,0
31,2023-01-07,2877.76,Transport,PickMe,Online Transfer,Kandy,0
32,2023-01-07,4497.35,Shopping,Daraz,Cash,Anuradhapura,0
33,2023-01-07,3378.98,Education,University,Cash,Anuradhapura,0
34,2023-01-08,3000.0,Entertainment,Netflix,Card,Colombo,0
35,2023-01-08,3025.3,Shopping,Supermarket,Online Transfer,Kandy,0
36,2023-01-08,6969.41,Food,Pizza Hut,Cash,Kurunegala,0
37,2023-01-09,3442.72,Transport,PickMe,Cash,Jaffna,0
38,2023-01-09,6021.48,Bills,Electricity,Cash,Kandy,0
39,2023-01-09,3938.85,Shopping,Electronics Store,Card,Anuradhapura,0
40,2023-01-10,7900.09,Transport,Train,Cash,Kandy,0
41,2023-01-10,1582.45,Health,Medical Centre,Mobile Wallet,Anuradhapura,0
42,2023-01-10,6101.74,Transport,PickMe,Online Transfer,Galle,0
43,2023-01-10,1656.59,Health,Pharmacy,Online Transfer,Colombo,0
44,2023-01-11,6297.09,Bills,Internet,Cash,Colombo,0
45,2023-01-11,9743.76,Food,Keells,Online Transfer,Kandy,0
46,2023-01-11,6856.95,Bills,Mobile,Online Transfer,Kandy,0
47,2023-01-11,7943.24,Shopping,Supermarket,Card,Kandy,0
48,2023-01-11,5445.64,Shopping,Fashion Store,Online Transfer,Jaffna,0
49,2023-01-11,6477.5,Food,KFC,Online Transfer,Jaffna,0
50,2023-01-12,9585.67,Food,Restaurant,Online Transfer,Colombo,0
51,2023-01-12,4869.3,Shopping,Supermarket,Mobile Wallet,Jaffna,0
52,2023-01-12,3515.27,Education,Book Shop,Mobile Wallet,Jaffna,0
53,2023-01-12,2692.94,Health,Pharmacy,Mobile Wallet,Jaffna,0
54,2023-01-12,2937.7,Entertainment,Netflix,Mobile Wallet,Kurunegala,0
55,2023-01-12,3270.64,Education,University,Card,Galle,0
56,2023-01-12,9634.8,Bills,Mobile,Mobile Wallet,Kandy,0
57,2023-01-13,4700.78,Shopping,Supermarket,Online Transfer,Anuradhapura,0
58,2023-01-13,5262.92,Bills,Internet,Mobile Wallet,Kurunegala,0
59,2023-01-13,1842.82,Health,Hospital,Online Transfer,Anuradhapura,0
60,2023-01-14,2377.27,Entertainment,Netflix,Mobile Wallet,Kandy,0
61,2023-01-14,7694.43,Food,Restaurant,Mobile Wallet,Colombo,0
62,2023-01-14,5489.56,Bills,Water,Online Transfer,Kandy,0
63,2023-01-15,7516.23,Bills,Electricity,Online Transfer,Colombo,0
64,2023-01-15,3075.55,Health,Hospital,Mobile Wallet,Kandy,0
65,2023-01-15,5467.46,Bills,Mobile,Mobile Wallet,Colombo,0
66,2023-01-15,4351.88,Food,Keells,Cash,Kandy,0
67,2023-01-15,7574.8,Food,Restaurant,Card,Kandy,0
68,2023-01-15,6844.11,Food,KFC,Mobile Wallet,Jaffna,0
69,2023-01-16,3246.77,Education,Book Shop,Card,Colombo,0
70,2023-01-17,6583.0,Bills,Electricity,Card,Colombo,0
71,2023-01-17,5532.21,Transport,Fuel Station,Online Transfer,Kurunegala,0
72,2023-01-17,7271.25,Shopping,Electronics Store,Card,Jaffna,0
73,2023-01-17,7489.52,Bills,Electricity,Cash,Galle,0
74,2023-01-17,4678.99,Shopping,Fashion Store,Mobile Wallet,Kandy,0
75,2023-01-17,6598.19,Transport,Uber,Mobile Wallet,Galle,0
76,2023-01-18,2499.56,Health,Pharmacy,Cash,Galle,0
77,2023-01-18,4312.01,Transport,Fuel Station,Mobile Wallet,Galle,0
78,2023-01-19,9084.06,Food,KFC,Mobile Wallet,Jaffna,0
79,2023-01-19,7618.54,Bills,Mobile,Online Transfer,Colombo,0
80,2023-01-19,4974.87,Education,University,Cash,Jaffna,0
81,2023-01-20,4360.69,Entertainment,Netflix,Card,Galle,0
82,2023-01-20,8506.42,Food,Keells,Card,Jaffna,0
83,2023-01-20,7794.79,Shopping,Supermarket,Cash,Kurunegala,0
84,2023-01-20,4253.58,Shopping,Supermarket,Online Transfer,Kandy,0
85,2023-01-20,4816.65,Transport,Bus,Card,Jaffna,0
86,2023-01-20,2429.32,Entertainment,Netflix,Cash,Anuradhapura,0
87,2023-01-21,5730.68,Bills,Internet,Card,Kurunegala,0
88,2023-01-21,6560.41,Shopping,Electronics Store,Card,Colombo,0
89,2023-01-22,2858.38,Entertainment,Netflix,Card,Anuradhapura,0
90,2023-01-22,7748.8,Food,Pizza Hut,Mobile Wallet,Colombo,0
91,2023-01-22,6074.27,Food,Cargills,Cash,Jaffna,0
92,2023-01-23,4648.68,Shopping,Daraz,Online Transfer,Jaffna,1
93,2023-01-23,9119.76,Bills,Internet,Cash,Colombo,0
94,2023-01-23,6313.67,Bills,Water,Mobile Wallet,Galle,0
95,2023-01-23,5436.2,Food,KFC,Online Transfer,Jaffna,0
96,2023-01-24,2944.82,Transport,Uber,Online Transfer,Colombo,0
97,2023-01-24,5079.2,Bills,Electricity,Card,Colombo,0
98,2023-01-24,2308.73,Education,University,Mobile Wallet,Galle,0
99,2023-01-24,6556.13,Bills,Water,Mobile Wallet,Colombo,0
100,2023-01-24,4601.02,Transport,Fuel Station,Cash,Kandy,0
101,2023-01-25,5522.99,Shopping,Supermarket,Card,Kurunegala,0
102,2023-01-25,1892.02,Entertainment,Spotify,Mobile Wallet,Jaffna,0
103,2023-01-25,7790.63,Food,KFC,Online Transfer,Colombo,0
104,2023-01-25,4837.15,Shopping,Electronics Store,Cash,Kurunegala,0
105,2023-01-26,1802.94,Health,Hospital,Mobile Wallet,Jaffna,0
106,2023-01-26,5509.74,Bills,Electricity,Card,Jaffna,0
107,2023-01-26,5024.89,Shopping,Electronics Store,Online Transfer,Colombo,0
108,2023-01-27,3815.05,Transport,Bus,Online Transfer,Anuradhapura,0
109,2023-01-27,6653.24,Food,Restaurant,Cash,Anuradhapura,0
110,2023-01-27,7312.48,Food,Keells,Card,Kandy,0
111,2023-01-27,4696.94,Shopping,Fashion Store,Online Transfer,Kandy,0
112,2023-01-27,7222.16,Food,KFC,Mobile Wallet,Colombo,0
113,2023-01-27,5814.09,Food,KFC,Mobile Wallet,Galle,0
114,2023-01-27,1831.65,Entertainment,Netflix,Card,Kandy,0
115,2023-01-27,1313.73,Entertainment,Spotify,Mobile Wallet,Colombo,0
116,2023-01-28,3738.08,Shopping,Electronics Store,Cash,Jaffna,0
117,2023-01-28,8590.44,Bills,Internet,Cash,Kandy,0
118,2023-01-28,2736.22,Education,University,Cash,Jaffna,0
119,2023-01-29,3827.16,Transport,Train,Cash,Kurunegala,0
120,2023-01-29,5785.59,Food,Keells,Mobile Wallet,Kandy,0
121,2023-01-29,5903.19,Bills,Electricity,Online Transfer,Colombo,0
122,2023-01-29,2154.68,Health,Pharmacy,Mobile Wallet,Kurunegala,0
123,2023-01-29,4020.04,Transport,Fuel Station,Online Transfer,Kurunegala,0
124,2023-01-30,2181.6,Education,Book Shop,Mobile Wallet,Anuradhapura,0
125,2023-01-30,2507.5,Health,Pharmacy,Mobile Wallet,Galle,0
126,2023-01-30,3716.57,Education,Online Course,Card,Jaffna,0
127,2023-01-30,5946.56,Bills,Electricity,Mobile Wallet,Galle,0
128,2023-01-31,2329.15,Education,University,Mobile Wallet,Anuradhapura,0
129,2023-01-31,3396.03,Transport,Bus,Card,Kandy,0
130,2023-01-31,4276.52,Transport,Fuel Station,Cash,Anuradhapura,0
131,2023-01-31,3711.93,Transport,PickMe,Mobile Wallet,Galle,0
132,2023-01-31,3893.71,Shopping,Supermarket,Mobile Wallet,Jaffna,0
133,2023-02-01,4948.95,Food,Keells,Card,Jaffna,0
134,2023-02-02,6739.42,Food,Restaurant,Card,Colombo,0
135,2023-02-02,5132.94,Shopping,Fashion Store,Card,Kandy,0
136,2023-02-02,5213.33,Food,KFC,Cash,Jaffna,0
137,2023-02-03,9049.2,Bills,Water,Mobile Wallet,Colombo,0
138,2023-02-03,4902.83,Transport,Bus,Cash,Galle,0
139,2023-02-03,3296.25,Education,Book Shop,Mobile Wallet,Anuradhapura,0
140,2023-02-03,4929.69,Transport,Fuel Station,Mobile Wallet,Jaffna,0
141,2023-02-03,6683.63,Food,KFC,Card,Anuradhapura,0
142,2023-02-03,4371.14,Bills,Mobile,Mobile Wallet,Anuradhapura,0
143,2023-02-03,2326.42,Entertainment,Gaming,Card,Jaffna,0
144,2023-02-04,3537.09,Transport,Fuel Station,Card,Jaffna,0
145,2023-02-04,5151.8,Transport,Bus,Online Transfer,Kurunegala,0
146,2023-02-04,6979.1,Food,Pizza Hut,Card,Jaffna,0
147,2023-02-04,2967.27,Education,Book Shop,Card,Kurunegala,0
148,2023-02-04,5041.22,Transport,Bus,Cash,Galle,0
149,2023-02-04,2711.05,Entertainment,Gaming,Cash,Kurunegala,0
150,2023-02-04,2369.67,Health,Medical Centre,Mobile Wallet,Galle,0
151,2023-02-04,5148.89,Bills,Internet,Card,Kurunegala,0
152,2023-02-05,3243.9,Transport,Bus,Cash,Anuradhapura,0
153,2023-02-05,3288.17,Shopping,Electronics Store,Card,Kurunegala,0
154,2023-02-05,6812.97,Food,Pizza Hut,Mobile Wallet,Galle,0
155,2023-02-05,6669.58,Food,Cargills,Mobile Wallet,Kurunegala,0
156,2023-02-05,2555.21,Education,Book Shop,Card,Kurunegala,0
157,2023-02-05,2521.25,Education,University,Card,Jaffna,0
158,2023-02-05,5733.75,Shopping,Electronics Store,Mobile Wallet,Colombo,0
159,2023-02-05,6024.08,Bills,Electricity,Mobile Wallet,Jaffna,0
160,2023-02-05,3741.17,Bills,Internet,Cash,Jaffna,0
161,2023-02-05,4500.0,Bills,Internet,Online Transfer,Colombo,0
162,2023-02-06,3429.05,Bills,Mobile,Online Transfer,Colombo,0
163,2023-02-06,2048.32,Health,Pharmacy,Online Transfer,Kandy,0
164,2023-02-06,4083.89,Transport,Train,Cash,Galle,0
165,2023-02-06,7224.58,Bills,Water,Card,Colombo,0
166,2023-02-06,4576.97,Shopping,Daraz,Cash,Galle,0
167,2023-02-06,3436.51,Shopping,Supermarket,Cash,Anuradhapura,0
168,2023-02-06,3833.09,Bills,Mobile,Cash,Jaffna,0
169,2023-02-07,1960.86,Entertainment,Netflix,Online Transfer,Kandy,0
170,2023-02-07,2190.87,Health,Medical Centre,Card,Colombo,0
171,2023-02-08,6126.93,Food,KFC,Mobile Wallet,Kurunegala,0
172,2023-02-09,2032.61,Education,Online Course,Mobile Wallet,Kurunegala,0
173,2023-02-09,10545.97,Food,Restaurant,Online Transfer,Jaffna,0
174,2023-02-09,6653.71,Food,KFC,Card,Anuradhapura,0
175,2023-02-09,4792.8,Bills,Water,Card,Kandy,0
176,2023-02-10,3086.42,Transport,Fuel Station,Mobile Wallet,Anuradhapura,0
177,2023-02-10,4004.03,Transport,Fuel Station,Cash,Jaffna,0
178,2023-02-10,7009.63,Food,Restaurant,Cash,Colombo,0
179,2023-02-11,9614.26,Food,Pizza Hut,Online Transfer,Anuradhapura,0
180,2023-02-11,4219.03,Transport,Uber,Online Transfer,Colombo,0
181,2023-02-11,6014.08,Food,Keells,Card,Colombo,0
182,2023-02-11,6689.48,Food,Restaurant,Online Transfer,Jaffna,0
183,2023-02-12,5520.79,Transport,Bus,Mobile Wallet,Kandy,0
184,2023-02-12,1839.67,Education,Online Course,Cash,Kandy,0
185,2023-02-12,4159.54,Shopping,Fashion Store,Online Transfer,Galle,0
186,2023-02-12,5766.86,Shopping,Supermarket,Mobile Wallet,Kurunegala,0
187,2023-02-12,3000.0,Entertainment,Netflix,Card,Colombo,0
188,2023-02-13,7413.02,Food,Cargills,Card,Anuradhapura,0
189,2023-02-13,4146.67,Bills,Electricity,Online Transfer,Kurunegala,0
190,2023-02-13,5081.94,Bills,Internet,Card,Colombo,0
191,2023-02-13,6016.85,Transport,Uber,Online Transfer,Galle,0
192,2023-02-14,3509.74,Entertainment,Netflix,Card,Kandy,0
193,2023-02-14,5186.99,Shopping,Fashion Store,Mobile Wallet,Anuradhapura,0
194,2023-02-14,10140.81,Food,KFC,Cash,Colombo,0
195,2023-02-14,3040.72,Shopping,Fashion Store,Cash,Galle,0
196,2023-02-14,4304.58,Shopping,Electronics Store,Online Transfer,Colombo,0
197,2023-02-15,4897.8,Bills,Internet,Online Transfer,Kandy,0
198,2023-02-15,5492.04,Food,Pizza Hut,Mobile Wallet,Kurunegala,0
199,2023-02-15,3922.67,Shopping,Electronics Store,Online Transfer,Galle,0
200,2023-02-15,4145.98,Shopping,Electronics Store,Mobile Wallet,Galle,0
201,2023-02-15,3276.76,Shopping,Daraz,Mobile Wallet,Galle,0
202,2023-02-16,5641.96,Food,Cargills,Online Transfer,Colombo,0
203,2023-02-16,4560.66,Food,Keells,Cash,Kandy,0
204,2023-02-17,3984.99,Transport,Bus,Cash,Galle,0
205,2023-02-17,2480.39,Transport,PickMe,Mobile Wallet,Colombo,0
206,2023-02-17,6587.17,Food,Keells,Cash,Anuradhapura,0
207,2023-02-17,5562.71,Food,KFC,Online Transfer,Galle,0
208,2023-02-17,3699.01,Shopping,Electronics Store,Online Transfer,Colombo,0
209,2023-02-18,8689.3,Food,Restaurant,Cash,Anuradhapura,0
210,2023-02-18,5667.24,Food,Cargills,Mobile Wallet,Colombo,0
211,2023-02-18,4898.0,Bills,Water,Card,Colombo,0
212,2023-02-18,1611.59,Education,University,Online Transfer,Colombo,0
213,2023-02-18,5246.6,Food,Pizza Hut,Mobile Wallet,Kurunegala,0
214,2023-02-18,1651.48,Health,Medical Centre,Cash,Kurunegala,0
215,2023-02-18,3332.52,Transport,Fuel Station,Card,Jaffna,0
216,2023-02-19,7257.22,Bills,Electricity,Online Transfer,Colombo,0
217,2023-02-19,2758.8,Health,Hospital,Cash,Jaffna,0
218,2023-02-20,5518.39,Bills,Internet,Cash,Colombo,0
219,2023-02-20,5858.31,Food,KFC,Mobile Wallet,Kurunegala,0
220,2023-02-20,3830.18,Shopping,Electronics Store,Cash,Galle,0
221,2023-02-20,3887.46,Education,Book Shop,Online Transfer,Colombo,0
222,2023-02-20,1663.06,Entertainment,Cinema,Online Transfer,Anuradhapura,0
223,2023-02-20,3729.43,Bills,Internet,Cash,Anuradhapura,0
224,2023-02-21,2562.18,Shopping,Daraz,Online Transfer,Colombo,0
225,2023-02-21,3823.88,Transport,Fuel Station,Card,Kandy,0
226,2023-02-21,2258.22,Shopping,Daraz,Cash,Galle,0
227,2023-02-21,4437.93,Food,Pizza Hut,Card,Anuradhapura,0
228,2023-02-21,9415.59,Food,Keells,Online Transfer,Kandy,0
229,2023-02-21,1513.79,Entertainment,Cinema,Online Transfer,Jaffna,0
230,2023-02-22,3737.26,Food,Restaurant,Cash,Anuradhapura,0
231,2023-02-22,7989.32,Food,Cargills,Card,Kandy,0
232,2023-02-22,5293.85,Shopping,Supermarket,Card,Jaffna,0
233,2023-02-22,7497.71,Food,Keells,Card,Jaffna,0
234,2023-02-22,7388.0,Bills,Water,Cash,Galle,0
235,2023-02-23,2456.02,Shopping,Daraz,Cash,Colombo,0
236,2023-02-23,5174.83,Transport,Bus,Online Transfer,Galle,0
237,2023-02-23,6531.75,Bills,Mobile,Mobile Wallet,Galle,0
238,2023-02-23,3229.68,Bills,Mobile,Card,Kandy,0
239,2023-02-23,3533.0,Shopping,Daraz,Online Transfer,Kurunegala,0
240,2023-02-24,5447.45,Bills,Water,Online Transfer,Colombo,0
241,2023-02-24,2064.11,Entertainment,Cinema,Card,Anuradhapura,0
242,2023-02-24,6732.14,Bills,Electricity,Mobile Wallet,Kurunegala,0
243,2023-02-24,6215.46,Food,Restaurant,Mobile Wallet,Colombo,0
244,2023-02-25,4004.67,Transport,Uber,Mobile Wallet,Colombo,0
245,2023-02-25,2226.77,Health,Medical Centre,Card,Anuradhapura,0
246,2023-02-25,1701.5,Entertainment,Gaming,Card,Kurunegala,0
247,2023-02-25,8034.03,Food,Pizza Hut,Card,Galle,0
248,2023-02-25,6797.37,Transport,Bus,Card,Kandy,0
249,2023-02-26,3215.67,Education,University,Card,Anuradhapura,0
250,2023-02-26,1712.13,Health,Medical Centre,Online Transfer,Galle,0
251,2023-02-27,5739.22,Bills,Electricity,Cash,Anuradhapura,0
252,2023-02-27,5051.83,Food,Cargills,Card,Jaffna,0
253,2023-02-28,3716.53,Shopping,Supermarket,Mobile Wallet,Colombo,0
254,2023-02-28,5139.69,Bills,Water,Cash,Kandy,0
255,2023-02-28,6462.29,Food,KFC,Online Transfer,Jaffna,0
256,2023-02-28,4613.44,Bills,Internet,Cash,Anuradhapura,0
257,2023-02-28,7263.62,Food,Pizza Hut,Mobile Wallet,Anuradhapura,0
258,2023-03-01,5021.53,Shopping,Fashion Store,Online Transfer,Galle,0
259,2023-03-01,1936.53,Entertainment,Spotify,Mobile Wallet,Galle,0
260,2023-03-01,4260.08,Bills,Mobile,Card,Kandy,0
261,2023-03-01,5350.02,Transport,Uber,Cash,Kandy,0
262,2023-03-01,5620.99,Shopping,Supermarket,Card,Jaffna,0
263,2023-03-01,1809.33,Health,Pharmacy,Mobile Wallet,Colombo,0
264,2023-03-02,6888.03,Food,KFC,Online Transfer,Kandy,0
265,2023-03-02,2333.31,Education,Online Course,Mobile Wallet,Galle,0
266,2023-03-02,2490.81,Entertainment,Cinema,Mobile Wallet,Galle,0
267,2023-03-02,6981.79,Food,Pizza Hut,Cash,Galle,0
268,2023-03-03,6488.82,Food,Cargills,Online Transfer,Galle,0
269,2023-03-03,4310.12,Shopping,Supermarket,Mobile Wallet,Galle,0
270,2023-03-03,1531.29,Health,Hospital,Cash,Kandy,0
271,2023-03-03,3319.87,Bills,Water,Online Transfer,Kurunegala,0
272,2023-03-03,6882.25,Bills,Mobile,Card,Kurunegala,0
273,2023-03-04,5520.18,Bills,Internet,Online Transfer,Anuradhapura,0
274,2023-03-04,8733.44,Food,Cargills,Cash,Galle,0
275,2023-03-04,4921.21,Bills,Electricity,Cash,Anuradhapura,0
276,2023-03-04,9420.87,Food,Pizza Hut,Cash,Galle,0
277,2023-03-04,13022.65,Food,KFC,Online Transfer,Jaffna,0
278,2023-03-05,8319.77,Food,KFC,Mobile Wallet,Kurunegala,0
279,2023-03-05,10175.78,Food,KFC,Mobile Wallet,Kandy,0
280,2023-03-05,5524.19,Food,Cargills,Mobile Wallet,Jaffna,0
281,2023-03-05,4500.0,Bills,Internet,Online Transfer,Colombo,0
282,2023-03-05,3125.43,Entertainment,Netflix,Online Transfer,Jaffna,0
283,2023-03-05,5149.57,Food,Pizza Hut,Card,Galle,0
284,2023-03-06,2598.34,Shopping,Supermarket,Card,Galle,0
285,2023-03-06,7157.11,Bills,Water,Mobile Wallet,Kurunegala,0
286,2023-03-06,5337.16,Education,Book Shop,Online Transfer,Kurunegala,0
287,2023-03-07,5251.97,Food,Pizza Hut,Mobile Wallet,Kandy,0
288,2023-03-07,1472.05,Health,Medical Centre,Online Transfer,Jaffna,0
289,2023-03-07,4715.6,Food,Restaurant,Cash,Galle,0
290,2023-03-07,9323.2,Food,Cargills,Online Transfer,Kurunegala,0
291,2023-03-07,3780.21,Shopping,Electronics Store,Cash,Colombo,0
292,2023-03-08,3984.16,Education,Online Course,Online Transfer,Kurunegala,0
293,2023-03-08,2624.1,Transport,Train,Mobile Wallet,Kurunegala,0
294,2023-03-08,3197.4,Transport,Train,Online Transfer,Kurunegala,0
295,2023-03-09,4268.15,Shopping,Daraz,Cash,Colombo,0
296,2023-03-09,1750.76,Entertainment,Spotify,Online Transfer,Kurunegala,0
297,2023-03-09,2978.84,Shopping,Fashion Store,Online Transfer,Kurunegala,0
298,2023-03-09,4673.85,Transport,Train,Cash,Kandy,0
299,2023-03-09,4866.52,Food,Pizza Hut,Cash,Jaffna,0
300,2023-03-09,1993.02,Education,Online Course,Card,Kandy,0
301,2023-03-09,5710.23,Bills,Internet,Card,Anuradhapura,0
302,2023-03-09,1157.99,Health,Hospital,Online Transfer,Jaffna,0
303,2023-03-09,4007.83,Transport,PickMe,Card,Kurunegala,0
304,2023-03-11,3996.45,Shopping,Fashion Store,Online Transfer,Kurunegala,0
305,2023-03-11,2585.59,Education,University,Online Transfer,Anuradhapura,0
306,2023-03-11,1881.92,Education,Book Shop,Card,Kurunegala,0
307,2023-03-11,8829.68,Food,Keells,Cash,Colombo,0
308,2023-03-11,5091.11,Bills,Mobile,Online Transfer,Colombo,0
309,2023-03-11,1755.93,Health,Pharmacy,Online Transfer,Kandy,0
310,2023-03-11,3226.51,Transport,Train,Mobile Wallet,Anuradhapura,0
311,2023-03-11,2443.71,Entertainment,Gaming,Online Transfer,Kurunegala,0
312,2023-03-11,7022.3,Food,Pizza Hut,Online Transfer,Jaffna,0
313,2023-03-12,3000.0,Entertainment,Netflix,Card,Colombo,0
314,2023-03-12,4575.47,Bills,Water,Mobile Wallet,Anuradhapura,0
315,2023-03-13,1857.19,Health,Pharmacy,Mobile Wallet,Jaffna,0
316,2023-03-13,3685.96,Shopping,Daraz,Online Transfer,Kandy,0
317,2023-03-13,6416.41,Shopping,Daraz,Online Transfer,Jaffna,0
318,2023-03-14,2879.53,Education,Online Course,Card,Anuradhapura,0
319,2023-03-14,8035.07,Bills,Mobile,Online Transfer,Kurunegala,0
320,2023-03-14,8897.1,Food,Pizza Hut,Mobile Wallet,Galle,0
321,2023-03-14,7620.24,Bills,Internet,Card,Colombo,0
322,2023-03-14,2650.98,Education,University,Online Transfer,Kandy,0
323,2023-03-14,6870.91,Food,Pizza Hut,Cash,Anuradhapura,0
324,2023-03-15,4531.93,Transport,PickMe,Card,Kandy,0
325,2023-03-15,3284.65,Education,University,Online Transfer,Kurunegala,0
326,2023-03-15,2214.3,Education,Online Course,Card,Galle,0
327,2023-03-16,3293.35,Transport,PickMe,Online Transfer,Galle,0
328,2023-03-16,2839.44,Entertainment,Netflix,Card,Jaffna,0
329,2023-03-16,2254.71,Entertainment,Spotify,Card,Colombo,0
330,2023-03-16,7672.31,Bills,Water,Card,Colombo,0
331,2023-03-17,4382.49,Bills,Mobile,Card,Kandy,0
332,2023-03-17,5049.59,Transport,PickMe,Cash,Anuradhapura,0
333,2023-03-17,6020.27,Transport,PickMe,Online Transfer,Jaffna,0
334,2023-03-17,9754.8,Food,KFC,Cash,Colombo,0
335,2023-03-17,6512.5,Food,Restaurant,Mobile Wallet,Jaffna,0
336,2023-03-17,4907.51,Shopping,Electronics Store,Card,Kurunegala,0
337,2023-03-17,1891.57,Health,Pharmacy,Card,Kurunegala,0
338,2023-03-17,5652.0,Bills,Internet,Card,Colombo,0
339,2023-03-17,2145.93,Entertainment,Gaming,Mobile Wallet,Kurunegala,0
340,2023-03-18,5075.93,Transport,Fuel Station,Mobile Wallet,Kandy,0
341,2023-03-18,7270.16,Bills,Internet,Card,Kandy,0
342,2023-03-18,4071.5,Education,University,Online Transfer,Galle,0
343,2023-03-18,7365.17,Bills,Water,Online Transfer,Colombo,0
344,2023-03-19,1683.75,Health,Pharmacy,Mobile Wallet,Kurunegala,0
345,2023-03-19,6711.55,Bills,Electricity,Online Transfer,Colombo,0
346,2023-03-19,3108.42,Transport,Train,Card,Anuradhapura,0
347,2023-03-19,4620.04,Shopping,Electronics Store,Card,Kurunegala,0
348,2023-03-20,5463.54,Food,Keells,Cash,Galle,0
349,2023-03-20,8264.3,Food,Pizza Hut,Online Transfer,Jaffna,1
350,2023-03-20,3720.2,Shopping,Supermarket,Mobile Wallet,Kandy,0
351,2023-03-20,1996.23,Shopping,Supermarket,Mobile Wallet,Colombo,0
352,2023-03-20,1875.29,Health,Hospital,Cash,Kurunegala,0
353,2023-03-20,4653.28,Food,Restaurant,Cash,Kurunegala,0
354,2023-03-21,6811.5,Food,Cargills,Online Transfer,Kandy,0
355,2023-03-21,8333.66,Food,Cargills,Online Transfer,Kurunegala,0
356,2023-03-22,2374.51,Education,Book Shop,Online Transfer,Jaffna,0
357,2023-03-22,7507.97,Bills,Water,Card,Galle,0
358,2023-03-22,3946.3,Shopping,Electronics Store,Cash,Anuradhapura,0
359,2023-03-22,5688.77,Food,Cargills,Card,Colombo,0
360,2023-03-23,3093.05,Bills,Mobile,Cash,Galle,0
361,2023-03-23,10369.3,Food,Keells,Mobile Wallet,Kurunegala,0
362,2023-03-23,3519.83,Shopping,Daraz,Mobile Wallet,Anuradhapura,0
363,2023-03-24,2261.05,Education,Online Course,Online Transfer,Anuradhapura,0
364,2023-03-24,1038.21,Health,Medical Centre,Card,Jaffna,0
365,2023-03-24,1783.44,Entertainment,Cinema,Card,Galle,0
366,2023-03-24,4045.61,Bills,Mobile,Cash,Kurunegala,0
367,2023-03-24,4227.56,Shopping,Supermarket,Cash,Kurunegala,0
368,2023-03-24,2222.12,Education,Book Shop,Cash,Anuradhapura,0
369,2023-03-24,3323.55,Shopping,Electronics Store,Mobile Wallet,Kandy,0
370,2023-03-24,3784.15,Shopping,Daraz,Cash,Colombo,0
371,2023-03-24,4245.5,Bills,Water,Cash,Colombo,0
372,2023-03-24,5417.54,Bills,Electricity,Mobile Wallet,Galle,0
373,2023-03-25,9557.75,Food,Restaurant,Card,Kurunegala,0
374,2023-03-25,4299.84,Shopping,Daraz,Card,Kandy,0
375,2023-03-25,2901.04,Education,University,Card,Anuradhapura,0
376,2023-03-25,6629.95,Bills,Electricity,Card,Anuradhapura,0
377,2023-03-26,8405.8,Food,KFC,Cash,Kandy,0
378,2023-03-26,3369.71,Shopping,Electronics Store,Cash,Colombo,0
379,2023-03-26,2884.07,Transport,Train,Card,Anuradhapura,0
380,2023-03-27,4755.2,Transport,Train,Online Transfer,Galle,0
381,2023-03-27,5043.11,Food,Keells,Mobile Wallet,Jaffna,0
382,2023-03-27,5208.29,Food,Restaurant,Mobile Wallet,Galle,0
383,2023-03-27,4044.48,Shopping,Daraz,Cash,Colombo,0
384,2023-03-28,3934.48,Shopping,Supermarket,Cash,Kurunegala,0
385,2023-03-28,4611.24,Bills,Electricity,Cash,Kandy,0
386,2023-03-28,8573.29,Food,Restaurant,Mobile Wallet,Galle,0
387,2023-03-28,7010.0,Food,Cargills,Mobile Wallet,Kurunegala,0
388,2023-03-28,2240.49,Entertainment,Cinema,Online Transfer,Jaffna,0
389,2023-03-28,2045.99,Education,Book Shop,Card,Kurunegala,0
390,2023-03-28,9090.62,Bills,Water,Card,Anuradhapura,0
391,2023-03-29,6036.14,Bills,Mobile,Mobile Wallet,Kandy,0
392,2023-03-29,1625.68,Health,Medical Centre,Online Transfer,Galle,0
393,2023-03-29,4099.2,Transport,Bus,Cash,Anuradhapura,0
394,2023-03-29,3612.57,Shopping,Electronics Store,Cash,Anuradhapura,0
395,2023-03-29,8348.64,Food,Pizza Hut,Card,Anuradhapura,0
396,2023-03-30,2223.55,Transport,Fuel Station,Online Transfer,Galle,0
397,2023-03-30,2904.23,Education,Book Shop,Card,Kandy,0
398,2023-03-31,7927.18,Food,Restaurant,Mobile Wallet,Anuradhapura,0
399,2023-03-31,4572.94,Bills,Mobile,Card,Colombo,0
400,2023-03-31,5742.38,Food,Cargills,Cash,Anuradhapura,0
401,2023-03-31,2741.42,Education,Book Shop,Cash,Jaffna,0
402,2023-03-31,5670.11,Food,Keells,Cash,Colombo,0
403,2023-04-01,7644.6,Food,Restaurant,Mobile Wallet,Galle,0
404,2023-04-01,5061.0,Shopping,Supermarket,Card,Galle,0
405,2023-04-01,8645.82,Food,Pizza Hut,Cash,Galle,0
406,2023-04-02,6900.35,Shopping,Fashion Store,Mobile Wallet,Galle,0
407,2023-04-02,4500.0,Bills,Internet,Online Transfer,Colombo,0
408,2023-04-02,4571.29,Food,KFC,Mobile Wallet,Galle,0
409,2023-04-02,3199.95,Bills,Water,Cash,Kandy,0
410,2023-04-02,4393.0,Bills,Mobile,Card,Jaffna,0
411,2023-04-03,3441.83,Education,University,Card,Anuradhapura,0
412,2023-04-03,2616.4,Transport,Fuel Station,Online Transfer,Galle,0
413,2023-04-03,2478.61,Education,University,Card,Anuradhapura,0
414,2023-04-03,3809.15,Bills,Mobile,Online Transfer,Galle,0
415,2023-04-04,4443.1,Bills,Water,Cash,Kurunegala,0
416,2023-04-04,9236.81,Food,Cargills,Mobile Wallet,Anuradhapura,1
417,2023-04-05,3580.41,Shopping,Daraz,Online Transfer,Galle,0
418,2023-04-05,4258.7,Transport,Train,Card,Galle,0
419,2023-04-05,5697.92,Food,Pizza Hut,Cash,Anuradhapura,0
420,2023-04-05,2353.81,Education,Book Shop,Online Transfer,Jaffna,0
421,2023-04-05,7399.12,Bills,Water,Online Transfer,Jaffna,0
422,2023-04-05,6500.41,Food,KFC,Online Transfer,Anuradhapura,0
423,2023-04-05,1794.42,Education,Book Shop,Cash,Colombo,0
424,2023-04-05,3666.15,Shopping,Fashion Store,Online Transfer,Galle,1
425,2023-04-05,6515.93,Food,KFC,Mobile Wallet,Galle,0
426,2023-04-05,2216.67,Entertainment,Netflix,Card,Galle,0
427,2023-04-06,6406.78,Food,KFC,Card,Anuradhapura,0
428,2023-04-06,5038.88,Shopping,Electronics Store,Cash,Colombo,0
429,2023-04-06,4557.25,Shopping,Electronics Store,Mobile Wallet,Kurunegala,0
430,2023-04-06,2292.08,Transport,Train,Card,Jaffna,0
431,2023-04-06,6804.54,Food,Keells,Online Transfer,Jaffna,0
432,2023-04-07,2077.13,Education,University,Mobile Wallet,Galle,0
433,2023-04-07,3359.28,Shopping,Supermarket,Card,Galle,0
434,2023-04-07,4686.97,Bills,Mobile,Mobile Wallet,Colombo,0
435,2023-04-07,2375.14,Education,University,Mobile Wallet,Kurunegala,0
436,2023-04-07,1517.32,Entertainment,Spotify,Mobile Wallet,Galle,0
437,2023-04-08,2452.28,Shopping,Electronics Store,Cash,Galle,0
438,2023-04-08,7317.02,Bills,Electricity,Cash,Kandy,0
439,2023-04-08,3897.81,Bills,Electricity,Mobile Wallet,Anuradhapura,0
440,2023-04-08,5240.87,Transport,Bus,Online Transfer,Colombo,0
441,2023-04-09,3339.28,Shopping,Fashion Store,Card,Galle,0
442,2023-04-09,3000.0,Entertainment,Netflix,Card,Colombo,0
443,2023-04-09,6467.11,Bills,Mobile,Card,Jaffna,0
444,2023-04-09,14639.04,Food,Cargills,Online Transfer,Colombo,0
445,2023-04-10,4970.56,Bills,Water,Online Transfer,Anuradhapura,0
446,2023-04-10,6785.61,Transport,Fuel Station,Mobile Wallet,Kurunegala,0
447,2023-04-11,3703.02,Shopping,Daraz,Mobile Wallet,Colombo,0
448,2023-04-11,9440.72,Food,Keells,Mobile Wallet,Kandy,0
449,2023-04-11,10811.89,Food,Cargills,Mobile Wallet,Colombo,0
450,2023-04-11,3629.77,Food,Keells,Card,Galle,0
451,2023-04-11,5323.16,Bills,Electricity,Card,Galle,0
452,2023-04-12,6723.83,Food,Pizza Hut,Card,Jaffna,0
453,2023-04-12,6660.33,Food,Restaurant,Mobile Wallet,Jaffna,0
454,2023-04-12,4321.56,Bills,Mobile,Mobile Wallet,Kandy,0
455,2023-04-12,4019.39,Transport,Train,Card,Anuradhapura,0
456,2023-04-12,2260.91,Entertainment,Spotify,Card,Kandy,0
457,2023-04-12,2935.21,Transport,Train,Cash,Galle,0
458,2023-04-13,3576.39,Transport,Uber,Online Transfer,Anuradhapura,0
459,2023-04-13,5621.92,Bills,Mobile,Mobile Wallet,Kurunegala,0
460,2023-04-13,4337.81,Transport,Fuel Station,Card,Jaffna,0
461,2023-04-14,6782.18,Bills,Water,Card,Jaffna,0
462,2023-04-15,7647.06,Food,Restaurant,Online Transfer,Kurunegala,0
463,2023-04-15,5659.09,Bills,Electricity,Cash,Kurunegala,0
464,2023-04-15,5372.82,Bills,Electricity,Online Transfer,Kurunegala,0
465,2023-04-15,2470.45,Entertainment,Gaming,Cash,Kurunegala,0
466,2023-04-15,4325.94,Transport,Bus,Online Transfer,Kurunegala,0
467,2023-04-15,7420.61,Food,Cargills,Online Transfer,Colombo,0
468,2023-04-16,7053.22,Bills,Electricity,Online Transfer,Colombo,0
469,2023-04-16,2686.76,Health,Hospital,Online Transfer,Kandy,0
470,2023-04-16,7479.95,Bills,Electricity,Online Transfer,Galle,0
471,2023-04-16,7256.49,Food,Cargills,Mobile Wallet,Colombo,0
472,2023-04-16,11369.28,Food,Keells,Card,Jaffna,0
473,2023-04-16,7692.67,Transport,Fuel Station,Card,Colombo,0
474,2023-04-17,2866.04,Health,Medical Centre,Card,Anuradhapura,0
475,2023-04-17,5599.52,Bills,Internet,Cash,Anuradhapura,0
476,2023-04-17,2562.13,Health,Pharmacy,Mobile Wallet,Galle,0
477,2023-04-17,3662.05,Education,Book Shop,Cash,Kurunegala,0
478,2023-04-17,1580.23,Health,Hospital,Card,Anuradhapura,0
479,2023-04-17,5361.39,Transport,Bus,Cash,Kurunegala,0
480,2023-04-17,2155.23,Education,Online Course,Mobile Wallet,Colombo,0
481,2023-04-18,1579.38,Education,University,Cash,Anuradhapura,0
482,2023-04-18,5776.52,Food,Keells,Mobile Wallet,Anuradhapura,0
483,2023-04-18,2737.08,Transport,Fuel Station,Card,Kurunegala,0
484,2023-04-18,3424.11,Education,Book Shop,Card,Galle,0
485,2023-04-18,5807.55,Transport,Uber,Mobile Wallet,Anuradhapura,0
486,2023-04-19,2522.68,Education,Book Shop,Card,Anuradhapura,0
487,2023-04-19,5770.97,Bills,Internet,Card,Anuradhapura,0
488,2023-04-19,5580.15,Bills,Mobile,Card,Colombo,0
489,2023-04-19,6276.18,Transport,Uber,Mobile Wallet,Galle,0
490,2023-04-19,10063.77,Food,KFC,Cash,Kurunegala,0
491,2023-04-20,9175.01,Food,Cargills,Mobile Wallet,Colombo,0
492,2023-04-21,6694.18,Shopping,Supermarket,Online Transfer,Jaffna,0
493,2023-04-21,3507.75,Transport,PickMe,Card,Jaffna,0
494,2023-04-22,4594.29,Transport,Train,Mobile Wallet,Galle,0
495,2023-04-22,3760.52,Transport,Fuel Station,Cash,Anuradhapura,0
496,2023-04-22,7539.58,Food,Pizza Hut,Cash,Colombo,0
497,2023-04-22,2126.31,Health,Hospital,Cash,Colombo,0
498,2023-04-23,2862.49,Entertainment,Cinema,Card,Galle,0
499,2023-04-23,6303.85,Bills,Mobile,Cash,Jaffna,0
500,2023-04-23,2820.52,Entertainment,Netflix,Card,Kandy,0
501,2023-04-23,6304.16,Shopping,Electronics Store,Card,Galle,0
502,2023-04-23,11201.96,Bills,Electricity,Cash,Kandy,0
503,2023-04-24,8725.84,Food,Pizza Hut,Cash,Kurunegala,0
504,2023-04-24,5968.68,Food,Restaurant,Mobile Wallet,Anuradhapura,0
505,2023-04-24,2180.9,Education,University,Online Transfer,Colombo,0
506,2023-04-24,5417.84,Shopping,Electronics Store,Mobile Wallet,Colombo,0
507,2023-04-25,5039.74,Transport,Bus,Online Transfer,Galle,0
508,2023-04-25,3525.29,Entertainment,Spotify,Mobile Wallet,Galle,0
509,2023-04-25,4968.36,Food,Pizza Hut,Card,Kandy,0
510,2023-04-25,2554.64,Entertainment,Spotify,Cash,Colombo,0
511,2023-04-26,2819.11,Health,Medical Centre,Cash,Kurunegala,0
512,2023-04-26,5288.32,Transport,Fuel Station,Online Transfer,Colombo,0
513,2023-04-26,3527.65,Transport,Fuel Station,Cash,Galle,0
514,2023-04-26,2555.23,Entertainment,Spotify,Card,Galle,0
515,2023-04-26,2753.01,Entertainment,Spotify,Card,Kandy,0
516,2023-04-26,8681.1,Food,Keells,Card,Kurunegala,0
517,2023-04-26,3669.18,Transport,Uber,Cash,Kandy,0
518,2023-04-26,6594.21,Bills,Internet,Cash,Kandy,0
519,2023-04-26,10533.7,Food,Keells,Mobile Wallet,Kurunegala,0
520,2023-04-27,4532.49,Bills,Electricity,Mobile Wallet,Jaffna,0
521,2023-04-27,4347.21,Education,University,Online Transfer,Kandy,0
522,2023-04-28,4206.63,Transport,Fuel Station,Cash,Colombo,0
523,2023-04-28,5869.38,Bills,Electricity,Card,Jaffna,0
524,2023-04-29,5519.88,Education,Book Shop,Mobile Wallet,Kandy,0
525,2023-04-29,4947.12,Transport,PickMe,Online Transfer,Colombo,0
526,2023-04-29,2793.66,Health,Hospital,Online Transfer,Colombo,0
527,2023-04-29,6556.3,Food,Keells,Cash,Kandy,0
528,2023-04-30,2401.36,Health,Hospital,Mobile Wallet,Kurunegala,0
529,2023-04-30,3244.38,Shopping,Daraz,Card,Kurunegala,0
530,2023-04-30,8395.82,Food,Cargills,Mobile Wallet,Kandy,0
531,2023-04-30,3922.26,Education,Book Shop,Mobile Wallet,Anuradhapura,0
532,2023-04-30,5119.18,Transport,Bus,Mobile Wallet,Kandy,0
533,2023-04-30,2713.88,Health,Medical Centre,Card,Anuradhapura,0
534,2023-05-01,3654.02,Education,Book Shop,Online Transfer,Anuradhapura,0
535,2023-05-01,7355.15,Food,KFC,Cash,Kandy,0
536,2023-05-01,4490.17,Transport,Fuel Station,Online Transfer,Jaffna,0
537,2023-05-02,7065.56,Food,Restaurant,Card,Colombo,0
538,2023-05-02,7351.6,Food,KFC,Card,Kandy,0
539,2023-05-02,4078.26,Bills,Mobile,Mobile Wallet,Galle,0
540,2023-05-02,4397.22,Bills,Electricity,Online Transfer,Colombo,0
541,2023-05-03,9045.81,Food,Cargills,Mobile Wallet,Kandy,1
542,2023-05-03,4531.15,Bills,Mobile,Online Transfer,Kandy,0
543,2023-05-03,6386.92,Transport,Train,Mobile Wallet,Colombo,0
544,2023-05-04,6024.47,Food,KFC,Online Transfer,Kurunegala,0
545,2023-05-04,5499.96,Food,Pizza Hut,Cash,Galle,0
546,2023-05-04,2401.79,Education,Online Course,Mobile Wallet,Galle,0
547,2023-05-05,13555.67,Food,Cargills,Cash,Kurunegala,0
548,2023-05-05,4938.41,Food,KFC,Card,Kurunegala,0
549,2023-05-06,3827.87,Bills,Water,Cash,Jaffna,0
550,2023-05-06,2649.68,Education,Online Course,Card,Colombo,0
551,2023-05-06,3793.95,Shopping,Fashion Store,Card,Colombo,0
552,2023-05-06,5979.4,Food,KFC,Cash,Colombo,0
553,2023-05-06,4953.15,Food,KFC,Cash,Colombo,0
554,2023-05-06,7961.61,Food,Cargills,Card,Kandy,0
555,2023-05-06,2407.46,Education,Online Course,Online Transfer,Kandy,0
556,2023-05-06,2416.02,Health,Hospital,Cash,Jaffna,0
557,2023-05-06,2008.5,Entertainment,Gaming,Online Transfer,Kandy,0
558,2023-05-06,3744.43,Shopping,Fashion Store,Cash,Colombo,0
559,2023-05-07,4125.92,Education,Online Course,Mobile Wallet,Anuradhapura,0
560,2023-05-07,4500.0,Bills,Internet,Online Transfer,Colombo,0
561,2023-05-07,7637.84,Food,Pizza Hut,Mobile Wallet,Kurunegala,0
562,2023-05-07,5768.28,Bills,Internet,Mobile Wallet,Kurunegala,0
563,2023-05-07,8361.25,Food,Pizza Hut,Mobile Wallet,Kandy,0
564,2023-05-07,6124.78,Transport,PickMe,Online Transfer,Kandy,0
565,2023-05-07,7659.3,Food,Pizza Hut,Cash,Galle,0
566,2023-05-08,5447.51,Bills,Electricity,Mobile Wallet,Colombo,0
567,2023-05-08,1453.25,Health,Medical Centre,Cash,Kurunegala,0
568,2023-05-08,3755.36,Transport,PickMe,Online Transfer,Galle,0
569,2023-05-08,5061.81,Food,KFC,Cash,Jaffna,0
570,2023-05-09,1597.86,Health,Hospital,Mobile Wallet,Jaffna,0
571,2023-05-09,1668.51,Health,Pharmacy,Mobile Wallet,Kandy,0
572,2023-05-09,5274.54,Food,Cargills,Card,Jaffna,0
573,2023-05-09,2265.65,Health,Medical Centre,Mobile Wallet,Colombo,0
574,2023-05-10,3556.11,Shopping,Fashion Store,Mobile Wallet,Jaffna,0
575,2023-05-10,2991.27,Education,Book Shop,Card,Kandy,0
576,2023-05-10,5586.27,Bills,Water,Mobile Wallet,Galle,0
577,2023-05-10,2386.14,Education,Book Shop,Card,Kurunegala,0
578,2023-05-10,4253.96,Transport,Fuel Station,Card,Jaffna,0
579,2023-05-10,6346.69,Food,Pizza Hut,Online Transfer,Kandy,0
580,2023-05-11,2162.96,Entertainment,Cinema,Online Transfer,Kurunegala,0
581,2023-05-11,1217.39,Health,Pharmacy,Card,Anuradhapura,0
582,2023-05-12,5688.61,Bills,Internet,Online Transfer,Galle,0
583,2023-05-12,7245.97,Food,Cargills,Mobile Wallet,Kandy,0
584,2023-05-12,3279.88,Bills,Mobile,Card,Colombo,0
585,2023-05-12,4205.76,Bills,Internet,Mobile Wallet,Colombo,0
586,2023-05-12,9210.88,Bills,Electricity,Cash,Jaffna,0
587,2023-05-12,2404.74,Transport,PickMe,Cash,Jaffna,0
588,2023-05-13,4143.6,Shopping,Daraz,Mobile Wallet,Colombo,0
589,2023-05-13,4399.68,Bills,Water,Card,Jaffna,0
590,2023-05-13,8590.56,Food,Keells,Card,Colombo,0
591,2023-05-13,6499.48,Food,Keells,Online Transfer,Colombo,0
592,2023-05-14,3000.0,Entertainment,Netflix,Card,Colombo,0
593,2023-05-14,2429.29,Health,Pharmacy,Card,Kandy,0
594,2023-05-14,5006.79,Bills,Water,Card,Galle,0
595,2023-05-14,7072.67,Shopping,Daraz,Mobile Wallet,Kandy,0
596,2023-05-15,9073.5,Bills,Mobile,Online Transfer,Kurunegala,0
597,2023-05-15,4883.73,Transport,PickMe,Mobile Wallet,Galle,0
598,2023-05-15,5975.97,Shopping,Daraz,Mobile Wallet,Anuradhapura,0
599,2023-05-15,5057.5,Transport,Train,Card,Kandy,0
600,2023-05-15,2822.91,Health,Pharmacy,Mobile Wallet,Colombo,0
601,2023-05-15,8499.97,Transport,Train,Card,Galle,0
602,2023-05-16,7103.56,Food,Pizza Hut,Mobile Wallet,Kandy,0
603,2023-05-16,2435.16,Entertainment,Cinema,Mobile Wallet,Jaffna,0
604,2023-05-16,7380.72,Food,Keells,Online Transfer,Colombo,0
605,2023-05-17,8256.34,Bills,Electricity,Online Transfer,Galle,0
606,2023-05-17,2000.24,Health,Hospital,Card,Jaffna,0
607,2023-05-17,6244.55,Transport,Bus,Mobile Wallet,Anuradhapura,0
608,2023-05-17,2861.22,Education,University,Online Transfer,Galle,0
609,2023-05-17,2434.18,Education,Online Course,Online Transfer,Anuradhapura,0
610,2023-05-18,5100.65,Bills,Electricity,Card,Galle,0
611,2023-05-18,6534.21,Bills,Mobile,Cash,Anuradhapura,0
612,2023-05-18,6869.44,Transport,Train,Mobile Wallet,Kurunegala,0
613,2023-05-18,8375.43,Food,KFC,Online Transfer,Galle,0
614,2023-05-18,4818.29,Transport,Bus,Card,Kurunegala,0
615,2023-05-19,2803.48,Education,Book Shop,Online Transfer,Galle,0
616,2023-05-19,5659.49,Bills,Water,Online Transfer,Anuradhapura,0
617,2023-05-19,6819.48,Bills,Internet,Card,Kandy,0
618,2023-05-19,6225.33,Shopping,Daraz,Card,Jaffna,0
619,2023-05-19,7006.53,Food,Restaurant,Card,Galle,0
620,2023-05-20,2859.18,Health,Pharmacy,Card,Colombo,0
621,2023-05-20,4752.12,Bills,Internet,Online Transfer,Anuradhapura,0
622,2023-05-20,8526.99,Food,Pizza Hut,Mobile Wallet,Kurunegala,0
623,2023-05-21,3977.25,Transport,Fuel Station,Card,Colombo,0
624,2023-05-21,7709.25,Bills,Internet,Mobile Wallet,Anuradhapura,0
625,2023-05-21,5049.35,Shopping,Supermarket,Cash,Jaffna,0
626,2023-05-21,4063.17,Transport,Train,Card,Anuradhapura,0
627,2023-05-21,4407.51,Health,Medical Centre,Cash,Galle,0
628,2023-05-21,7264.62,Food,Pizza Hut,Card,Kurunegala,0
629,2023-05-21,6818.58,Bills,Electricity,Online Transfer,Colombo,0
630,2023-05-22,8072.21,Bills,Mobile,Cash,Kandy,0
631,2023-05-22,7478.21,Food,Cargills,Cash,Kurunegala,0
632,2023-05-22,4119.76,Shopping,Electronics Store,Online Transfer,Kandy,0
633,2023-05-22,1721.05,Health,Hospital,Mobile Wallet,Galle,0
634,2023-05-22,4261.49,Shopping,Fashion Store,Card,Jaffna,0
635,2023-05-22,4153.49,Transport,Fuel Station,Cash,Colombo,0
636,2023-05-23,5018.94,Shopping,Fashion Store,Cash,Colombo,0
637,2023-05-23,2189.89,Health,Pharmacy,Cash,Jaffna,0
638,2023-05-23,5400.88,Bills,Water,Cash,Kurunegala,0
639,2023-05-23,2614.91,Health,Medical Centre,Cash,Kurunegala,0
640,2023-05-23,6908.42,Food,Restaurant,Card,Galle,0
641,2023-05-23,6974.7,Transport,Bus,Online Transfer,Jaffna,0
642,2023-05-24,6944.5,Bills,Mobile,Mobile Wallet,Colombo,0
643,2023-05-24,4934.63,Shopping,Fashion Store,Card,Anuradhapura,0
644,2023-05-24,11345.67,Food,Restaurant,Mobile Wallet,Kandy,0
645,2023-05-24,3382.29,Shopping,Electronics Store,Mobile Wallet,Jaffna,0
646,2023-05-25,8480.61,Food,KFC,Card,Jaffna,0
647,2023-05-26,2383.38,Education,Book Shop,Cash,Colombo,0
648,2023-05-26,5209.05,Bills,Water,Card,Anuradhapura,0
649,2023-05-26,6727.1,Food,Keells,Cash,Kurunegala,0
650,2023-05-26,7025.58,Transport,Uber,Cash,Jaffna,0
651,2023-05-27,6352.58,Bills,Electricity,Card,Kurunegala,0
652,2023-05-28,6277.15,Shopping,Electronics Store,Mobile Wallet,Kurunegala,0
653,2023-05-28,2802.21,Shopping,Daraz,Cash,Kurunegala,0
654,2023-05-28,3240.3,Shopping,Electronics Store,Cash,Colombo,0
655,2023-05-28,3109.34,Education,University,Card,Kurunegala,0
656,2023-05-28,5773.9,Food,Pizza Hut,Card,Jaffna,0
657,2023-05-29,8216.98,Food,Pizza Hut,Card,Anuradhapura,0
658,2023-05-29,5165.01,Bills,Electricity,Online Transfer,Galle,0
659,2023-05-29,5245.8,Bills,Mobile,Mobile Wallet,Kandy,0
660,2023-05-29,4190.26,Bills,Mobile,Online Transfer,Anuradhapura,0
661,2023-05-29,4321.49,Bills,Internet,Cash,Jaffna,0
662,2023-05-29,5651.62,Bills,Water,Card,Colombo,0
663,2023-05-30,5393.29,Transport,PickMe,Card,Anuradhapura,0
664,2023-05-30,2677.22,Health,Medical Centre,Mobile Wallet,Anuradhapura,0
665,2023-05-30,4843.7,Bills,Internet,Cash,Kandy,0
666,2023-05-31,9186.12,Bills,Electricity,Online Transfer,Kurunegala,0
667,2023-05-31,3175.9,Shopping,Supermarket,Mobile Wallet,Anuradhapura,0
668,2023-05-31,4432.82,Bills,Water,Cash,Colombo,0
669,2023-05-31,8072.89,Bills,Water,Cash,Jaffna,0
670,2023-05-31,6637.39,Food,KFC,Card,Galle,0
671,2023-05-31,4179.4,Food,Pizza Hut,Cash,Colombo,0
672,2023-06-01,3190.64,Shopping,Electronics Store,Mobile Wallet,Kandy,0
673,2023-06-01,2678.1,Health,Medical Centre,Cash,Jaffna,0
674,2023-06-01,4343.81,Shopping,Fashion Store,Mobile Wallet,Colombo,0
675,2023-06-01,3504.48,Shopping,Electronics Store,Cash,Jaffna,0
676,2023-06-02,6868.59,Food,Keells,Card,Colombo,0
677,2023-06-02,4291.16,Bills,Mobile,Cash,Colombo,0
678,2023-06-02,7925.97,Food,Restaurant,Cash,Jaffna,0
679,2023-06-02,1798.35,Health,Pharmacy,Mobile Wallet,Jaffna,0
680,2023-06-02,2034.16,Education,Online Course,Card,Anuradhapura,0
681,2023-06-03,9404.53,Food,KFC,Card,Colombo,0
682,2023-06-03,2471.6,Entertainment,Cinema,Cash,Anuradhapura,0
683,2023-06-03,1499.32,Health,Hospital,Card,Colombo,0
684,2023-06-03,5253.09,Bills,Internet,Online Transfer,Anuradhapura,0
685,2023-06-04,4500.0,Bills,Internet,Online Transfer,Colombo,0
686,2023-06-04,8184.07,Shopping,Supermarket,Card,Kandy,0
687,2023-06-04,3062.8,Entertainment,Cinema,Card,Kandy,0
688,2023-06-05,7407.01,Food,Restaurant,Cash,Jaffna,0
689,2023-06-05,6545.5,Transport,Train,Card,Colombo,0
690,2023-06-05,7681.12,Bills,Internet,Online Transfer,Kandy,0
691,2023-06-05,4463.91,Shopping,Daraz,Card,Galle,0
692,2023-06-06,8524.16,Food,Restaurant,Mobile Wallet,Kurunegala,0
693,2023-06-06,5744.67,Bills,Mobile,Cash,Jaffna,0
694,2023-06-06,5447.48,Bills,Internet,Online Transfer,Kandy,0
695,2023-06-06,10123.44,Food,Restaurant,Online Transfer,Kandy,0
696,2023-06-06,2666.1,Education,Online Course,Card,Anuradhapura,0
697,2023-06-07,6102.97,Bills,Mobile,Mobile Wallet,Anuradhapura,0
698,2023-06-07,5642.45,Bills,Water,Online Transfer,Anuradhapura,0
699,2023-06-08,3597.29,Transport,Bus,Card,Anuradhapura,0
700,2023-06-08,5965.79,Transport,PickMe,Cash,Anuradhapura,0
701,2023-06-08,7222.62,Bills,Electricity,Cash,Jaffna,0
702,2023-06-08,3107.25,Education,University,Mobile Wallet,Kurunegala,0
703,2023-06-09,3104.9,Entertainment,Gaming,Online Transfer,Jaffna,0
704,2023-06-09,4731.16,Transport,Fuel Station,Cash,Kurunegala,0
705,2023-06-09,8348.31,Food,Keells,Card,Galle,0
706,2023-06-09,6261.64,Bills,Electricity,Cash,Anuradhapura,0
707,2023-06-09,2758.26,Health,Hospital,Card,Kurunegala,0
708,2023-06-09,2421.66,Health,Medical Centre,Card,Anuradhapura,0
709,2023-06-09,6451.19,Bills,Internet,Card,Anuradhapura,1
710,2023-06-10,11220.49,Food,Pizza Hut,Cash,Kurunegala,0
711,2023-06-10,5599.89,Shopping,Fashion Store,Mobile Wallet,Kurunegala,0
712,2023-06-10,1809.05,Entertainment,Cinema,Mobile Wallet,Kurunegala,0
713,2023-06-10,8330.94,Food,KFC,Cash,Galle,0
714,2023-06-11,3000.0,Entertainment,Netflix,Card,Colombo,0
715,2023-06-11,9071.17,Food,Cargills,Mobile Wallet,Galle,0
716,2023-06-11,8764.56,Bills,Mobile,Card,Kurunegala,0
717,2023-06-11,3360.37,Education,Online Course,Online Transfer,Kurunegala,0
718,2023-06-11,5549.55,Food,Restaurant,Online Transfer,Kurunegala,0
719,2023-06-11,5029.53,Bills,Electricity,Cash,Galle,0
720,2023-06-11,5108.6,Transport,PickMe,Cash,Kandy,0
721,2023-06-12,6534.64,Food,Cargills,Mobile Wallet,Galle,0
722,2023-06-12,1865.25,Entertainment,Cinema,Mobile Wallet,Jaffna,0
723,2023-06-12,2055.21,Health,Medical Centre,Card,Galle,0
724,2023-06-12,2315.15,Health,Pharmacy,Cash,Colombo,0
725,2023-06-12,1529.74,Health,Medical Centre,Online Transfer,Jaffna,0
726,2023-06-13,5614.91,Shopping,Supermarket,Mobile Wallet,Kurunegala,0
727,2023-06-14,3561.15,Entertainment,Netflix,Online Transfer,Kandy,0
728,2023-06-14,4739.04,Shopping,Electronics Store,Mobile Wallet,Galle,0
729,2023-06-15,12042.31,Food,KFC,Card,Colombo,0
730,2023-06-15,1772.15,Health,Hospital,Card,Galle,0
731,2023-06-15,2605.46,Shopping,Daraz,Online Transfer,Anuradhapura,0
732,2023-06-15,5383.75,Bills,Electricity,Card,Galle,0
733,2023-06-16,8852.39,Food,Restaurant,Cash,Galle,0
734,2023-06-16,1612.28,Health,Pharmacy,Mobile Wallet,Kurunegala,0
735,2023-06-16,9551.07,Bills,Electricity,Cash,Colombo,0
736,2023-06-16,9840.88,Food,Keells,Cash,Anuradhapura,0
737,2023-06-16,5389.22,Transport,Fuel Station,Card,Kurunegala,0
738,2023-06-16,3982.05,Transport,Uber,Cash,Galle,0
739,2023-06-16,5921.3,Bills,Internet,Card,Jaffna,0
740,2023-06-16,6543.07,Food,KFC,Cash,Kurunegala,0
741,2023-06-16,5141.48,Food,Pizza Hut,Online Transfer,Anuradhapura,1
742,2023-06-17,6821.42,Food,Pizza Hut,Mobile Wallet,Jaffna,0
743,2023-06-17,5658.14,Food,Restaurant,Cash,Kurunegala,0
744,2023-06-17,2829.24,Education,University,Card,Kandy,0
745,2023-06-17,2763.82,Entertainment,Cinema,Mobile Wallet,Kandy,0
746,2023-06-18,1721.57,Entertainment,Spotify,Mobile Wallet,Jaffna,0
747,2023-06-18,7943.78,Food,Cargills,Mobile Wallet,Kandy,0
748,2023-06-18,5695.63,Shopping,Daraz,Mobile Wallet,Anuradhapura,0
749,2023-06-18,2897.25,Education,Book Shop,Online Transfer,Colombo,1
750,2023-06-18,6977.21,Bills,Electricity,Online Transfer,Colombo,0
751,2023-06-18,3003.22,Health,Pharmacy,Cash,Kandy,0
752,2023-06-19,1922.65,Entertainment,Gaming,Cash,Kurunegala,0
753,2023-06-19,2791.48,Education,University,Mobile Wallet,Galle,0
754,2023-06-19,7760.78,Food,Pizza Hut,Card,Kandy,0
755,2023-06-19,8504.99,Food,KFC,Card,Kurunegala,0
756,2023-06-19,3125.8,Shopping,Electronics Store,Mobile Wallet,Galle,0
757,2023-06-19,2394.32,Entertainment,Spotify,Cash,Kurunegala,0
758,2023-06-20,5641.89,Bills,Water,Online Transfer,Jaffna,0
759,2023-06-20,8214.03,Food,Restaurant,Cash,Anuradhapura,0
760,2023-06-20,7535.18,Bills,Mobile,Mobile Wallet,Kurunegala,0
761,2023-06-21,6692.18,Bills,Water,Card,Anuradhapura,0
762,2023-06-21,3609.17,Shopping,Electronics Store,Card,Kandy,0
763,2023-06-21,3886.2,Food,Cargills,Cash,Galle,0
764,2023-06-21,3553.29,Bills,Water,Mobile Wallet,Jaffna,0
765,2023-06-22,2786.2,Education,University,Cash,Anuradhapura,0
766,2023-06-22,5097.31,Bills,Mobile,Online Transfer,Colombo,0
767,2023-06-22,6051.14,Food,Restaurant,Cash,Anuradhapura,0
768,2023-06-22,1534.17,Entertainment,Gaming,Online Transfer,Kandy,0
769,2023-06-22,3128.87,Health,Pharmacy,Card,Kurunegala,0
770,2023-06-22,6223.13,Bills,Internet,Online Transfer,Kurunegala,0
771,2023-06-23,7985.2,Food,KFC,Card,Kandy,0
772,2023-06-23,8615.01,Food,Keells,Cash,Kurunegala,0
773,2023-06-24,3532.02,Entertainment,Netflix,Online Transfer,Jaffna,0
774,2023-06-24,8604.54,Food,KFC,Cash,Jaffna,0
775,2023-06-24,4122.5,Transport,Train,Cash,Jaffna,0
776,2023-06-24,8822.0,Bills,Internet,Cash,Kandy,0
777,2023-06-25,6201.29,Shopping,Daraz,Online Transfer,Galle,0
778,2023-06-25,6857.93,Bills,Electricity,Mobile Wallet,Kurunegala,0
779,2023-06-25,6638.48,Food,KFC,Card,Anuradhapura,0
780,2023-06-25,3840.95,Education,Book Shop,Mobile Wallet,Jaffna,0
781,2023-06-26,6432.07,Food,Keells,Online Transfer,Jaffna,0
782,2023-06-26,6109.56,Bills,Water,Online Transfer,Kandy,0
783,2023-06-27,3660.04,Transport,PickMe,Cash,Anuradhapura,0
784,2023-06-27,5092.27,Transport,Bus,Online Transfer,Jaffna,0
785,2023-06-27,3718.36,Shopping,Daraz,Online Transfer,Kandy,0
786,2023-06-27,1886.28,Health,Pharmacy,Card,Jaffna,0
787,2023-06-27,1901.24,Education,Book Shop,Card,Jaffna,0
788,2023-06-28,2908.0,Education,Online Course,Online Transfer,Kandy,0
789,2023-06-28,3116.28,Transport,Fuel Station,Cash,Kurunegala,0
790,2023-06-28,4616.02,Transport,Uber,Card,Galle,0
791,2023-06-28,6790.77,Food,KFC,Cash,Kandy,0
792,2023-06-28,2198.86,Transport,Bus,Card,Kurunegala,0
793,2023-06-28,2742.26,Transport,Train,Online Transfer,Anuradhapura,0
794,2023-06-29,2276.49,Education,Book Shop,Online Transfer,Kandy,0
795,2023-06-29,10257.57,Food,Cargills,Cash,Kurunegala,0
796,2023-06-29,4234.49,Bills,Internet,Mobile Wallet,Jaffna,0
797,2023-06-29,6930.25,Bills,Electricity,Mobile Wallet,Colombo,0
798,2023-06-29,5777.43,Food,Restaurant,Card,Kurunegala,0
799,2023-06-29,3619.9,Shopping,Electronics Store,Cash,Colombo,0
800,2023-06-30,5739.69,Food,Keells,Cash,Kurunegala,0
801,2023-06-30,2876.66,Transport,PickMe,Cash,Kandy,0
802,2023-07-01,5768.16,Food,Restaurant,Cash,Jaffna,0
803,2023-07-01,6927.93,Food,Restaurant,Online Transfer,Jaffna,0
804,2023-07-01,8211.22,Food,Restaurant,Online Transfer,Kandy,0
805,2023-07-01,3336.22,Transport,Train,Online Transfer,Galle,0
806,2023-07-01,2434.82,Entertainment,Spotify,Online Transfer,Jaffna,0
807,2023-07-01,3095.91,Education,University,Online Transfer,Kurunegala,0
808,2023-07-01,7728.81,Food,Cargills,Online Transfer,Kandy,0
809,2023-07-02,2936.41,Transport,PickMe,Mobile Wallet,Kurunegala,0
810,2023-07-02,4500.0,Bills,Internet,Online Transfer,Colombo,0
811,2023-07-02,6434.88,Food,KFC,Card,Kurunegala,0
812,2023-07-03,4850.93,Transport,PickMe,Mobile Wallet,Galle,0
813,2023-07-03,6347.81,Food,Keells,Card,Galle,0
814,2023-07-03,6286.18,Shopping,Daraz,Mobile Wallet,Galle,0
815,2023-07-04,4702.44,Transport,Fuel Station,Online Transfer,Galle,0
816,2023-07-04,10614.15,Food,Cargills,Mobile Wallet,Jaffna,0
817,2023-07-04,6355.1,Transport,Bus,Card,Kandy,0
818,2023-07-04,6135.77,Bills,Mobile,Mobile Wallet,Colombo,0
819,2023-07-04,6942.75,Food,Cargills,Online Transfer,Galle,1
820,2023-07-04,6448.54,Food,Keells,Card,Kandy,1
821,2023-07-05,5843.58,Food,Cargills,Online Transfer,Jaffna,0
822,2023-07-06,1907.54,Education,Online Course,Mobile Wallet,Kandy,0
823,2023-07-06,10192.93,Food,Cargills,Cash,Colombo,0
824,2023-07-06,7049.38,Transport,Bus,Mobile Wallet,Colombo,0
825,2023-07-06,3656.11,Transport,Train,Cash,Jaffna,1
826,2023-07-07,5669.28,Bills,Internet,Mobile Wallet,Galle,0
827,2023-07-07,6094.59,Food,KFC,Mobile Wallet,Anuradhapura,0
828,2023-07-07,2187.31,Entertainment,Spotify,Online Transfer,Galle,1
829,2023-07-07,2859.19,Entertainment,Gaming,Online Transfer,Galle,0
830,2023-07-07,4587.86,Shopping,Daraz,Mobile Wallet,Anuradhapura,0
831,2023-07-07,2909.61,Education,University,Card,Kurunegala,0
832,2023-07-08,7804.0,Food,Cargills,Mobile Wallet,Colombo,0
833,2023-07-08,5751.5,Food,Keells,Card,Anuradhapura,0
834,2023-07-08,2424.37,Health,Hospital,Mobile Wallet,Jaffna,0
835,2023-07-08,8206.81,Food,Pizza Hut,Cash,Colombo,0
836,2023-07-08,4373.54,Bills,Internet,Mobile Wallet,Jaffna,0
837,2023-07-09,6355.31,Food,Pizza Hut,Mobile Wallet,Kurunegala,0
838,2023-07-09,7616.09,Bills,Electricity,Mobile Wallet,Anuradhapura,0
839,2023-07-09,8663.69,Food,Cargills,Mobile Wallet,Galle,0
840,2023-07-09,6039.43,Food,Cargills,Mobile Wallet,Anuradhapura,0
841,2023-07-09,3000.0,Entertainment,Netflix,Card,Colombo,0
842,2023-07-09,10086.91,Food,Pizza Hut,Card,Galle,1
843,2023-07-09,6309.29,Bills,Internet,Cash,Kandy,0
844,2023-07-10,4235.91,Shopping,Supermarket,Mobile Wallet,Colombo,0
845,2023-07-10,2999.7,Transport,Train,Cash,Kandy,0
846,2023-07-10,4823.3,Bills,Internet,Cash,Anuradhapura,0
847,2023-07-10,5740.6,Transport,Bus,Cash,Kandy,0
848,2023-07-10,1773.81,Health,Pharmacy,Online Transfer,Colombo,0
849,2023-07-10,2491.54,Entertainment,Cinema,Cash,Kandy,0
850,2023-07-11,7094.31,Bills,Internet,Card,Anuradhapura,0
851,2023-07-11,1370.11,Entertainment,Netflix,Card,Kandy,0
852,2023-07-11,2871.28,Shopping,Supermarket,Mobile Wallet,Anuradhapura,0
853,2023-07-13,4460.03,Food,Keells,Card,Colombo,0
854,2023-07-13,5257.85,Bills,Water,Mobile Wallet,Jaffna,0
855,2023-07-13,6599.71,Bills,Mobile,Online Transfer,Anuradhapura,0
856,2023-07-13,5240.85,Bills,Internet,Mobile Wallet,Kandy,0
857,2023-07-14,4327.78,Transport,Bus,Card,Kurunegala,0
858,2023-07-14,6061.83,Bills,Electricity,Online Transfer,Jaffna,1
859,2023-07-14,8841.54,Food,Pizza Hut,Online Transfer,Anuradhapura,0
860,2023-07-14,3624.87,Shopping,Supermarket,Cash,Colombo,0
861,2023-07-15,9354.76,Food,Restaurant,Online Transfer,Galle,0
862,2023-07-15,3665.63,Shopping,Electronics Store,Online Transfer,Jaffna,0
863,2023-07-15,3504.61,Food,KFC,Cash,Jaffna,0
864,2023-07-15,6225.41,Food,Cargills,Mobile Wallet,Jaffna,1
865,2023-07-15,8082.68,Food,Pizza Hut,Cash,Kurunegala,0
866,2023-07-16,3200.36,Bills,Mobile,Card,Anuradhapura,0
867,2023-07-16,6976.54,Bills,Electricity,Online Transfer,Colombo,0
868,2023-07-16,4444.92,Education,Book Shop,Cash,Anuradhapura,0
869,2023-07-16,2870.21,Shopping,Daraz,Card,Kandy,0
870,2023-07-17,3710.47,Transport,Uber,Online Transfer,Colombo,0
871,2023-07-17,2192.62,Health,Pharmacy,Mobile Wallet,Kandy,0
872,2023-07-18,1830.89,Entertainment,Cinema,Mobile Wallet,Anuradhapura,0
873,2023-07-18,7675.85,Food,Pizza Hut,Card,Jaffna,0
874,2023-07-18,1183.7,Education,Online Course,Mobile Wallet,Jaffna,0
875,2023-07-18,5593.93,Food,Keells,Card,Kurunegala,0
876,2023-07-18,5982.37,Food,Cargills,Card,Galle,0
877,2023-07-19,3628.67,Shopping,Daraz,Cash,Galle,0
878,2023-07-19,3597.61,Shopping,Supermarket,Online Transfer,Jaffna,0
879,2023-07-19,5372.73,Bills,Electricity,Online Transfer,Anuradhapura,0
880,2023-07-20,5395.46,Food,Pizza Hut,Mobile Wallet,Kurunegala,0
881,2023-07-20,6318.14,Bills,Mobile,Online Transfer,Anuradhapura,0
882,2023-07-20,6479.83,Food,Pizza Hut,Online Transfer,Galle,0
883,2023-07-20,1323.68,Entertainment,Cinema,Cash,Galle,0
884,2023-07-20,6267.36,Bills,Mobile,Cash,Colombo,0
885,2023-07-20,7550.04,Food,Pizza Hut,Online Transfer,Anuradhapura,0
886,2023-07-20,2343.09,Entertainment,Spotify,Online Transfer,Colombo,0
887,2023-07-20,5594.78,Food,KFC,Cash,Anuradhapura,0
888,2023-07-20,3735.31,Transport,Uber,Card,Galle,0
889,2023-07-21,5325.33,Bills,Electricity,Online Transfer,Colombo,0
890,2023-07-21,4078.31,Shopping,Electronics Store,Cash,Kandy,0
891,2023-07-21,5865.06,Bills,Internet,Card,Colombo,0
892,2023-07-21,10259.29,Food,Cargills,Card,Kurunegala,0
893,2023-07-21,5484.73,Food,Keells,Cash,Kandy,0
894,2023-07-21,3487.15,Shopping,Supermarket,Card,Kurunegala,0
895,2023-07-21,5632.69,Food,Cargills,Mobile Wallet,Kandy,0
896,2023-07-21,3733.61,Transport,Fuel Station,Cash,Colombo,0
897,2023-07-22,7675.28,Bills,Electricity,Mobile Wallet,Anuradhapura,0
898,2023-07-23,4474.85,Bills,Internet,Online Transfer,Galle,0
899,2023-07-23,4700.42,Shopping,Daraz,Mobile Wallet,Anuradhapura,0
900,2023-07-24,2380.87,Entertainment,Cinema,Cash,Anuradhapura,0
901,2023-07-24,6799.42,Food,Restaurant,Online Transfer,Colombo,0
902,2023-07-24,6045.65,Bills,Electricity,Mobile Wallet,Kurunegala,0
903,2023-07-24,7475.13,Food,Pizza Hut,Online Transfer,Kurunegala,0
904,2023-07-25,4684.86,Shopping,Fashion Store,Card,Kandy,0
905,2023-07-25,4150.83,Education,Online Course,Mobile Wallet,Jaffna,0
906,2023-07-26,3110.13,Shopping,Daraz,Cash,Kandy,0
907,2023-07-26,6432.04,Bills,Internet,Online Transfer,Kandy,0
908,2023-07-26,6788.35,Food,Cargills,Cash,Anuradhapura,0
909,2023-07-26,3427.56,Transport,PickMe,Online Transfer,Kandy,0
910,2023-07-26,3191.34,Transport,Fuel Station,Cash,Colombo,0
911,2023-07-27,4599.26,Transport,Uber,Card,Anuradhapura,0
912,2023-07-27,10326.05,Food,Cargills,Card,Galle,0
913,2023-07-27,2360.82,Education,Online Course,Card,Jaffna,0
914,2023-07-27,5031.94,Education,Book Shop,Online Transfer,Kandy,0
915,2023-07-27,3180.58,Transport,PickMe,Online Transfer,Kandy,0
916,2023-07-27,2265.87,Health,Pharmacy,Card,Kandy,0
917,2023-07-27,7283.42,Food,Cargills,Online Transfer,Colombo,0
918,2023-07-28,4493.39,Transport,Train,Card,Jaffna,0
919,2023-07-28,2912.04,Entertainment,Spotify,Card,Colombo,0
920,2023-07-28,5568.77,Shopping,Daraz,Online Transfer,Jaffna,0
921,2023-07-28,5456.45,Transport,Bus,Card,Jaffna,0
922,2023-07-29,5812.68,Transport,Fuel Station,Cash,Colombo,0
923,2023-07-29,4641.24,Shopping,Supermarket,Mobile Wallet,Kurunegala,0
924,2023-07-29,5556.09,Transport,PickMe,Online Transfer,Jaffna,0
925,2023-07-29,4261.86,Transport,PickMe,Cash,Anuradhapura,0
926,2023-07-29,12021.67,Food,Cargills,Card,Anuradhapura,0
927,2023-07-30,4021.16,Shopping,Fashion Store,Mobile Wallet,Anuradhapura,0
928,2023-07-30,4530.26,Bills,Water,Card,Jaffna,0
929,2023-07-30,8125.55,Food,Pizza Hut,Cash,Galle,0
930,2023-07-30,7445.23,Shopping,Electronics Store,Card,Kandy,0
931,2023-07-30,2997.17,Bills,Mobile,Mobile Wallet,Jaffna,0
932,2023-07-31,5792.15,Shopping,Electronics Store,Mobile Wallet,Colombo,0
933,2023-07-31,3088.56,Education,University,Card,Kandy,0
934,2023-07-31,5974.47,Food,Cargills,Cash,Kurunegala,0
935,2023-08-01,6596.77,Bills,Electricity,Mobile Wallet,Kandy,0
936,2023-08-01,4520.8,Food,Restaurant,Cash,Anuradhapura,0
937,2023-08-02,4654.95,Food,KFC,Cash,Kurunegala,0
938,2023-08-02,3034.45,Shopping,Daraz,Card,Jaffna,0
939,2023-08-02,1465.03,Entertainment,Gaming,Mobile Wallet,Jaffna,0
940,2023-08-02,6505.17,Food,Restaurant,Cash,Kandy,0
941,2023-08-02,6015.33,Food,Restaurant,Mobile Wallet,Anuradhapura,0
942,2023-08-02,1334.87,Health,Hospital,Card,Kandy,0
943,2023-08-02,5483.83,Transport,Uber,Mobile Wallet,Jaffna,0
944,2023-08-02,2955.91,Transport,Fuel Station,Online Transfer,Jaffna,0
945,2023-08-03,4993.04,Bills,Mobile,Online Transfer,Jaffna,0
946,2023-08-03,5234.36,Shopping,Electronics Store,Online Transfer,Kandy,0
947,2023-08-03,1950.78,Entertainment,Spotify,Card,Kandy,0
948,2023-08-03,4294.58,Food,Keells,Card,Kurunegala,0
949,2023-08-04,3313.94,Transport,Uber,Cash,Colombo,0
950,2023-08-04,7815.14,Bills,Water,Mobile Wallet,Kurunegala,0
951,2023-08-04,2139.69,Entertainment,Netflix,Cash,Jaffna,0
952,2023-08-04,5020.45,Transport,Train,Card,Colombo,0
953,2023-08-04,1210.36,Entertainment,Spotify,Mobile Wallet,Colombo,0
954,2023-08-04,11379.48,Food,Keells,Mobile Wallet,Galle,0
955,2023-08-05,5404.83,Transport,Uber,Online Transfer,Kurunegala,0
956,2023-08-05,1649.81,Health,Pharmacy,Card,Kandy,0
957,2023-08-05,5367.06,Transport,Bus,Online Transfer,Anuradhapura,0
958,2023-08-06,5531.2,Bills,Water,Card,Anuradhapura,0
959,2023-08-06,1595.23,Entertainment,Spotify,Card,Galle,0
960,2023-08-06,7349.11,Food,Keells,Cash,Jaffna,0
961,2023-08-06,4275.47,Transport,Train,Cash,Galle,0
962,2023-08-06,2990.29,Transport,Fuel Station,Mobile Wallet,Anuradhapura,0
963,2023-08-06,3810.91,Shopping,Daraz,Online Transfer,Colombo,0
964,2023-08-06,3006.24,Transport,Fuel Station,Cash,Kandy,0
965,2023-08-06,4500.0,Bills,Internet,Online Transfer,Colombo,0
966,2023-08-06,6551.23,Food,Pizza Hut,Cash,Anuradhapura,0
967,2023-08-07,1775.31,Health,Medical Centre,Online Transfer,Kandy,0
968,2023-08-07,1693.58,Education,Book Shop,Online Transfer,Jaffna,0
969,2023-08-07,4486.21,Shopping,Electronics Store,Card,Kurunegala,0
970,2023-08-08,2171.31,Entertainment,Spotify,Online Transfer,Kandy,0
971,2023-08-08,4894.68,Food,Restaurant,Card,Colombo,0
972,2023-08-08,6250.24,Food,Restaurant,Online Transfer,Jaffna,0
973,2023-08-08,5766.45,Food,KFC,Mobile Wallet,Anuradhapura,0
974,2023-08-08,2048.34,Health,Medical Centre,Online Transfer,Kandy,0
975,2023-08-08,6649.44,Bills,Water,Card,Galle,0
976,2023-08-08,1277.09,Entertainment,Cinema,Cash,Kandy,0
977,2023-08-09,3968.52,Food,Restaurant,Cash,Colombo,0
978,2023-08-09,2427.09,Education,University,Cash,Jaffna,0
979,2023-08-09,4945.46,Bills,Water,Mobile Wallet,Kurunegala,0
980,2023-08-09,2286.31,Entertainment,Gaming,Mobile Wallet,Kandy,0
981,2023-08-09,5587.22,Food,Keells,Mobile Wallet,Kandy,0
982,2023-08-09,2343.57,Health,Hospital,Cash,Kurunegala,0
983,2023-08-09,5012.24,Transport,Train,Card,Anuradhapura,0
984,2023-08-10,4068.02,Bills,Internet,Online Transfer,Kandy,0
985,2023-08-10,2322.34,Transport,Train,Online Transfer,Colombo,0
986,2023-08-10,3185.04,Shopping,Supermarket,Online Transfer,Kandy,0
987,2023-08-10,5485.93,Bills,Internet,Mobile Wallet,Kurunegala,0
988,2023-08-10,6097.92,Food,Restaurant,Cash,Kandy,0
989,2023-08-11,4461.1,Transport,Fuel Station,Cash,Kandy,0
990,2023-08-11,1255.81,Health,Hospital,Mobile Wallet,Colombo,0
991,2023-08-11,4407.59,Bills,Internet,Online Transfer,Colombo,0
992,2023-08-12,2632.37,Education,Online Course,Card,Kandy,0
993,2023-08-12,4394.22,Transport,Fuel Station,Card,Kurunegala,0
994,2023-08-12,1759.43,Health,Medical Centre,Mobile Wallet,Jaffna,0
995,2023-08-12,4992.72,Food,KFC,Online Transfer,Anuradhapura,0
996,2023-08-13,3000.0,Entertainment,Netflix,Card,Colombo,0
997,2023-08-13,4440.54,Shopping,Electronics Store,Cash,Galle,0
998,2023-08-13,6284.32,Bills,Electricity,Card,Kandy,0
999,2023-08-13,5201.79,Food,Cargills,Mobile Wallet,Anuradhapura,0
1000,2023-08-14,1613.1,Entertainment,Spotify,Online Transfer,Galle,0
1001,2023-08-14,4970.53,Food,Pizza Hut,Mobile Wallet,Colombo,0
1002,2023-08-14,3981.25,Shopping,Daraz,Card,Anuradhapura,0
1003,2023-08-14,1839.2,Entertainment,Netflix,Mobile Wallet,Anuradhapura,0
1004,2023-08-15,3821.71,Bills,Electricity,Online Transfer,Kurunegala,0
1005,2023-08-15,1813.86,Entertainment,Spotify,Card,Anuradhapura,0
1006,2023-08-15,2016.41,Entertainment,Netflix,Mobile Wallet,Kandy,0
1007,2023-08-15,3179.25,Education,Book Shop,Cash,Kurunegala,0
1008,2023-08-15,2101.4,Entertainment,Netflix,Online Transfer,Colombo,0
1009,2023-08-16,11788.48,Food,KFC,Mobile Wallet,Kandy,0
1010,2023-08-16,5560.02,Transport,PickMe,Cash,Anuradhapura,0
1011,2023-08-16,3923.23,Transport,Bus,Mobile Wallet,Jaffna,0
1012,2023-08-16,9277.9,Bills,Internet,Mobile Wallet,Kurunegala,0
1013,2023-08-16,3009.13,Education,Book Shop,Online Transfer,Colombo,0
1014,2023-08-17,3885.86,Transport,PickMe,Cash,Anuradhapura,0
1015,2023-08-17,5548.75,Food,Pizza Hut,Mobile Wallet,Jaffna,0
1016,2023-08-17,6303.22,Shopping,Electronics Store,Card,Kurunegala,0
1017,2023-08-18,5179.12,Shopping,Fashion Store,Mobile Wallet,Kandy,0
1018,2023-08-18,2345.53,Entertainment,Cinema,Mobile Wallet,Anuradhapura,0
1019,2023-08-18,6787.48,Bills,Mobile,Cash,Kurunegala,0
1020,2023-08-18,4120.12,Transport,Fuel Station,Online Transfer,Jaffna,0
1021,2023-08-18,6858.2,Food,Restaurant,Mobile Wallet,Anuradhapura,0
1022,2023-08-19,1664.71,Health,Medical Centre,Cash,Kandy,0
1023,2023-08-19,4952.72,Bills,Mobile,Online Transfer,Jaffna,0
1024,2023-08-19,3823.84,Transport,Uber,Card,Colombo,0
1025,2023-08-19,3696.55,Transport,Train,Mobile Wallet,Jaffna,0
1026,2023-08-19,3688.17,Shopping,Fashion Store,Online Transfer,Galle,0
1027,2023-08-19,11170.05,Bills,Mobile,Mobile Wallet,Kurunegala,0
1028,2023-08-20,6247.58,Food,Keells,Cash,Jaffna,0
1029,2023-08-20,7819.56,Bills,Electricity,Online Transfer,Colombo,0
1030,2023-08-20,7013.81,Food,Pizza Hut,Online Transfer,Kandy,0
1031,2023-08-20,2046.43,Entertainment,Spotify,Cash,Anuradhapura,0
1032,2023-08-20,1721.98,Education,University,Card,Jaffna,0
1033,2023-08-20,1268.48,Health,Hospital,Mobile Wallet,Jaffna,0
1034,2023-08-20,8349.62,Food,KFC,Cash,Jaffna,0
1035,2023-08-20,4831.68,Transport,Fuel Station,Online Transfer,Kandy,0
1036,2023-08-20,3202.62,Transport,Fuel Station,Cash,Jaffna,0
1037,2023-08-21,2642.48,Shopping,Daraz,Online Transfer,Galle,0
1038,2023-08-21,4682.06,Food,Restaurant,Cash,Galle,0
1039,2023-08-21,2407.01,Education,University,Card,Jaffna,0
1040,2023-08-22,4825.49,Food,KFC,Online Transfer,Colombo,0
1041,2023-08-22,3607.15,Bills,Water,Cash,Colombo,0
1042,2023-08-22,5592.74,Bills,Electricity,Online Transfer,Colombo,0
1043,2023-08-22,4527.88,Food,Pizza Hut,Cash,Anuradhapura,0
1044,2023-08-22,2833.53,Shopping,Electronics Store,Online Transfer,Galle,0
1045,2023-08-23,3965.73,Shopping,Fashion Store,Mobile Wallet,Kandy,0
1046,2023-08-23,1791.14,Entertainment,Spotify,Card,Kurunegala,0
1047,2023-08-23,3448.01,Food,Pizza Hut,Mobile Wallet,Galle,1
1048,2023-08-23,3926.12,Shopping,Supermarket,Mobile Wallet,Galle,0
1049,2023-08-23,6171.89,Bills,Internet,Card,Kurunegala,0
1050,2023-08-23,3077.49,Bills,Mobile,Card,Anuradhapura,0
1051,2023-08-24,6897.99,Bills,Electricity,Cash,Kurunegala,0
1052,2023-08-24,5162.65,Food,KFC,Online Transfer,Colombo,0
1053,2023-08-24,3343.78,Bills,Water,Card,Anuradhapura,0
1054,2023-08-24,1726.16,Entertainment,Spotify,Cash,Anuradhapura,0
1055,2023-08-25,3915.67,Transport,Uber,Online Transfer,Kurunegala,0
1056,2023-08-25,3699.23,Shopping,Fashion Store,Card,Kurunegala,0
1057,2023-08-25,4416.21,Bills,Water,Cash,Anuradhapura,0
1058,2023-08-26,3684.01,Education,Online Course,Online Transfer,Kandy,0
1059,2023-08-26,5445.58,Bills,Mobile,Online Transfer,Galle,0
1060,2023-08-26,3709.46,Shopping,Fashion Store,Online Transfer,Anuradhapura,0
1061,2023-08-26,4038.53,Shopping,Fashion Store,Mobile Wallet,Anuradhapura,0
1062,2023-08-26,3083.65,Transport,PickMe,Online Transfer,Anuradhapura,1
1063,2023-08-26,2120.14,Education,University,Cash,Galle,0
1064,2023-08-27,3810.29,Bills,Mobile,Card,Kurunegala,0
1065,2023-08-27,7959.36,Food,Keells,Online Transfer,Kandy,0
1066,2023-08-27,7551.85,Food,Cargills,Cash,Anuradhapura,0
1067,2023-08-27,4953.46,Bills,Water,Cash,Galle,0
1068,2023-08-28,7604.47,Bills,Internet,Card,Jaffna,0
1069,2023-08-28,3124.28,Education,Online Course,Mobile Wallet,Colombo,0
1070,2023-08-28,4773.4,Food,Pizza Hut,Cash,Jaffna,0
1071,2023-08-28,10791.94,Bills,Electricity,Mobile Wallet,Anuradhapura,0
1072,2023-08-29,2191.47,Health,Pharmacy,Mobile Wallet,Galle,1
1073,2023-08-29,2791.89,Education,University,Online Transfer,Jaffna,0
1074,2023-08-29,5757.25,Transport,PickMe,Mobile Wallet,Colombo,0
1075,2023-08-30,6340.64,Bills,Electricity,Mobile Wallet,Anuradhapura,0
1076,2023-08-31,7025.47,Food,Keells,Card,Colombo,0
1077,2023-08-31,3726.4,Education,University,Card,Galle,0
1078,2023-08-31,4508.33,Entertainment,Spotify,Cash,Kandy,0
1079,2023-08-31,1516.4,Health,Pharmacy,Card,Colombo,0
1080,2023-08-31,3430.88,Education,Book Shop,Card,Anuradhapura,0
1081,2023-09-01,6461.2,Bills,Mobile,Card,Colombo,0
1082,2023-09-01,6206.6,Food,Restaurant,Mobile Wallet,Anuradhapura,0
1083,2023-09-01,5817.38,Bills,Internet,Mobile Wallet,Kurunegala,0
1084,2023-09-01,8334.8,Food,Pizza Hut,Cash,Anuradhapura,0
1085,2023-09-01,10230.62,Food,Keells,Online Transfer,Kurunegala,1
1086,2023-09-02,8990.93,Food,Keells,Cash,Jaffna,0
1087,2023-09-02,4887.73,Shopping,Electronics Store,Online Transfer,Colombo,0
1088,2023-09-02,3895.45,Education,Online Course,Cash,Colombo,0
1089,2023-09-02,2331.62,Health,Pharmacy,Cash,Kurunegala,0
1090,2023-09-03,3693.7,Education,Online Course,Cash,Jaffna,0
1091,2023-09-03,2808.84,Health,Hospital,Mobile Wallet,Colombo,0
1092,2023-09-03,4834.26,Bills,Mobile,Mobile Wallet,Kandy,0
1093,2023-09-03,2767.6,Education,University,Online Transfer,Kurunegala,0
1094,2023-09-03,4894.88,Shopping,Daraz,Card,Anuradhapura,0
1095,2023-09-03,4500.0,Bills,Internet,Online Transfer,Colombo,0
1096,2023-09-04,3000.92,Health,Pharmacy,Mobile Wallet,Kandy,0
1097,2023-09-04,7523.84,Food,Pizza Hut,Card,Jaffna,0
1098,2023-09-04,2600.4,Education,University,Card,Colombo,0
1099,2023-09-04,5222.42,Transport,Bus,Card,Anuradhapura,0
1100,2023-09-04,5194.68,Transport,Bus,Online Transfer,Galle,0
1101,2023-09-04,4463.28,Shopping,Fashion Store,Cash,Jaffna,0
1102,2023-09-04,5611.87,Bills,Internet,Card,Anuradhapura,0
1103,2023-09-05,5986.46,Food,Cargills,Cash,Colombo,0
1104,2023-09-05,4381.92,Shopping,Fashion Store,Mobile Wallet,Kurunegala,0
1105,2023-09-05,6820.04,Bills,Water,Cash,Galle,0
1106,2023-09-05,4554.41,Transport,Uber,Online Transfer,Kandy,0
1107,2023-09-06,5801.15,Food,Pizza Hut,Mobile Wallet,Kandy,0
1108,2023-09-06,5821.27,Shopping,Fashion Store,Online Transfer,Colombo,0
1109,2023-09-06,4616.45,Shopping,Daraz,Mobile Wallet,Jaffna,0
1110,2023-09-06,2462.93,Health,Pharmacy,Online Transfer,Anuradhapura,0
1111,2023-09-06,4607.43,Shopping,Supermarket,Cash,Anuradhapura,0
1112,2023-09-07,5959.47,Shopping,Supermarket,Mobile Wallet,Kandy,0
1113,2023-09-07,6099.68,Bills,Water,Card,Colombo,0
1114,2023-09-07,4335.19,Shopping,Electronics Store,Card,Kurunegala,0
1115,2023-09-07,4620.33,Food,Keells,Mobile Wallet,Kandy,0
1116,2023-09-07,5454.14,Food,Keells,Online Transfer,Kandy,0
1117,2023-09-08,6267.63,Food,Keells,Cash,Anuradhapura,0
1118,2023-09-09,5600.7,Shopping,Fashion Store,Card,Galle,0
1119,2023-09-09,2090.17,Entertainment,Gaming,Cash,Colombo,0
1120,2023-09-09,7826.81,Food,Cargills,Mobile Wallet,Jaffna,0
1121,2023-09-10,5767.49,Food,KFC,Card,Jaffna,0
1122,2023-09-10,4037.21,Shopping,Fashion Store,Cash,Galle,0
1123,2023-09-10,6387.02,Food,Restaurant,Card,Kurunegala,0
1124,2023-09-10,3000.0,Entertainment,Netflix,Card,Colombo,0
1125,2023-09-10,8274.0,Food,Pizza Hut,Card,Anuradhapura,0
1126,2023-09-11,3880.67,Shopping,Supermarket,Cash,Colombo,0
1127,2023-09-11,2529.73,Transport,Uber,Cash,Anuradhapura,0
1128,2023-09-11,2657.47,Transport,Bus,Online Transfer,Jaffna,0
1129,2023-09-11,5894.8,Food,Restaurant,Cash,Galle,0
1130,2023-09-11,2408.3,Shopping,Fashion Store,Card,Kandy,0
1131,2023-09-12,2160.08,Transport,Uber,Online Transfer,Jaffna,0
1132,2023-09-12,2983.17,Food,KFC,Cash,Kandy,0
1133,2023-09-12,4571.24,Transport,Fuel Station,Online Transfer,Galle,0
1134,2023-09-12,5126.5,Food,Keells,Card,Jaffna,0
1135,2023-09-12,4284.32,Bills,Internet,Online Transfer,Kurunegala,0
1136,2023-09-12,6560.09,Bills,Electricity,Cash,Galle,0
1137,2023-09-13,4097.72,Shopping,Fashion Store,Mobile Wallet,Galle,0
1138,2023-09-13,3942.29,Bills,Internet,Cash,Anuradhapura,0
1139,2023-09-13,2364.49,Bills,Internet,Card,Kurunegala,0
1140,2023-09-13,3517.7,Transport,Train,Cash,Jaffna,0
1141,2023-09-13,3492.22,Transport,Fuel Station,Cash,Anuradhapura,0
1142,2023-09-13,5237.53,Food,Cargills,Online Transfer,Colombo,0
1143,2023-09-13,4281.15,Transport,Uber,Card,Anuradhapura,0
1144,2023-09-14,5729.98,Bills,Mobile,Mobile Wallet,Galle,0
1145,2023-09-14,3902.98,Food,Cargills,Mobile Wallet,Galle,0
1146,2023-09-15,2907.49,Transport,PickMe,Card,Jaffna,0
1147,2023-09-15,4890.72,Food,Restaurant,Online Transfer,Anuradhapura,0
1148,2023-09-15,3528.19,Shopping,Fashion Store,Mobile Wallet,Galle,0
1149,2023-09-15,3391.94,Shopping,Daraz,Online Transfer,Kandy,0
1150,2023-09-15,4153.92,Bills,Internet,Mobile Wallet,Kurunegala,0
1151,2023-09-15,2434.39,Entertainment,Cinema,Mobile Wallet,Kurunegala,0
1152,2023-09-16,1346.85,Entertainment,Cinema,Card,Galle,0
1153,2023-09-16,3646.53,Shopping,Supermarket,Card,Colombo,0
1154,2023-09-16,6805.03,Food,Cargills,Online Transfer,Jaffna,0
1155,2023-09-16,7051.57,Food,Pizza Hut,Cash,Kurunegala,0
1156,2023-09-17,5100.71,Bills,Electricity,Cash,Jaffna,0
1157,2023-09-17,6090.98,Bills,Electricity,Card,Kandy,0
1158,2023-09-17,4883.92,Shopping,Daraz,Card,Colombo,0
1159,2023-09-17,2757.52,Education,Book Shop,Online Transfer,Anuradhapura,0
1160,2023-09-17,3895.11,Shopping,Fashion Store,Card,Colombo,0
1161,2023-09-17,9995.7,Bills,Water,Cash,Colombo,0
1162,2023-09-17,6920.74,Bills,Electricity,Online Transfer,Colombo,0
1163,2023-09-17,7909.95,Food,Keells,Card,Kurunegala,0
1164,2023-09-18,2404.33,Education,Book Shop,Card,Kandy,0
1165,2023-09-18,5007.95,Bills,Electricity,Cash,Kandy,0
1166,2023-09-18,7845.84,Food,Keells,Mobile Wallet,Anuradhapura,0
1167,2023-09-18,1622.02,Health,Medical Centre,Card,Galle,0
1168,2023-09-18,2123.84,Entertainment,Cinema,Mobile Wallet,Anuradhapura,0
1169,2023-09-18,5916.37,Food,Keells,Online Transfer,Galle,0
1170,2023-09-18,3532.69,Entertainment,Cinema,Online Transfer,Anuradhapura,0
1171,2023-09-19,5810.11,Shopping,Supermarket,Card,Jaffna,0
1172,2023-09-19,6628.17,Bills,Internet,Cash,Kurunegala,0
1173,2023-09-19,5441.97,Shopping,Daraz,Online Transfer,Galle,0
1174,2023-09-19,8082.0,Bills,Electricity,Online Transfer,Kandy,0
1175,2023-09-19,5358.11,Bills,Mobile,Card,Jaffna,0
1176,2023-09-19,7195.76,Shopping,Electronics Store,Mobile Wallet,Galle,0
1177,2023-09-20,2803.24,Shopping,Supermarket,Mobile Wallet,Anuradhapura,0
1178,2023-09-20,3970.42,Bills,Electricity,Online Transfer,Kurunegala,0
1179,2023-09-21,2893.31,Health,Medical Centre,Online Transfer,Kandy,0
1180,2023-09-21,5789.12,Bills,Electricity,Mobile Wallet,Colombo,0
1181,2023-09-22,4291.46,Education,Book Shop,Cash,Colombo,0
1182,2023-09-22,3363.44,Transport,Bus,Cash,Anuradhapura,0
1183,2023-09-23,4785.02,Bills,Internet,Mobile Wallet,Kurunegala,0
1184,2023-09-23,5455.64,Shopping,Fashion Store,Cash,Jaffna,0
1185,2023-09-23,2139.43,Entertainment,Spotify,Cash,Kandy,0
1186,2023-09-24,4771.81,Education,Online Course,Mobile Wallet,Galle,0
1187,2023-09-24,6260.29,Transport,Bus,Online Transfer,Jaffna,0
1188,2023-09-24,11505.77,Food,Keells,Mobile Wallet,Anuradhapura,0
1189,2023-09-24,7742.04,Food,Restaurant,Card,Jaffna,0
1190,2023-09-25,11404.76,Food,Pizza Hut,Cash,Galle,0
1191,2023-09-25,8569.26,Food,Pizza Hut,Online Transfer,Kandy,0
1192,2023-09-25,2650.46,Education,Online Course,Mobile Wallet,Jaffna,0
1193,2023-09-25,3117.3,Education,Book Shop,Online Transfer,Kandy,0
1194,2023-09-26,3636.13,Entertainment,Gaming,Card,Kurunegala,0
1195,2023-09-27,5754.95,Transport,Bus,Online Transfer,Kurunegala,0
1196,2023-09-27,4315.54,Transport,Uber,Card,Colombo,0
1197,2023-09-28,5680.7,Shopping,Electronics Store,Mobile Wallet,Kurunegala,0
1198,2023-09-28,7766.67,Bills,Internet,Mobile Wallet,Galle,0
1199,2023-09-28,5420.84,Transport,PickMe,Cash,Anuradhapura,0
1200,2023-09-28,4760.7,Transport,Bus,Cash,Kandy,0
1201,2023-09-29,7377.5,Transport,Train,Cash,Anuradhapura,0
1202,2023-09-29,3552.49,Shopping,Daraz,Cash,Kandy,0
1203,2023-09-29,6991.74,Food,Pizza Hut,Cash,Jaffna,0
1204,2023-09-29,5202.07,Bills,Internet,Cash,Colombo,0
1205,2023-09-29,3296.99,Health,Hospital,Online Transfer,Anuradhapura,0
1206,2023-09-30,9405.68,Transport,Bus,Cash,Colombo,0
1207,2023-09-30,3277.02,Health,Hospital,Online Transfer,Kandy,0
1208,2023-09-30,10695.92,Bills,Mobile,Mobile Wallet,Kandy,0
1209,2023-09-30,6552.2,Shopping,Electronics Store,Card,Colombo,0
1210,2023-09-30,6262.86,Transport,Train,Cash,Colombo,0
1211,2023-10-01,4500.0,Bills,Internet,Online Transfer,Colombo,0
1212,2023-10-01,8307.65,Shopping,Fashion Store,Card,Kandy,0
1213,2023-10-01,4028.21,Transport,PickMe,Cash,Kandy,0
1214,2023-10-01,3960.43,Entertainment,Netflix,Online Transfer,Galle,0
1215,2023-10-01,3039.02,Transport,Bus,Online Transfer,Galle,0
1216,2023-10-02,8282.94,Food,KFC,Mobile Wallet,Jaffna,0
1217,2023-10-02,7254.89,Food,Keells,Online Transfer,Colombo,0
1218,2023-10-03,1653.38,Health,Medical Centre,Cash,Anuradhapura,0
1219,2023-10-03,6269.74,Transport,Uber,Online Transfer,Anuradhapura,0
1220,2023-10-03,4323.18,Transport,Train,Mobile Wallet,Kandy,0
1221,2023-10-04,2466.68,Entertainment,Spotify,Cash,Kandy,0
1222,2023-10-04,6515.28,Food,Cargills,Card,Kandy,0
1223,2023-10-04,7239.6,Bills,Internet,Card,Jaffna,0
1224,2023-10-04,8279.98,Food,Restaurant,Cash,Galle,0
1225,2023-10-04,4412.24,Transport,Uber,Mobile Wallet,Anuradhapura,0
1226,2023-10-04,5641.21,Transport,Fuel Station,Cash,Jaffna,0
1227,2023-10-05,4655.47,Bills,Electricity,Cash,Galle,0
1228,2023-10-05,6168.97,Shopping,Electronics Store,Card,Colombo,0
1229,2023-10-05,2567.19,Entertainment,Spotify,Mobile Wallet,Kandy,0
1230,2023-10-05,5083.94,Shopping,Electronics Store,Cash,Kurunegala,0
1231,2023-10-06,9507.75,Food,Cargills,Online Transfer,Jaffna,0
1232,2023-10-07,2488.37,Health,Pharmacy,Card,Galle,0
1233,2023-10-07,4636.32,Shopping,Electronics Store,Mobile Wallet,Galle,0
1234,2023-10-07,5752.97,Transport,PickMe,Card,Jaffna,0
1235,2023-10-07,5804.61,Bills,Internet,Mobile Wallet,Jaffna,0
1236,2023-10-07,4790.33,Bills,Mobile,Online Transfer,Anuradhapura,0
1237,2023-10-07,4294.59,Shopping,Supermarket,Card,Kurunegala,0
1238,2023-10-07,9950.97,Food,Keells,Online Transfer,Kurunegala,0
1239,2023-10-07,9362.33,Food,Restaurant,Mobile Wallet,Jaffna,0
1240,2023-10-08,2412.17,Entertainment,Spotify,Card,Kurunegala,0
1241,2023-10-08,6448.48,Food,Cargills,Mobile Wallet,Anuradhapura,0
1242,2023-10-08,4973.54,Shopping,Supermarket,Cash,Jaffna,0
1243,2023-10-08,4956.77,Transport,Fuel Station,Mobile Wallet,Jaffna,0
1244,2023-10-08,3000.0,Entertainment,Netflix,Card,Colombo,0
1245,2023-10-08,4836.05,Food,Cargills,Card,Galle,0
1246,2023-10-09,7355.88,Food,Cargills,Online Transfer,Galle,0
1247,2023-10-09,4283.54,Education,University,Cash,Colombo,0
1248,2023-10-09,3731.4,Health,Medical Centre,Cash,Galle,0
1249,2023-10-09,2956.01,Health,Hospital,Online Transfer,Anuradhapura,0
1250,2023-10-09,3332.2,Education,Online Course,Card,Colombo,0
1251,2023-10-10,7723.07,Food,Cargills,Mobile Wallet,Jaffna,0
1252,2023-10-10,5037.14,Shopping,Daraz,Mobile Wallet,Kurunegala,0
1253,2023-10-10,7680.03,Bills,Water,Online Transfer,Jaffna,0
1254,2023-10-11,5034.31,Bills,Mobile,Mobile Wallet,Colombo,0
1255,2023-10-11,7024.0,Bills,Water,Mobile Wallet,Kandy,0
1256,2023-10-11,6724.95,Food,Cargills,Online Transfer,Galle,0
1257,2023-10-11,2405.86,Education,Online Course,Online Transfer,Colombo,0
1258,2023-10-11,3094.21,Shopping,Supermarket,Mobile Wallet,Colombo,0
1259,2023-10-11,3801.12,Shopping,Supermarket,Card,Colombo,1
1260,2023-10-12,2687.0,Education,Book Shop,Cash,Anuradhapura,0
1261,2023-10-12,2954.19,Education,University,Online Transfer,Jaffna,0
1262,2023-10-12,4806.07,Transport,Bus,Card,Jaffna,0
1263,2023-10-12,2228.13,Education,Book Shop,Cash,Colombo,0
1264,2023-10-13,6217.3,Bills,Internet,Cash,Galle,0
1265,2023-10-13,5627.47,Shopping,Supermarket,Mobile Wallet,Anuradhapura,0
1266,2023-10-13,3960.01,Transport,Fuel Station,Cash,Kurunegala,0
1267,2023-10-13,2048.2,Education,Book Shop,Online Transfer,Kurunegala,0
1268,2023-10-13,2493.46,Education,University,Card,Colombo,0
1269,2023-10-14,1685.84,Entertainment,Cinema,Card,Jaffna,0
1270,2023-10-14,1700.11,Health,Hospital,Mobile Wallet,Colombo,0
1271,2023-10-14,5829.37,Bills,Internet,Online Transfer,Kandy,0
1272,2023-10-14,5299.08,Shopping,Fashion Store,Online Transfer,Kandy,0
1273,2023-10-14,4937.81,Bills,Water,Mobile Wallet,Galle,0
1274,2023-10-14,3480.39,Education,Book Shop,Online Transfer,Kandy,0
1275,2023-10-14,7109.57,Bills,Internet,Cash,Anuradhapura,0
1276,2023-10-15,3589.04,Education,University,Card,Jaffna,0
1277,2023-10-15,6119.6,Bills,Electricity,Online Transfer,Colombo,0
1278,2023-10-15,3594.49,Health,Medical Centre,Card,Galle,0
1279,2023-10-15,3804.23,Entertainment,Cinema,Card,Colombo,0
1280,2023-10-16,11726.51,Food,Cargills,Cash,Jaffna,0
1281,2023-10-16,8588.79,Transport,Fuel Station,Mobile Wallet,Kandy,0
1282,2023-10-16,3096.16,Education,Online Course,Cash,Galle,0
1283,2023-10-17,4517.11,Transport,PickMe,Card,Jaffna,0
1284,2023-10-17,7648.14,Transport,Train,Online Transfer,Kurunegala,0
1285,2023-10-18,4021.29,Education,Book Shop,Mobile Wallet,Galle,0
1286,2023-10-18,7551.88,Food,KFC,Mobile Wallet,Kandy,0
1287,2023-10-19,4212.52,Education,Online Course,Mobile Wallet,Jaffna,0
1288,2023-10-19,5017.1,Education,University,Cash,Galle,0
1289,2023-10-20,2606.6,Education,University,Mobile Wallet,Galle,0
1290,2023-10-20,4349.16,Bills,Electricity,Mobile Wallet,Colombo,0
1291,2023-10-20,10317.66,Food,Keells,Mobile Wallet,Galle,0
1292,2023-10-20,3303.74,Education,University,Card,Kandy,0
1293,2023-10-20,6719.08,Transport,Bus,Mobile Wallet,Colombo,0
1294,2023-10-20,7553.15,Food,Cargills,Cash,Galle,0
1295,2023-10-20,4644.59,Entertainment,Gaming,Cash,Kandy,0
1296,2023-10-20,16433.31,Food,Restaurant,Mobile Wallet,Kandy,0
1297,2023-10-21,7630.64,Food,KFC,Card,Kandy,0
1298,2023-10-21,9571.82,Food,Pizza Hut,Mobile Wallet,Anuradhapura,0
1299,2023-10-21,2745.31,Health,Hospital,Online Transfer,Jaffna,0
1300,2023-10-21,2191.42,Health,Medical Centre,Online Transfer,Galle,0
1301,2023-10-21,7483.75,Bills,Internet,Card,Kurunegala,0
1302,2023-10-22,4691.39,Shopping,Electronics Store,Cash,Colombo,0
1303,2023-10-23,4768.1,Shopping,Fashion Store,Mobile Wallet,Anuradhapura,0
1304,2023-10-23,6220.58,Food,Keells,Card,Colombo,0
1305,2023-10-23,3408.62,Food,Pizza Hut,Mobile Wallet,Jaffna,0
1306,2023-10-23,7340.57,Bills,Water,Mobile Wallet,Colombo,0
1307,2023-10-23,4173.48,Bills,Mobile,Mobile Wallet,Colombo,0
1308,2023-10-25,4491.84,Food,Pizza Hut,Mobile Wallet,Anuradhapura,0
1309,2023-10-25,4909.88,Shopping,Fashion Store,Card,Jaffna,0
1310,2023-10-25,6941.33,Food,Restaurant,Card,Kandy,0
1311,2023-10-26,4850.45,Shopping,Daraz,Cash,Colombo,0
1312,2023-10-26,1712.98,Health,Pharmacy,Cash,Galle,0
1313,2023-10-26,2155.53,Entertainment,Cinema,Mobile Wallet,Galle,0
1314,2023-10-26,3030.94,Education,University,Mobile Wallet,Galle,0
1315,2023-10-26,5282.86,Food,KFC,Cash,Jaffna,0
1316,2023-10-26,4987.6,Bills,Internet,Cash,Jaffna,0
1317,2023-10-26,3962.7,Shopping,Electronics Store,Mobile Wallet,Colombo,0
1318,2023-10-27,3793.7,Education,Online Course,Card,Kurunegala,0
1319,2023-10-27,10203.55,Food,Pizza Hut,Cash,Colombo,0
1320,2023-10-27,3246.25,Shopping,Daraz,Online Transfer,Jaffna,0
1321,2023-10-27,3299.22,Shopping,Supermarket,Online Transfer,Galle,1
1322,2023-10-27,10587.64,Food,Pizza Hut,Mobile Wallet,Jaffna,0
1323,2023-10-27,3752.99,Bills,Water,Cash,Kandy,0
1324,2023-10-27,11195.58,Food,KFC,Online Transfer,Kurunegala,0
1325,2023-10-28,7053.83,Transport,Bus,Cash,Galle,0
1326,2023-10-28,7199.64,Shopping,Electronics Store,Online Transfer,Kandy,0
1327,2023-10-28,8881.77,Bills,Mobile,Online Transfer,Galle,0
1328,2023-10-28,2200.86,Entertainment,Netflix,Cash,Anuradhapura,0
1329,2023-10-28,4393.26,Shopping,Electronics Store,Online Transfer,Kurunegala,0
1330,2023-10-28,2672.01,Education,Book Shop,Card,Kandy,0
1331,2023-10-29,3244.07,Bills,Water,Mobile Wallet,Galle,0
1332,2023-10-29,4933.69,Bills,Water,Mobile Wallet,Jaffna,0
1333,2023-10-29,2319.98,Entertainment,Cinema,Online Transfer,Galle,0
1334,2023-10-29,5439.97,Transport,Uber,Cash,Anuradhapura,0
1335,2023-10-30,5233.13,Bills,Electricity,Cash,Galle,0
1336,2023-10-30,5151.35,Transport,PickMe,Online Transfer,Galle,0
1337,2023-10-30,1917.01,Health,Medical Centre,Online Transfer,Galle,0
1338,2023-10-30,8336.07,Food,Restaurant,Mobile Wallet,Colombo,0
1339,2023-10-31,6432.04,Food,Pizza Hut,Mobile Wallet,Anuradhapura,0
1340,2023-10-31,6264.59,Bills,Electricity,Mobile Wallet,Kandy,0
1341,2023-10-31,5597.68,Food,KFC,Online Transfer,Colombo,0
1342,2023-10-31,4290.2,Bills,Mobile,Card,Kurunegala,0
1343,2023-10-31,4643.37,Shopping,Electronics Store,Mobile Wallet,Anuradhapura,1
1344,2023-11-01,5599.49,Bills,Mobile,Mobile Wallet,Kurunegala,0
1345,2023-11-01,6620.29,Bills,Internet,Card,Kandy,0
1346,2023-11-01,7483.21,Bills,Internet,Card,Kandy,0
1347,2023-11-01,8649.21,Food,Pizza Hut,Cash,Colombo,0
1348,2023-11-02,4504.76,Bills,Electricity,Cash,Kurunegala,0
1349,2023-11-02,5203.38,Bills,Internet,Card,Anuradhapura,0
1350,2023-11-02,5132.52,Bills,Mobile,Card,Kandy,0
1351,2023-11-02,3315.97,Shopping,Fashion Store,Cash,Kurunegala,0
1352,2023-11-02,2112.66,Health,Medical Centre,Cash,Anuradhapura,0
1353,2023-11-03,4444.36,Shopping,Supermarket,Online Transfer,Galle,0
1354,2023-11-03,7422.53,Food,Keells,Mobile Wallet,Kandy,0
1355,2023-11-03,3725.84,Bills,Electricity,Cash,Galle,0
1356,2023-11-03,9996.59,Food,Keells,Card,Galle,0
1357,2023-11-04,2173.13,Education,University,Online Transfer,Jaffna,0
1358,2023-11-04,3907.68,Transport,Uber,Mobile Wallet,Colombo,0
1359,2023-11-05,3836.02,Entertainment,Spotify,Cash,Galle,0
1360,2023-11-05,6385.96,Food,KFC,Online Transfer,Anuradhapura,0
1361,2023-11-05,7677.12,Shopping,Daraz,Cash,Jaffna,0
1362,2023-11-05,4500.0,Bills,Internet,Online Transfer,Colombo,0
1363,2023-11-06,9856.47,Food,Pizza Hut,Card,Jaffna,0
1364,2023-11-06,6879.12,Food,Cargills,Mobile Wallet,Colombo,0
1365,2023-11-06,4121.19,Shopping,Supermarket,Mobile Wallet,Colombo,0
1366,2023-11-07,2942.81,Transport,Fuel Station,Online Transfer,Jaffna,0
1367,2023-11-07,4134.73,Education,Online Course,Card,Kandy,0
1368,2023-11-07,2457.26,Health,Medical Centre,Mobile Wallet,Kurunegala,0
1369,2023-11-08,8992.08,Food,Pizza Hut,Cash,Colombo,0
1370,2023-11-08,11847.94,Bills,Electricity,Cash,Kurunegala,0
1371,2023-11-08,4846.91,Shopping,Electronics Store,Mobile Wallet,Anuradhapura,0
1372,2023-11-08,3160.18,Entertainment,Netflix,Cash,Galle,0
1373,2023-11-09,4063.58,Shopping,Daraz,Card,Jaffna,0
1374,2023-11-10,5585.87,Transport,Train,Card,Anuradhapura,0
1375,2023-11-10,10529.71,Food,Restaurant,Mobile Wallet,Kurunegala,0
1376,2023-11-10,4421.37,Transport,PickMe,Mobile Wallet,Galle,0
1377,2023-11-10,9047.24,Food,Pizza Hut,Card,Anuradhapura,0
1378,2023-11-10,2559.37,Shopping,Fashion Store,Online Transfer,Colombo,0
1379,2023-11-10,7079.89,Transport,Uber,Cash,Galle,0
1380,2023-11-11,5767.61,Transport,PickMe,Mobile Wallet,Jaffna,0
1381,2023-11-11,3110.23,Education,Book Shop,Card,Kurunegala,0
1382,2023-11-11,3198.11,Entertainment,Gaming,Online Transfer,Kurunegala,0
1383,2023-11-11,10745.56,Food,Restaurant,Online Transfer,Kandy,0
1384,2023-11-11,3123.74,Education,University,Card,Galle,0
1385,2023-11-12,3706.85,Education,Book Shop,Mobile Wallet,Galle,0
1386,2023-11-12,3084.14,Shopping,Electronics Store,Online Transfer,Anuradhapura,0
1387,2023-11-12,3000.0,Entertainment,Netflix,Card,Colombo,0
1388,2023-11-12,7593.82,Food,Restaurant,Online Transfer,Jaffna,0
1389,2023-11-12,6632.7,Transport,PickMe,Card,Galle,0
1390,2023-11-12,3759.74,Shopping,Daraz,Card,Colombo,0
1391,2023-11-13,3350.41,Transport,Uber,Mobile Wallet,Colombo,0
1392,2023-11-13,4208.89,Transport,Uber,Mobile Wallet,Kurunegala,0
1393,2023-11-13,2535.68,Education,Book Shop,Cash,Galle,0
1394,2023-11-13,4903.62,Bills,Internet,Mobile Wallet,Jaffna,0
1395,2023-11-13,3077.11,Entertainment,Netflix,Card,Jaffna,0
1396,2023-11-14,7392.57,Food,Keells,Card,Galle,0
1397,2023-11-14,2767.88,Transport,Uber,Mobile Wallet,Galle,0
1398,2023-11-15,4408.65,Shopping,Fashion Store,Cash,Galle,0
1399,2023-11-15,15149.74,Food,Restaurant,Mobile Wallet,Colombo,0
1400,2023-11-16,1808.19,Entertainment,Netflix,Card,Kurunegala,0
1401,2023-11-16,3910.87,Shopping,Electronics Store,Cash,Galle,0
1402,2023-11-16,5211.35,Bills,Internet,Cash,Anuradhapura,0
1403,2023-11-16,4834.98,Bills,Internet,Mobile Wallet,Kurunegala,0
1404,2023-11-16,6687.55,Food,Restaurant,Card,Jaffna,0
1405,2023-11-16,8932.7,Food,Restaurant,Cash,Galle,0
1406,2023-11-17,6097.48,Food,Keells,Card,Anuradhapura,0
1407,2023-11-17,9086.75,Food,Restaurant,Card,Kandy,1
1408,2023-11-17,2560.82,Education,Book Shop,Cash,Kurunegala,0
1409,2023-11-18,5802.77,Food,Keells,Online Transfer,Jaffna,0
1410,2023-11-18,1994.11,Entertainment,Gaming,Online Transfer,Anuradhapura,0
1411,2023-11-18,5510.3,Transport,PickMe,Cash,Kandy,0
1412,2023-11-18,11763.38,Food,Restaurant,Online Transfer,Colombo,0
1413,2023-11-19,1877.12,Health,Medical Centre,Online Transfer,Anuradhapura,0
1414,2023-11-19,7640.51,Bills,Electricity,Online Transfer,Colombo,0
1415,2023-11-19,6880.35,Food,Cargills,Online Transfer,Kurunegala,0
1416,2023-11-19,4307.62,Shopping,Supermarket,Online Transfer,Kandy,0
1417,2023-11-19,4631.92,Shopping,Supermarket,Mobile Wallet,Kurunegala,0
1418,2023-11-20,2927.86,Education,Book Shop,Online Transfer,Galle,0
1419,2023-11-20,8520.71,Food,KFC,Cash,Kurunegala,0
1420,2023-11-20,4134.84,Shopping,Daraz,Mobile Wallet,Colombo,0
1421,2023-11-20,3234.71,Transport,Bus,Cash,Kandy,0
1422,2023-11-20,5797.12,Food,KFC,Cash,Galle,0
1423,2023-11-20,3074.8,Transport,PickMe,Cash,Jaffna,0
1424,2023-11-21,2289.77,Education,Book Shop,Online Transfer,Jaffna,0
1425,2023-11-21,8101.8,Food,Pizza Hut,Mobile Wallet,Galle,0
1426,2023-11-22,3625.68,Shopping,Supermarket,Cash,Anuradhapura,0
1427,2023-11-22,1973.41,Health,Hospital,Cash,Anuradhapura,0
1428,2023-11-22,2641.85,Education,Online Course,Cash,Kandy,0
1429,2023-11-22,2268.94,Entertainment,Netflix,Mobile Wallet,Anuradhapura,0
1430,2023-11-22,1575.52,Entertainment,Netflix,Cash,Anuradhapura,0
1431,2023-11-22,3393.46,Entertainment,Spotify,Card,Anuradhapura,0
1432,2023-11-23,5823.84,Food,KFC,Card,Kandy,0
1433,2023-11-23,1882.06,Entertainment,Netflix,Cash,Colombo,0
1434,2023-11-23,2523.74,Health,Medical Centre,Online Transfer,Kandy,0
1435,2023-11-24,6869.58,Food,Keells,Cash,Jaffna,0
1436,2023-11-24,9678.44,Bills,Water,Mobile Wallet,Colombo,1
1437,2023-11-24,3879.19,Bills,Water,Cash,Kurunegala,0
1438,2023-11-24,1994.88,Education,University,Card,Colombo,0
1439,2023-11-24,3884.18,Bills,Electricity,Online Transfer,Jaffna,0
1440,2023-11-25,5078.33,Shopping,Daraz,Cash,Anuradhapura,0
1441,2023-11-25,7077.78,Bills,Internet,Online Transfer,Kandy,0
1442,2023-11-25,7602.78,Food,Pizza Hut,Cash,Galle,0
1443,2023-11-25,9506.86,Food,Pizza Hut,Cash,Galle,0
1444,2023-11-26,4852.69,Food,Restaurant,Card,Kurunegala,0
1445,2023-11-26,4679.75,Bills,Internet,Card,Galle,0
1446,2023-11-26,3345.38,Education,University,Card,Jaffna,0
1447,2023-11-27,7501.91,Food,Pizza Hut,Card,Jaffna,0
1448,2023-11-27,5421.38,Transport,Train,Online Transfer,Colombo,0
1449,2023-11-27,4871.62,Transport,Fuel Station,Card,Colombo,0
1450,2023-11-27,4813.42,Food,Cargills,Card,Kurunegala,0
1451,2023-11-27,8825.65,Food,Keells,Card,Galle,0
1452,2023-11-27,2226.57,Education,Book Shop,Online Transfer,Kandy,0
1453,2023-11-27,1761.55,Entertainment,Gaming,Online Transfer,Anuradhapura,0
1454,2023-11-27,4699.74,Food,Cargills,Cash,Galle,0
1455,2023-11-27,8386.4,Food,Keells,Cash,Kandy,0
1456,2023-11-28,4790.96,Food,Keells,Cash,Kandy,0
1457,2023-11-28,2382.27,Entertainment,Cinema,Mobile Wallet,Galle,0
1458,2023-11-28,3393.23,Shopping,Supermarket,Mobile Wallet,Anuradhapura,0
1459,2023-11-28,8179.43,Food,Cargills,Online Transfer,Kurunegala,0
1460,2023-11-28,1719.0,Entertainment,Spotify,Mobile Wallet,Kandy,0
1461,2023-11-28,3109.78,Transport,Fuel Station,Online Transfer,Colombo,0
1462,2023-11-28,4004.58,Shopping,Supermarket,Card,Kurunegala,0
1463,2023-11-28,3925.91,Transport,Fuel Station,Mobile Wallet,Anuradhapura,0
1464,2023-11-29,2794.67,Education,Online Course,Mobile Wallet,Anuradhapura,0
1465,2023-11-29,3514.83,Transport,Train,Online Transfer,Galle,0
1466,2023-11-29,6917.24,Food,Keells,Mobile Wallet,Kandy,0
1467,2023-11-29,3282.38,Transport,Uber,Cash,Galle,0
1468,2023-11-29,5318.22,Food,Pizza Hut,Online Transfer,Kurunegala,0
1469,2023-11-30,2398.86,Education,Online Course,Cash,Colombo,0
1470,2023-11-30,1135.91,Entertainment,Spotify,Card,Jaffna,0
1471,2023-11-30,2143.23,Education,University,Cash,Kandy,0
1472,2023-12-01,2273.47,Education,Book Shop,Card,Jaffna,0
1473,2023-12-01,5006.59,Shopping,Fashion Store,Cash,Kandy,0
1474,2023-12-02,4196.67,Shopping,Supermarket,Mobile Wallet,Kurunegala,0
1475,2023-12-02,3887.44,Shopping,Daraz,Mobile Wallet,Galle,0
1476,2023-12-02,5481.84,Bills,Mobile,Cash,Kandy,0
1477,2023-12-03,4300.19,Transport,Uber,Online Transfer,Jaffna,0
1478,2023-12-03,4500.0,Bills,Internet,Online Transfer,Colombo,0
1479,2023-12-03,4805.97,Transport,Uber,Mobile Wallet,Jaffna,0
1480,2023-12-03,7453.26,Bills,Mobile,Card,Jaffna,0
1481,2023-12-04,1890.5,Entertainment,Cinema,Cash,Galle,0
1482,2023-12-05,2898.77,Entertainment,Spotify,Mobile Wallet,Galle,0
1483,2023-12-05,4879.47,Education,University,Mobile Wallet,Jaffna,0
1484,2023-12-05,3567.62,Shopping,Electronics Store,Online Transfer,Colombo,0
1485,2023-12-05,3842.39,Transport,Bus,Mobile Wallet,Kurunegala,0
1486,2023-12-05,6858.64,Bills,Water,Mobile Wallet,Anuradhapura,0
1487,2023-12-06,5334.59,Shopping,Electronics Store,Cash,Galle,0
1488,2023-12-06,6594.32,Bills,Water,Card,Kandy,0
1489,2023-12-06,7338.97,Food,Keells,Mobile Wallet,Kandy,0
1490,2023-12-06,4406.98,Food,KFC,Card,Kandy,0
1491,2023-12-07,2872.16,Entertainment,Netflix,Card,Kandy,0
1492,2023-12-07,5625.93,Transport,PickMe,Mobile Wallet,Colombo,0
1493,2023-12-07,5889.19,Bills,Mobile,Cash,Kandy,0
1494,2023-12-08,4697.95,Transport,Fuel Station,Online Transfer,Galle,0
1495,2023-12-08,7934.75,Food,Cargills,Mobile Wallet,Kandy,0
1496,2023-12-08,4285.41,Shopping,Electronics Store,Online Transfer,Galle,0
1497,2023-12-08,10005.42,Food,Restaurant,Card,Colombo,0
1498,2023-12-09,5366.36,Shopping,Electronics Store,Mobile Wallet,Galle,0
1499,2023-12-09,9077.26,Food,KFC,Online Transfer,Kandy,0
1500,2023-12-09,5155.77,Transport,Bus,Card,Kurunegala,0
1501,2023-12-09,10643.04,Bills,Internet,Card,Anuradhapura,0
1502,2023-12-09,10812.93,Food,Cargills,Online Transfer,Anuradhapura,0
1503,2023-12-10,3000.0,Entertainment,Netflix,Card,Colombo,0
1504,2023-12-10,7417.5,Bills,Mobile,Card,Jaffna,0
1505,2023-12-10,7078.59,Food,KFC,Card,Anuradhapura,0
1506,2023-12-10,7964.61,Food,Cargills,Online Transfer,Anuradhapura,0
1507,2023-12-11,3817.26,Shopping,Electronics Store,Card,Jaffna,0
1508,2023-12-11,5159.69,Bills,Electricity,Card,Anuradhapura,0
1509,2023-12-11,4989.26,Bills,Electricity,Cash,Anuradhapura,0
1510,2023-12-11,2142.42,Entertainment,Cinema,Cash,Kurunegala,0
1511,2023-12-11,4127.15,Education,Book Shop,Cash,Jaffna,0
1512,2023-12-11,8826.17,Food,Restaurant,Cash,Jaffna,0
1513,2023-12-11,2521.99,Education,Book Shop,Online Transfer,Anuradhapura,0
1514,2023-12-12,7140.75,Food,Cargills,Cash,Jaffna,0
1515,2023-12-13,8521.8,Bills,Mobile,Cash,Colombo,0
1516,2023-12-13,4930.23,Transport,Fuel Station,Card,Kandy,0
1517,2023-12-13,4121.15,Bills,Electricity,Cash,Colombo,0
1518,2023-12-13,3201.31,Transport,PickMe,Card,Kandy,0
1519,2023-12-13,6846.51,Food,Restaurant,Cash,Galle,0
1520,2023-12-14,4259.8,Bills,Internet,Mobile Wallet,Jaffna,0
1521,2023-12-15,6118.75,Bills,Electricity,Mobile Wallet,Anuradhapura,0
1522,2023-12-15,7625.51,Food,KFC,Online Transfer,Colombo,0
1523,2023-12-15,5397.14,Transport,Uber,Card,Kurunegala,0
1524,2023-12-15,4855.45,Shopping,Daraz,Card,Jaffna,0
1525,2023-12-15,5169.65,Food,Restaurant,Cash,Jaffna,0
1526,2023-12-15,3593.06,Bills,Water,Mobile Wallet,Anuradhapura,0
1527,2023-12-15,5883.99,Food,Pizza Hut,Mobile Wallet,Galle,0
1528,2023-12-16,5084.53,Shopping,Daraz,Online Transfer,Colombo,0
1529,2023-12-16,7371.49,Bills,Water,Card,Galle,0
1530,2023-12-16,5326.6,Bills,Water,Card,Colombo,0
1531,2023-12-16,7113.95,Bills,Water,Mobile Wallet,Colombo,0
1532,2023-12-17,1995.5,Entertainment,Cinema,Card,Anuradhapura,0
1533,2023-12-17,3513.28,Entertainment,Gaming,Cash,Kandy,0
1534,2023-12-17,10903.27,Food,Cargills,Card,Kurunegala,0
1535,2023-12-17,7094.79,Bills,Electricity,Online Transfer,Colombo,0
1536,2023-12-17,5632.13,Bills,Mobile,Online Transfer,Colombo,0
1537,2023-12-17,2887.65,Education,Online Course,Card,Kandy,0
1538,2023-12-17,8279.59,Food,Cargills,Mobile Wallet,Anuradhapura,0
1539,2023-12-17,2762.2,Entertainment,Cinema,Card,Anuradhapura,0
1540,2023-12-18,3437.3,Shopping,Daraz,Cash,Kandy,0
1541,2023-12-18,4249.74,Shopping,Fashion Store,Cash,Colombo,0
1542,2023-12-18,8121.9,Food,Cargills,Card,Colombo,0
1543,2023-12-18,2182.56,Entertainment,Spotify,Online Transfer,Jaffna,0
1544,2023-12-18,3797.37,Bills,Mobile,Cash,Galle,0
1545,2023-12-18,5075.24,Bills,Mobile,Card,Kurunegala,0
1546,2023-12-18,3873.8,Transport,Bus,Mobile Wallet,Jaffna,0
1547,2023-12-18,2663.07,Health,Hospital,Online Transfer,Anuradhapura,0
1548,2023-12-19,4847.98,Bills,Internet,Mobile Wallet,Anuradhapura,0
1549,2023-12-19,2561.39,Transport,Uber,Card,Jaffna,0
1550,2023-12-19,5464.21,Food,Restaurant,Mobile Wallet,Anuradhapura,0
1551,2023-12-20,7743.88,Food,Pizza Hut,Cash,Galle,0
1552,2023-12-20,6184.02,Shopping,Supermarket,Mobile Wallet,Kurunegala,0
1553,2023-12-20,2910.14,Shopping,Electronics Store,Online Transfer,Jaffna,0
1554,2023-12-21,6874.99,Food,Cargills,Card,Kurunegala,0
1555,2023-12-21,3432.28,Food,Keells,Card,Colombo,0
1556,2023-12-21,2624.25,Health,Hospital,Card,Jaffna,0
1557,2023-12-22,1482.04,Entertainment,Spotify,Online Transfer,Kandy,0
1558,2023-12-22,4539.35,Bills,Electricity,Mobile Wallet,Jaffna,0
1559,2023-12-22,5286.27,Bills,Electricity,Card,Galle,0
1560,2023-12-22,8561.29,Food,KFC,Online Transfer,Kandy,0
1561,2023-12-22,1569.02,Health,Medical Centre,Online Transfer,Jaffna,0
1562,2023-12-22,4174.55,Shopping,Electronics Store,Card,Jaffna,0
1563,2023-12-22,4520.13,Food,Pizza Hut,Online Transfer,Kandy,0
1564,2023-12-22,3473.85,Shopping,Daraz,Mobile Wallet,Colombo,0
1565,2023-12-23,12537.56,Food,Pizza Hut,Cash,Galle,0
1566,2023-12-24,2136.57,Health,Hospital,Card,Kandy,0
1567,2023-12-24,6461.53,Shopping,Supermarket,Mobile Wallet,Kandy,0
1568,2023-12-24,3291.43,Transport,Fuel Station,Mobile Wallet,Kandy,0
1569,2023-12-24,6924.85,Bills,Mobile,Mobile Wallet,Anuradhapura,0
1570,2023-12-24,7265.15,Bills,Electricity,Cash,Kandy,0
1571,2023-12-24,8146.79,Bills,Electricity,Cash,Galle,0
1572,2023-12-24,4280.69,Shopping,Electronics Store,Online Transfer,Jaffna,0
1573,2023-12-24,5153.61,Education,Book Shop,Online Transfer,Jaffna,0
1574,2023-12-24,7031.49,Bills,Electricity,Cash,Anuradhapura,0
1575,2023-12-24,7134.15,Food,Pizza Hut,Card,Kandy,0
1576,2023-12-24,2155.13,Education,University,Card,Colombo,0
1577,2023-12-25,7980.79,Bills,Internet,Mobile Wallet,Anuradhapura,0
1578,2023-12-25,7454.66,Food,Restaurant,Mobile Wallet,Colombo,0
1579,2023-12-25,7379.23,Food,Cargills,Card,Jaffna,0
1580,2023-12-25,3590.54,Health,Pharmacy,Cash,Kurunegala,0
1581,2023-12-26,5104.03,Bills,Water,Cash,Anuradhapura,0
1582,2023-12-26,4416.65,Shopping,Electronics Store,Online Transfer,Galle,0
1583,2023-12-26,5226.92,Bills,Internet,Card,Galle,0
1584,2023-12-27,3409.15,Education,University,Cash,Anuradhapura,0
1585,2023-12-27,1716.87,Entertainment,Netflix,Online Transfer,Jaffna,0
1586,2023-12-27,4922.92,Transport,PickMe,Online Transfer,Colombo,0
1587,2023-12-27,8346.4,Bills,Electricity,Online Transfer,Galle,0
1588,2023-12-27,3322.64,Shopping,Supermarket,Mobile Wallet,Kandy,0
1589,2023-12-28,5432.11,Transport,Uber,Card,Kurunegala,0
1590,2023-12-28,4595.66,Transport,Uber,Mobile Wallet,Jaffna,0
1591,2023-12-29,5460.51,Food,KFC,Cash,Anuradhapura,0
1592,2023-12-29,2137.07,Entertainment,Gaming,Mobile Wallet,Anuradhapura,0
1593,2023-12-29,8634.5,Food,Cargills,Card,Galle,0
1594,2023-12-29,4711.38,Transport,Uber,Online Transfer,Jaffna,0
1595,2023-12-30,4815.09,Education,Online Course,Mobile Wallet,Anuradhapura,0
1596,2023-12-30,1623.64,Health,Medical Centre,Cash,Kandy,0
1597,2023-12-30,8931.92,Food,Keells,Cash,Jaffna,0
1598,2023-12-31,10117.23,Food,Restaurant,Mobile Wallet,Galle,0
1599,2023-12-31,2909.42,Health,Medical Centre,Card,Jaffna,0
1600,2024-01-01,9356.65,Bills,Water,Cash,Kandy,0
1601,2024-01-01,3415.0,Education,Book Shop,Mobile Wallet,Galle,0
1602,2024-01-01,9637.91,Bills,Electricity,Online Transfer,Anuradhapura,0
1603,2024-01-02,10636.42,Food,Cargills,Mobile Wallet,Anuradhapura,0
1604,2024-01-02,11383.98,Bills,Water,Card,Kandy,0
1605,2024-01-03,10644.44,Food,KFC,Card,Anuradhapura,0
1606,2024-01-03,3558.45,Entertainment,Spotify,Cash,Colombo,0
1607,2024-01-03,8424.43,Food,Cargills,Cash,Colombo,0
1608,2024-01-03,7624.93,Bills,Electricity,Online Transfer,Kandy,0
1609,2024-01-03,4909.4,Education,University,Card,Colombo,0
1610,2024-01-03,9573.27,Shopping,Supermarket,Mobile Wallet,Jaffna,0
1611,2024-01-04,5256.4,Shopping,Supermarket,Card,Anuradhapura,0
1612,2024-01-05,4608.56,Education,Online Course,Mobile Wallet,Kandy,0
1613,2024-01-05,4506.35,Education,University,Mobile Wallet,Colombo,0
1614,2024-01-05,10939.93,Food,KFC,Online Transfer,Anuradhapura,0
1615,2024-01-05,3506.39,Health,Hospital,Online Transfer,Anuradhapura,0
1616,2024-01-05,3392.0,Entertainment,Spotify,Mobile Wallet,Galle,0
1617,2024-01-05,6858.26,Shopping,Daraz,Online Transfer,Anuradhapura,0
1618,2024-01-05,7131.67,Transport,Uber,Card,Jaffna,0
1619,2024-01-06,14455.59,Food,Restaurant,Cash,Anuradhapura,0
1620,2024-01-06,9375.22,Bills,Electricity,Online Transfer,Galle,0
1621,2024-01-07,7034.31,Bills,Mobile,Mobile Wallet,Colombo,0
1622,2024-01-07,7752.61,Food,Cargills,Online Transfer,Jaffna,0
1623,2024-01-07,4500.0,Bills,Internet,Online Transfer,Colombo,0
1624,2024-01-08,4483.64,Transport,Bus,Mobile Wallet,Colombo,0
1625,2024-01-08,1469.88,Health,Hospital,Cash,Colombo,0
1626,2024-01-08,7439.28,Shopping,Electronics Store,Online Transfer,Kurunegala,0
1627,2024-01-08,6405.95,Food,Cargills,Cash,Kurunegala,0
1628,2024-01-08,6178.54,Transport,Bus,Cash,Colombo,0
1629,2024-01-08,3880.07,Education,Book Shop,Online Transfer,Colombo,0
1630,2024-01-08,1722.69,Health,Medical Centre,Card,Colombo,0
1631,2024-01-09,5310.81,Shopping,Fashion Store,Mobile Wallet,Anuradhapura,0
1632,2024-01-09,6768.06,Food,Keells,Online Transfer,Anuradhapura,0
1633,2024-01-09,6935.06,Food,Keells,Card,Jaffna,0
1634,2024-01-09,2360.97,Education,University,Card,Anuradhapura,0
1635,2024-01-09,10215.61,Food,Cargills,Card,Kurunegala,0
1636,2024-01-09,8817.28,Bills,Internet,Online Transfer,Kandy,0
1637,2024-01-09,7793.81,Bills,Mobile,Mobile Wallet,Colombo,0
1638,2024-01-10,9013.69,Bills,Electricity,Online Transfer,Galle,0
1639,2024-01-11,4967.47,Shopping,Daraz,Card,Anuradhapura,0
1640,2024-01-11,2152.61,Entertainment,Cinema,Online Transfer,Kandy,0
1641,2024-01-12,3082.72,Shopping,Electronics Store,Cash,Galle,0
1642,2024-01-12,1987.78,Education,Online Course,Online Transfer,Kurunegala,0
1643,2024-01-12,8489.69,Food,KFC,Card,Anuradhapura,0
1644,2024-01-12,3420.05,Education,Online Course,Card,Kurunegala,0
1645,2024-01-12,3633.53,Shopping,Supermarket,Online Transfer,Kurunegala,0
1646,2024-01-12,4615.26,Transport,Train,Card,Jaffna,0
1647,2024-01-12,10542.85,Food,KFC,Mobile Wallet,Colombo,0
1648,2024-01-13,3772.45,Entertainment,Cinema,Cash,Colombo,0
1649,2024-01-13,6568.41,Transport,PickMe,Cash,Colombo,0
1650,2024-01-13,10810.53,Food,Keells,Card,Colombo,0
1651,2024-01-14,3000.0,Entertainment,Netflix,Card,Colombo,0
1652,2024-01-14,9912.13,Bills,Water,Cash,Colombo,0
1653,2024-01-15,7209.6,Transport,Train,Online Transfer,Colombo,0
1654,2024-01-15,5309.52,Transport,Bus,Mobile Wallet,Anuradhapura,0
1655,2024-01-15,6493.31,Shopping,Electronics Store,Cash,Jaffna,0
1656,2024-01-15,4630.82,Shopping,Fashion Store,Card,Colombo,0
1657,2024-01-15,2585.63,Health,Pharmacy,Online Transfer,Anuradhapura,0
1658,2024-01-15,3578.72,Education,Online Course,Cash,Galle,0
1659,2024-01-16,3718.58,Shopping,Fashion Store,Cash,Kurunegala,0
1660,2024-01-16,5163.93,Shopping,Fashion Store,Cash,Kandy,0
1661,2024-01-16,5244.56,Shopping,Daraz,Cash,Colombo,0
1662,2024-01-16,5511.29,Shopping,Daraz,Mobile Wallet,Anuradhapura,0
1663,2024-01-16,4884.59,Transport,Fuel Station,Card,Colombo,0
1664,2024-01-16,5078.95,Transport,Fuel Station,Mobile Wallet,Kandy,0
1665,2024-01-16,8386.02,Food,Cargills,Mobile Wallet,Galle,0
1666,2024-01-17,10496.5,Food,KFC,Online Transfer,Galle,0
1667,2024-01-17,9406.62,Food,Pizza Hut,Card,Colombo,0
1668,2024-01-17,8483.27,Shopping,Fashion Store,Online Transfer,Colombo,0
1669,2024-01-18,10479.91,Bills,Mobile,Cash,Jaffna,0
1670,2024-01-18,7502.84,Bills,Mobile,Card,Galle,0
1671,2024-01-19,4050.24,Education,University,Cash,Jaffna,0
1672,2024-01-19,4160.41,Transport,Uber,Cash,Galle,0
1673,2024-01-19,10705.99,Bills,Water,Mobile Wallet,Jaffna,0
1674,2024-01-19,4921.72,Shopping,Daraz,Mobile Wallet,Colombo,0
1675,2024-01-20,10212.3,Food,KFC,Card,Jaffna,0
1676,2024-01-20,3096.42,Entertainment,Netflix,Mobile Wallet,Anuradhapura,0
1677,2024-01-20,2331.75,Health,Hospital,Cash,Galle,0
1678,2024-01-21,2624.02,Shopping,Daraz,Online Transfer,Galle,0
1679,2024-01-21,8149.32,Bills,Electricity,Online Transfer,Colombo,0
1680,2024-01-21,4460.53,Shopping,Electronics Store,Cash,Galle,0
1681,2024-01-21,1524.24,Education,University,Card,Anuradhapura,0
1682,2024-01-22,5827.94,Bills,Mobile,Cash,Anuradhapura,0
1683,2024-01-22,2377.12,Entertainment,Spotify,Cash,Kandy,0
1684,2024-01-22,5011.35,Food,Keells,Cash,Jaffna,0
1685,2024-01-22,6502.31,Transport,PickMe,Card,Kurunegala,0
1686,2024-01-22,4549.61,Bills,Mobile,Cash,Colombo,0
1687,2024-01-23,2690.84,Shopping,Fashion Store,Card,Jaffna,0
1688,2024-01-23,2956.75,Shopping,Fashion Store,Card,Galle,0
1689,2024-01-23,10242.29,Food,KFC,Online Transfer,Anuradhapura,0
1690,2024-01-23,6961.51,Shopping,Daraz,Card,Colombo,0
1691,2024-01-23,2820.51,Education,Online Course,Cash,Jaffna,1
1692,2024-01-24,4743.66,Transport,PickMe,Mobile Wallet,Kandy,0
1693,2024-01-24,11155.33,Food,Restaurant,Cash,Kandy,0
1694,2024-01-24,6997.08,Bills,Mobile,Mobile Wallet,Kurunegala,0
1695,2024-01-24,2540.36,Transport,Fuel Station,Online Transfer,Galle,0
1696,2024-01-24,4946.85,Bills,Electricity,Card,Jaffna,0
1697,2024-01-24,5079.49,Food,Restaurant,Online Transfer,Kurunegala,0
1698,2024-01-25,3701.36,Shopping,Daraz,Mobile Wallet,Jaffna,0
1699,2024-01-25,4516.7,Shopping,Daraz,Mobile Wallet,Kandy,0
1700,2024-01-25,5172.87,Bills,Water,Card,Kurunegala,0
1701,2024-01-26,1688.96,Entertainment,Spotify,Online Transfer,Colombo,0
1702,2024-01-26,6368.48,Food,Restaurant,Cash,Colombo,0
1703,2024-01-26,1888.8,Entertainment,Spotify,Card,Anuradhapura,0
1704,2024-01-26,5799.25,Food,Keells,Card,Galle,0
1705,2024-01-26,7790.53,Food,KFC,Card,Galle,0
1706,2024-01-26,1955.23,Entertainment,Spotify,Card,Galle,0
1707,2024-01-27,3534.55,Transport,Fuel Station,Online Transfer,Kandy,0
1708,2024-01-27,6918.45,Bills,Water,Card,Colombo,0
1709,2024-01-27,7694.42,Bills,Internet,Card,Anuradhapura,0
1710,2024-01-28,3022.52,Education,University,Card,Anuradhapura,0
1711,2024-01-28,9047.19,Food,KFC,Card,Anuradhapura,0
1712,2024-01-28,7693.91,Bills,Electricity,Mobile Wallet,Jaffna,0
1713,2024-01-28,4320.34,Education,Online Course,Card,Jaffna,0
1714,2024-01-28,2345.31,Entertainment,Cinema,Card,Anuradhapura,0
1715,2024-01-29,1787.84,Education,Book Shop,Online Transfer,Galle,0
1716,2024-01-29,2969.64,Education,Online Course,Cash,Kurunegala,0
1717,2024-01-29,6473.89,Food,Keells,Card,Jaffna,0
1718,2024-01-29,4147.4,Transport,Bus,Card,Colombo,0
1719,2024-01-29,2936.25,Transport,Uber,Cash,Kurunegala,0
1720,2024-01-30,3941.17,Transport,Fuel Station,Card,Anuradhapura,0
1721,2024-01-30,8122.62,Food,Cargills,Mobile Wallet,Kandy,0
1722,2024-01-30,6078.67,Food,Keells,Mobile Wallet,Kandy,0
1723,2024-01-30,8081.58,Bills,Electricity,Card,Kandy,0
1724,2024-01-31,8153.93,Food,Cargills,Mobile Wallet,Anuradhapura,0
1725,2024-01-31,6905.03,Bills,Internet,Online Transfer,Colombo,0
1726,2024-02-01,4515.63,Shopping,Electronics Store,Card,Galle,0
1727,2024-02-02,6449.5,Transport,PickMe,Mobile Wallet,Kandy,0
1728,2024-02-02,8360.81,Bills,Electricity,Cash,Colombo,0
1729,2024-02-02,3141.34,Transport,Train,Card,Jaffna,0
1730,2024-02-02,4940.2,Shopping,Fashion Store,Online Transfer,Colombo,0
1731,2024-02-02,5141.35,Shopping,Electronics Store,Online Transfer,Kandy,0
1732,2024-02-03,7506.56,Food,Keells,Cash,Kandy,0
1733,2024-02-03,12757.53,Bills,Electricity,Mobile Wallet,Anuradhapura,0
1734,2024-02-03,8437.41,Food,Cargills,Card,Kurunegala,0
1735,2024-02-03,2615.43,Entertainment,Netflix,Cash,Kurunegala,0
1736,2024-02-04,1421.35,Health,Pharmacy,Online Transfer,Kandy,0
1737,2024-02-04,4203.98,Food,Keells,Card,Kurunegala,0
1738,2024-02-04,6113.65,Food,KFC,Online Transfer,Colombo,0
1739,2024-02-04,4344.37,Food,KFC,Card,Kurunegala,0
1740,2024-02-04,5681.59,Food,Cargills,Online Transfer,Colombo,1
1741,2024-02-04,4500.0,Bills,Internet,Online Transfer,Colombo,0
1742,2024-02-04,6158.44,Food,KFC,Cash,Galle,0
1743,2024-02-04,4627.98,Food,Keells,Mobile Wallet,Kandy,0
1744,2024-02-05,3043.03,Transport,Uber,Mobile Wallet,Galle,0
1745,2024-02-05,4509.66,Bills,Electricity,Online Transfer,Jaffna,0
1746,2024-02-05,5372.72,Food,Restaurant,Cash,Colombo,0
1747,2024-02-05,5477.67,Food,Keells,Card,Colombo,0
1748,2024-02-05,6149.09,Food,Pizza Hut,Mobile Wallet,Anuradhapura,0
1749,2024-02-06,5368.57,Food,Pizza Hut,Card,Galle,0
1750,2024-02-06,3595.72,Shopping,Electronics Store,Mobile Wallet,Kandy,0
1751,2024-02-06,1337.89,Education,Book Shop,Mobile Wallet,Kandy,0
1752,2024-02-06,2963.09,Bills,Internet,Card,Jaffna,0
1753,2024-02-06,3590.7,Shopping,Electronics Store,Cash,Galle,0
1754,2024-02-06,4439.09,Bills,Water,Card,Jaffna,0
1755,2024-02-06,1799.07,Education,Book Shop,Online Transfer,Jaffna,0
1756,2024-02-06,4494.95,Food,Keells,Card,Colombo,0
1757,2024-02-07,5563.71,Food,KFC,Cash,Anuradhapura,0
1758,2024-02-07,5228.13,Food,Pizza Hut,Mobile Wallet,Kurunegala,0
1759,2024-02-07,3994.65,Bills,Electricity,Cash,Kurunegala,0
1760,2024-02-07,1974.65,Entertainment,Gaming,Cash,Galle,0
1761,2024-02-07,3229.95,Bills,Electricity,Card,Jaffna,0
1762,2024-02-07,5085.4,Bills,Water,Online Transfer,Jaffna,0
1763,2024-02-07,2728.21,Transport,Uber,Cash,Colombo,0
1764,2024-02-07,3227.62,Transport,Bus,Mobile Wallet,Kurunegala,0
1765,2024-02-07,3255.56,Shopping,Electronics Store,Card,Jaffna,0
1766,2024-02-07,5003.68,Bills,Water,Online Transfer,Jaffna,0
1767,2024-02-08,4957.86,Food,Keells,Mobile Wallet,Kurunegala,0
1768,2024-02-08,1443.67,Health,Pharmacy,Card,Colombo,0
1769,2024-02-08,2307.35,Education,Book Shop,Mobile Wallet,Colombo,0
1770,2024-02-09,4829.22,Food,Pizza Hut,Card,Anuradhapura,0
1771,2024-02-09,5858.47,Food,Restaurant,Cash,Anuradhapura,0
1772,2024-02-09,2794.74,Shopping,Supermarket,Card,Colombo,0
1773,2024-02-09,905.65,Education,Book Shop,Mobile Wallet,Anuradhapura,0
1774,2024-02-10,6771.3,Food,Restaurant,Mobile Wallet,Kandy,0
1775,2024-02-11,4476.28,Shopping,Supermarket,Online Transfer,Kurunegala,0
1776,2024-02-11,6040.03,Food,Pizza Hut,Mobile Wallet,Kandy,0
1777,2024-02-11,3000.0,Entertainment,Netflix,Card,Colombo,0
1778,2024-02-11,7224.34,Bills,Water,Cash,Galle,0
1779,2024-02-11,6349.19,Transport,Fuel Station,Mobile Wallet,Jaffna,0
1780,2024-02-12,4023.06,Shopping,Supermarket,Card,Colombo,0
1781,2024-02-12,9396.7,Bills,Mobile,Online Transfer,Anuradhapura,1
1782,2024-02-12,3039.05,Transport,PickMe,Card,Colombo,0
1783,2024-02-13,3185.44,Education,Online Course,Mobile Wallet,Kandy,0
1784,2024-02-13,8228.16,Bills,Electricity,Mobile Wallet,Colombo,0
1785,2024-02-13,4815.04,Transport,Fuel Station,Cash,Colombo,0
1786,2024-02-14,8959.2,Food,Pizza Hut,Mobile Wallet,Kurunegala,0
1787,2024-02-14,5914.0,Transport,PickMe,Online Transfer,Jaffna,0
1788,2024-02-14,8485.17,Food,KFC,Online Transfer,Kandy,0
1789,2024-02-14,3224.95,Education,Book Shop,Online Transfer,Galle,0
1790,2024-02-15,3143.43,Bills,Water,Online Transfer,Anuradhapura,1
1791,2024-02-15,6340.16,Shopping,Electronics Store,Cash,Colombo,0
1792,2024-02-15,3965.12,Shopping,Fashion Store,Mobile Wallet,Kandy,0
1793,2024-02-15,4088.75,Transport,Bus,Cash,Kandy,0
1794,2024-02-15,4165.31,Bills,Mobile,Online Transfer,Anuradhapura,0
1795,2024-02-15,4643.74,Shopping,Supermarket,Online Transfer,Colombo,0
1796,2024-02-16,4138.06,Shopping,Electronics Store,Cash,Galle,0
1797,2024-02-16,8816.81,Food,Keells,Card,Anuradhapura,1
1798,2024-02-16,3679.21,Shopping,Supermarket,Card,Colombo,0
1799,2024-02-16,3500.86,Education,University,Online Transfer,Colombo,0
1800,2024-02-17,7493.77,Food,Pizza Hut,Online Transfer,Jaffna,0
1801,2024-02-17,3050.22,Education,Online Course,Card,Colombo,0
1802,2024-02-17,4443.17,Shopping,Fashion Store,Mobile Wallet,Galle,0
1803,2024-02-17,8450.03,Food,Keells,Mobile Wallet,Galle,0
1804,2024-02-17,2082.69,Entertainment,Netflix,Card,Colombo,0
1805,2024-02-18,9165.35,Food,Restaurant,Mobile Wallet,Colombo,0
1806,2024-02-18,5660.97,Food,Keells,Mobile Wallet,Colombo,0
1807,2024-02-18,5213.77,Bills,Mobile,Cash,Anuradhapura,0
1808,2024-02-18,2481.96,Entertainment,Cinema,Mobile Wallet,Kandy,0
1809,2024-02-18,8749.31,Food,Cargills,Cash,Anuradhapura,0
1810,2024-02-18,8250.26,Bills,Electricity,Online Transfer,Colombo,0
1811,2024-02-18,2952.0,Education,Book Shop,Card,Galle,0
1812,2024-02-19,4243.8,Bills,Internet,Card,Kurunegala,0
1813,2024-02-19,4832.27,Transport,PickMe,Cash,Jaffna,0
1814,2024-02-19,3446.58,Education,University,Mobile Wallet,Colombo,0
1815,2024-02-20,3062.42,Shopping,Fashion Store,Card,Kurunegala,0
1816,2024-02-20,4400.33,Shopping,Electronics Store,Online Transfer,Anuradhapura,0
1817,2024-02-20,6763.26,Food,Restaurant,Online Transfer,Galle,0
1818,2024-02-21,3720.3,Bills,Internet,Card,Kandy,0
1819,2024-02-21,3598.86,Shopping,Fashion Store,Cash,Anuradhapura,0
1820,2024-02-21,2303.01,Education,Online Course,Online Transfer,Galle,0
1821,2024-02-21,2284.4,Education,Book Shop,Cash,Colombo,0
1822,2024-02-21,6372.89,Bills,Internet,Cash,Kandy,0
1823,2024-02-21,6469.01,Food,Keells,Online Transfer,Jaffna,0
1824,2024-02-21,5732.64,Food,Restaurant,Mobile Wallet,Colombo,0
1825,2024-02-22,5300.56,Food,Pizza Hut,Card,Kurunegala,0
1826,2024-02-22,5208.67,Bills,Mobile,Card,Anuradhapura,0
1827,2024-02-22,4378.01,Bills,Internet,Online Transfer,Anuradhapura,0
1828,2024-02-22,5414.45,Bills,Electricity,Mobile Wallet,Anuradhapura,0
1829,2024-02-22,1767.3,Entertainment,Spotify,Cash,Kurunegala,1
1830,2024-02-23,3897.23,Transport,Uber,Mobile Wallet,Galle,0
1831,2024-02-23,1618.33,Health,Hospital,Online Transfer,Anuradhapura,0
1832,2024-02-24,4445.83,Shopping,Daraz,Mobile Wallet,Anuradhapura,0
1833,2024-02-24,3003.35,Education,Book Shop,Cash,Jaffna,0
1834,2024-02-24,8410.38,Shopping,Daraz,Mobile Wallet,Kurunegala,0
1835,2024-02-24,2710.91,Shopping,Electronics Store,Cash,Galle,0
1836,2024-02-24,3456.86,Education,University,Card,Galle,0
1837,2024-02-24,3808.48,Transport,Bus,Card,Colombo,0
1838,2024-02-24,2553.11,Entertainment,Netflix,Cash,Colombo,0
1839,2024-02-25,3641.26,Education,Online Course,Cash,Colombo,0
1840,2024-02-25,5236.86,Transport,Uber,Online Transfer,Galle,0
1841,2024-02-25,3192.15,Shopping,Electronics Store,Card,Kurunegala,0
1842,2024-02-25,6056.19,Shopping,Supermarket,Online Transfer,Jaffna,0
1843,2024-02-26,6680.07,Transport,Train,Online Transfer,Galle,0
1844,2024-02-26,5785.74,Transport,PickMe,Online Transfer,Kandy,0
1845,2024-02-26,2852.16,Transport,Fuel Station,Mobile Wallet,Colombo,0
1846,2024-02-26,4689.06,Transport,Train,Card,Colombo,0
1847,2024-02-27,3527.98,Entertainment,Cinema,Cash,Kurunegala,0
1848,2024-02-27,10201.64,Food,Keells,Cash,Galle,0
1849,2024-02-27,2702.86,Entertainment,Spotify,Cash,Jaffna,0
1850,2024-02-27,7545.09,Transport,Bus,Cash,Kurunegala,0
1851,2024-02-27,8131.65,Bills,Internet,Card,Kandy,0
1852,2024-02-28,4992.82,Education,Online Course,Mobile Wallet,Jaffna,0
1853,2024-02-28,6048.27,Bills,Mobile,Mobile Wallet,Kandy,0
1854,2024-02-28,4572.89,Transport,Uber,Cash,Galle,0
1855,2024-02-28,7592.4,Bills,Electricity,Mobile Wallet,Galle,0
1856,2024-02-28,6096.05,Food,Pizza Hut,Cash,Galle,0
1857,2024-02-29,2503.79,Health,Hospital,Mobile Wallet,Galle,0
1858,2024-03-01,8523.27,Food,Cargills,Online Transfer,Galle,0
1859,2024-03-01,9453.95,Bills,Internet,Card,Jaffna,0
1860,2024-03-01,2940.27,Entertainment,Cinema,Mobile Wallet,Colombo,0
1861,2024-03-01,2799.11,Entertainment,Netflix,Mobile Wallet,Anuradhapura,0
1862,2024-03-02,8094.25,Food,KFC,Mobile Wallet,Kandy,0
1863,2024-03-02,6961.45,Food,Restaurant,Cash,Jaffna,0
1864,2024-03-02,4991.35,Transport,Bus,Cash,Kurunegala,0
1865,2024-03-02,3602.52,Health,Pharmacy,Mobile Wallet,Kandy,0
1866,2024-03-02,5060.31,Shopping,Electronics Store,Online Transfer,Galle,0
1867,2024-03-02,2922.86,Entertainment,Cinema,Card,Kandy,0
1868,2024-03-03,4500.0,Bills,Internet,Online Transfer,Colombo,0
1869,2024-03-03,6762.41,Food,Keells,Online Transfer,Kandy,0
1870,2024-03-03,3575.8,Education,Online Course,Mobile Wallet,Kandy,0
1871,2024-03-03,3682.91,Shopping,Daraz,Card,Colombo,0
1872,2024-03-03,7261.11,Food,KFC,Card,Kurunegala,0
1873,2024-03-04,6786.7,Food,KFC,Online Transfer,Anuradhapura,0
1874,2024-03-04,3212.94,Shopping,Supermarket,Card,Kurunegala,0
1875,2024-03-04,6440.23,Transport,Fuel Station,Cash,Kandy,0
1876,2024-03-04,5681.46,Food,Restaurant,Online Transfer,Galle,0
1877,2024-03-04,2338.14,Health,Hospital,Cash,Jaffna,0
1878,2024-03-05,9431.74,Food,Pizza Hut,Mobile Wallet,Kurunegala,1
1879,2024-03-05,6653.41,Bills,Water,Card,Kurunegala,0
1880,2024-03-05,4100.86,Shopping,Daraz,Cash,Anuradhapura,0
1881,2024-03-05,5050.65,Shopping,Supermarket,Mobile Wallet,Kandy,0
1882,2024-03-06,8733.74,Food,Keells,Card,Colombo,0
1883,2024-03-06,4441.49,Bills,Mobile,Mobile Wallet,Colombo,0
1884,2024-03-06,5245.78,Bills,Internet,Online Transfer,Colombo,0
1885,2024-03-06,2584.5,Health,Medical Centre,Mobile Wallet,Anuradhapura,0
1886,2024-03-06,6256.87,Bills,Mobile,Card,Jaffna,0
1887,2024-03-06,4315.12,Transport,Uber,Online Transfer,Kandy,0
1888,2024-03-07,6213.31,Food,Pizza Hut,Online Transfer,Colombo,0
1889,2024-03-07,6985.11,Food,Cargills,Mobile Wallet,Anuradhapura,0
1890,2024-03-07,3324.6,Shopping,Supermarket,Mobile Wallet,Kurunegala,0
1891,2024-03-08,4582.12,Bills,Water,Cash,Kandy,0
1892,2024-03-08,5196.82,Shopping,Electronics Store,Online Transfer,Anuradhapura,0
1893,2024-03-08,5140.25,Shopping,Daraz,Card,Colombo,0
1894,2024-03-08,4163.85,Entertainment,Netflix,Cash,Kandy,0
1895,2024-03-09,5880.95,Food,KFC,Cash,Galle,0
1896,2024-03-09,4051.55,Food,KFC,Mobile Wallet,Kandy,0
1897,2024-03-09,3426.38,Shopping,Electronics Store,Card,Colombo,0
1898,2024-03-09,1668.31,Entertainment,Spotify,Card,Anuradhapura,0
1899,2024-03-10,2748.15,Health,Hospital,Card,Galle,0
1900,2024-03-10,3915.71,Shopping,Electronics Store,Online Transfer,Anuradhapura,0
1901,2024-03-10,8323.92,Shopping,Supermarket,Cash,Jaffna,0
1902,2024-03-10,3000.0,Entertainment,Netflix,Card,Colombo,0
1903,2024-03-10,8201.73,Transport,Fuel Station,Online Transfer,Kurunegala,0
1904,2024-03-11,8349.04,Bills,Mobile,Cash,Galle,0
1905,2024-03-11,3299.11,Education,University,Mobile Wallet,Jaffna,0
1906,2024-03-11,5099.3,Shopping,Supermarket,Online Transfer,Colombo,0
1907,2024-03-11,7285.86,Bills,Water,Mobile Wallet,Kurunegala,0
1908,2024-03-12,3707.81,Education,Book Shop,Cash,Jaffna,0
1909,2024-03-12,3301.99,Entertainment,Cinema,Card,Colombo,0
1910,2024-03-12,5999.63,Transport,Train,Mobile Wallet,Colombo,0
1911,2024-03-12,6397.88,Food,Restaurant,Cash,Colombo,0
1912,2024-03-12,5262.12,Shopping,Electronics Store,Cash,Galle,0
1913,2024-03-13,3022.4,Education,University,Card,Jaffna,0
1914,2024-03-14,10428.98,Food,Pizza Hut,Online Transfer,Kandy,1
1915,2024-03-14,3506.76,Transport,Bus,Online Transfer,Kurunegala,0
1916,2024-03-14,6385.88,Bills,Internet,Online Transfer,Colombo,0
1917,2024-03-14,7156.81,Bills,Internet,Card,Galle,0
1918,2024-03-14,3895.08,Transport,PickMe,Card,Jaffna,0
1919,2024-03-15,4899.8,Shopping,Supermarket,Online Transfer,Anuradhapura,0
1920,2024-03-15,3235.76,Entertainment,Cinema,Cash,Jaffna,0
1921,2024-03-15,8763.96,Food,KFC,Online Transfer,Jaffna,0
1922,2024-03-15,2724.8,Health,Medical Centre,Mobile Wallet,Kurunegala,0
1923,2024-03-15,3226.37,Health,Pharmacy,Online Transfer,Jaffna,0
1924,2024-03-15,7927.08,Shopping,Supermarket,Online Transfer,Jaffna,0
1925,2024-03-15,3469.88,Transport,Bus,Card,Jaffna,0
1926,2024-03-16,7656.69,Food,Cargills,Online Transfer,Kandy,0
1927,2024-03-16,2671.02,Health,Medical Centre,Card,Colombo,0
1928,2024-03-16,7210.93,Bills,Mobile,Cash,Kandy,0
1929,2024-03-17,7360.44,Bills,Electricity,Online Transfer,Colombo,0
1930,2024-03-17,4108.63,Shopping,Fashion Store,Online Transfer,Kurunegala,0
1931,2024-03-17,6131.64,Transport,Bus,Card,Colombo,0
1932,2024-03-17,11012.29,Food,Cargills,Card,Anuradhapura,0
1933,2024-03-18,6253.34,Food,Restaurant,Mobile Wallet,Kandy,0
1934,2024-03-18,4263.11,Bills,Water,Mobile Wallet,Jaffna,0
1935,2024-03-18,7895.86,Food,Restaurant,Cash,Kurunegala,0
1936,2024-03-18,5202.04,Food,Keells,Mobile Wallet,Colombo,0
1937,2024-03-19,2695.64,Education,Book Shop,Mobile Wallet,Anuradhapura,0
1938,2024-03-20,4315.77,Transport,PickMe,Mobile Wallet,Jaffna,0
1939,2024-03-20,2045.36,Health,Hospital,Cash,Colombo,0
1940,2024-03-20,5252.34,Bills,Mobile,Online Transfer,Kandy,0
1941,2024-03-20,4012.35,Bills,Mobile,Cash,Jaffna,0
1942,2024-03-20,3886.79,Shopping,Fashion Store,Cash,Galle,0
1943,2024-03-20,4667.6,Transport,Uber,Card,Kurunegala,0
1944,2024-03-21,4009.76,Bills,Mobile,Online Transfer,Colombo,0
1945,2024-03-21,3929.77,Transport,Fuel Station,Mobile Wallet,Colombo,0
1946,2024-03-21,5503.98,Bills,Internet,Card,Anuradhapura,0
1947,2024-03-21,4556.37,Education,University,Card,Kurunegala,0
1948,2024-03-21,3344.46,Shopping,Daraz,Card,Anuradhapura,0
1949,2024-03-21,5480.12,Transport,Bus,Cash,Jaffna,0
1950,2024-03-21,5887.46,Food,Restaurant,Cash,Anuradhapura,0
1951,2024-03-21,1997.49,Health,Pharmacy,Online Transfer,Anuradhapura,0
1952,2024-03-21,4630.57,Shopping,Electronics Store,Cash,Kurunegala,0
1953,2024-03-22,11580.24,Food,Restaurant,Online Transfer,Jaffna,0
1954,2024-03-22,6343.85,Food,Cargills,Online Transfer,Anuradhapura,0
1955,2024-03-22,5274.71,Transport,Train,Mobile Wallet,Colombo,0
1956,2024-03-22,3364.82,Transport,PickMe,Mobile Wallet,Galle,0
1957,2024-03-23,4182.03,Education,University,Card,Colombo,0
1958,2024-03-23,3970.2,Bills,Water,Online Transfer,Anuradhapura,0
1959,2024-03-23,6783.65,Food,Cargills,Card,Colombo,0
1960,2024-03-24,10528.1,Bills,Mobile,Cash,Jaffna,0
1961,2024-03-24,7299.5,Bills,Internet,Mobile Wallet,Galle,0
1962,2024-03-25,9869.17,Bills,Electricity,Card,Colombo,0
1963,2024-03-25,6039.46,Shopping,Supermarket,Cash,Colombo,0
1964,2024-03-25,4275.41,Shopping,Supermarket,Mobile Wallet,Kurunegala,0
1965,2024-03-26,5979.92,Food,KFC,Mobile Wallet,Anuradhapura,0
1966,2024-03-26,7550.4,Bills,Electricity,Cash,Jaffna,0
1967,2024-03-27,3383.28,Shopping,Daraz,Cash,Kandy,0
1968,2024-03-27,3533.84,Transport,Train,Cash,Galle,0
1969,2024-03-28,6085.34,Food,Cargills,Online Transfer,Jaffna,0
1970,2024-03-28,3117.11,Entertainment,Spotify,Cash,Jaffna,0
1971,2024-03-28,2114.72,Health,Hospital,Online Transfer,Galle,0
1972,2024-03-28,3206.51,Education,University,Cash,Kurunegala,0
1973,2024-03-28,13947.2,Food,Restaurant,Online Transfer,Colombo,0
1974,2024-03-29,9352.77,Food,Keells,Mobile Wallet,Galle,0
1975,2024-03-29,5699.3,Shopping,Supermarket,Cash,Kandy,0
1976,2024-03-29,7865.91,Food,Restaurant,Mobile Wallet,Kandy,0
1977,2024-03-29,7351.92,Bills,Water,Mobile Wallet,Anuradhapura,0
1978,2024-03-30,5713.11,Transport,Uber,Online Transfer,Colombo,0
1979,2024-03-30,7735.27,Food,Keells,Card,Kandy,0
1980,2024-03-30,8554.21,Shopping,Daraz,Online Transfer,Colombo,0
1981,2024-03-30,4289.75,Shopping,Fashion Store,Cash,Colombo,0
1982,2024-03-30,10219.15,Food,Cargills,Mobile Wallet,Anuradhapura,0
1983,2024-03-31,4327.32,Shopping,Supermarket,Online Transfer,Kurunegala,0
1984,2024-03-31,4749.8,Shopping,Electronics Store,Cash,Jaffna,0
1985,2024-03-31,4523.24,Transport,Uber,Card,Jaffna,0
1986,2024-04-01,9876.77,Bills,Electricity,Card,Anuradhapura,0
1987,2024-04-01,5747.25,Bills,Electricity,Online Transfer,Anuradhapura,0
1988,2024-04-01,6548.39,Food,Restaurant,Card,Galle,0
1989,2024-04-01,5340.02,Shopping,Fashion Store,Cash,Galle,0
1990,2024-04-02,1818.34,Health,Medical Centre,Cash,Colombo,0
1991,2024-04-02,5218.62,Bills,Internet,Card,Kurunegala,0
1992,2024-04-02,8495.43,Food,Restaurant,Card,Jaffna,0
1993,2024-04-02,5754.11,Food,Pizza Hut,Card,Jaffna,0
1994,2024-04-02,3237.43,Transport,Fuel Station,Cash,Colombo,0
1995,2024-04-02,7302.54,Food,Restaurant,Card,Galle,0
1996,2024-04-02,8332.44,Bills,Internet,Card,Colombo,0
1997,2024-04-02,3570.59,Bills,Electricity,Card,Kurunegala,0
1998,2024-04-03,5343.05,Food,Pizza Hut,Cash,Anuradhapura,0
1999,2024-04-03,2463.25,Health,Hospital,Cash,Jaffna,0
2000,2024-04-03,6209.35,Food,Restaurant,Cash,Anuradhapura,0
2001,2024-04-03,4683.49,Transport,Train,Mobile Wallet,Galle,0
2002,2024-04-04,6097.63,Transport,Fuel Station,Cash,Kurunegala,0
2003,2024-04-04,5477.9,Transport,Bus,Cash,Kurunegala,0
2004,2024-04-04,1969.55,Entertainment,Cinema,Card,Jaffna,0
2005,2024-04-05,5260.7,Transport,Fuel Station,Online Transfer,Kandy,0
2006,2024-04-05,3664.24,Bills,Electricity,Cash,Kurunegala,0
2007,2024-04-05,5637.56,Transport,Fuel Station,Mobile Wallet,Jaffna,0
2008,2024-04-06,4025.5,Transport,PickMe,Cash,Galle,0
2009,2024-04-06,4449.44,Shopping,Electronics Store,Cash,Colombo,0
2010,2024-04-06,7867.97,Bills,Internet,Card,Jaffna,0
2011,2024-04-06,4073.2,Transport,Train,Mobile Wallet,Jaffna,0
2012,2024-04-07,4500.0,Bills,Internet,Online Transfer,Colombo,0
2013,2024-04-07,11032.0,Food,Cargills,Mobile Wallet,Jaffna,0
2014,2024-04-07,2883.07,Health,Pharmacy,Cash,Jaffna,0
2015,2024-04-07,5868.84,Transport,Bus,Mobile Wallet,Kurunegala,0
2016,2024-04-07,3261.61,Entertainment,Cinema,Mobile Wallet,Kurunegala,0
2017,2024-04-07,5567.23,Transport,Uber,Mobile Wallet,Anuradhapura,0
2018,2024-04-08,1438.06,Entertainment,Cinema,Online Transfer,Galle,0
2019,2024-04-08,6205.6,Bills,Water,Mobile Wallet,Anuradhapura,0
2020,2024-04-09,3314.52,Transport,Fuel Station,Cash,Anuradhapura,0
2021,2024-04-09,7746.67,Transport,Train,Cash,Kandy,0
2022,2024-04-09,11299.43,Bills,Water,Cash,Galle,0
2023,2024-04-09,1865.06,Entertainment,Cinema,Mobile Wallet,Anuradhapura,0
2024,2024-04-09,5307.12,Transport,Uber,Cash,Colombo,0
2025,2024-04-10,8848.6,Food,Keells,Cash,Kandy,0
2026,2024-04-10,2520.35,Education,Online Course,Cash,Galle,0
2027,2024-04-10,6966.32,Transport,Train,Card,Anuradhapura,0
2028,2024-04-11,6677.57,Bills,Mobile,Mobile Wallet,Galle,0
2029,2024-04-11,3472.11,Entertainment,Gaming,Cash,Kurunegala,0
2030,2024-04-11,3707.59,Transport,PickMe,Card,Jaffna,0
2031,2024-04-11,9973.07,Food,KFC,Mobile Wallet,Colombo,0
2032,2024-04-11,3844.64,Education,Online Course,Card,Kandy,0
2033,2024-04-11,7042.09,Transport,Bus,Cash,Kandy,0
2034,2024-04-11,8184.33,Bills,Water,Online Transfer,Colombo,0
2035,2024-04-12,6575.57,Bills,Electricity,Cash,Kandy,0
2036,2024-04-13,2378.85,Entertainment,Cinema,Online Transfer,Kandy,0
2037,2024-04-13,3885.01,Transport,Fuel Station,Card,Jaffna,0
2038,2024-04-13,8147.49,Transport,Train,Online Transfer,Kandy,0
2039,2024-04-13,11616.98,Food,Pizza Hut,Card,Kurunegala,0
2040,2024-04-13,1993.75,Health,Hospital,Cash,Anuradhapura,0
2041,2024-04-14,3000.0,Entertainment,Netflix,Card,Colombo,0
2042,2024-04-14,10059.54,Food,KFC,Mobile Wallet,Jaffna,0
2043,2024-04-14,4471.28,Shopping,Fashion Store,Online Transfer,Anuradhapura,0
2044,2024-04-14,1854.71,Health,Hospital,Card,Galle,0
2045,2024-04-14,3347.79,Entertainment,Spotify,Cash,Jaffna,0
2046,2024-04-14,4473.36,Transport,Fuel Station,Online Transfer,Jaffna,0
2047,2024-04-15,4946.32,Shopping,Supermarket,Online Transfer,Kurunegala,0
2048,2024-04-15,4982.72,Bills,Internet,Card,Colombo,0
2049,2024-04-15,6395.79,Food,Restaurant,Online Transfer,Galle,0
2050,2024-04-16,3984.83,Transport,Train,Mobile Wallet,Galle,0
2051,2024-04-16,8813.77,Bills,Electricity,Card,Anuradhapura,0
2052,2024-04-16,6264.01,Shopping,Electronics Store,Card,Anuradhapura,0
2053,2024-04-16,4805.33,Transport,Uber,Card,Colombo,0
2054,2024-04-16,6962.27,Shopping,Daraz,Online Transfer,Anuradhapura,0
2055,2024-04-17,9175.89,Food,KFC,Cash,Anuradhapura,0
2056,2024-04-17,7675.6,Food,Cargills,Card,Galle,0
2057,2024-04-17,4223.77,Shopping,Fashion Store,Mobile Wallet,Galle,0
2058,2024-04-17,7574.83,Shopping,Fashion Store,Card,Colombo,0
2059,2024-04-18,3862.13,Education,Online Course,Mobile Wallet,Kurunegala,0
2060,2024-04-18,4341.84,Transport,Fuel Station,Cash,Galle,0
2061,2024-04-18,5010.0,Transport,Uber,Online Transfer,Kandy,0
2062,2024-04-18,2017.62,Health,Medical Centre,Mobile Wallet,Galle,0
2063,2024-04-19,1869.93,Health,Hospital,Mobile Wallet,Anuradhapura,0
2064,2024-04-19,5445.04,Transport,Bus,Cash,Kandy,0
2065,2024-04-19,7953.69,Bills,Electricity,Cash,Kandy,0
2066,2024-04-19,5504.8,Shopping,Supermarket,Card,Kurunegala,0
2067,2024-04-19,4366.69,Shopping,Daraz,Online Transfer,Colombo,0
2068,2024-04-19,7132.82,Bills,Water,Mobile Wallet,Kurunegala,0
2069,2024-04-19,11664.19,Food,Keells,Card,Colombo,0
2070,2024-04-20,4587.33,Bills,Electricity,Mobile Wallet,Jaffna,0
2071,2024-04-20,6729.06,Food,Restaurant,Card,Colombo,0
2072,2024-04-21,4897.72,Transport,Uber,Mobile Wallet,Kurunegala,0
2073,2024-04-21,7048.53,Shopping,Supermarket,Mobile Wallet,Jaffna,0
2074,2024-04-21,7675.23,Bills,Electricity,Online Transfer,Colombo,0
2075,2024-04-21,5790.63,Education,University,Card,Kandy,0
2076,2024-04-22,3284.44,Entertainment,Netflix,Cash,Colombo,0
2077,2024-04-22,9388.62,Food,KFC,Card,Kandy,0
2078,2024-04-23,15352.6,Bills,Internet,Mobile Wallet,Kandy,0
2079,2024-04-23,10080.22,Food,KFC,Cash,Kandy,0
2080,2024-04-23,6409.7,Bills,Internet,Cash,Anuradhapura,0
2081,2024-04-23,9888.69,Food,KFC,Card,Anuradhapura,0
2082,2024-04-23,11051.96,Bills,Electricity,Cash,Colombo,0
2083,2024-04-23,4602.26,Transport,Train,Card,Jaffna,0
2084,2024-04-24,8572.33,Bills,Internet,Mobile Wallet,Kurunegala,0
2085,2024-04-24,3333.41,Entertainment,Spotify,Online Transfer,Galle,1
2086,2024-04-24,2465.97,Health,Medical Centre,Card,Colombo,0
2087,2024-04-24,6698.68,Food,Pizza Hut,Online Transfer,Kurunegala,0
2088,2024-04-24,4066.98,Health,Medical Centre,Card,Galle,0
2089,2024-04-24,7874.9,Bills,Water,Cash,Jaffna,0
2090,2024-04-25,6739.63,Bills,Electricity,Mobile Wallet,Jaffna,0
2091,2024-04-25,7990.4,Bills,Water,Cash,Anuradhapura,0
2092,2024-04-25,4588.92,Education,Online Course,Card,Kurunegala,0
2093,2024-04-26,5879.78,Shopping,Daraz,Online Transfer,Galle,0
2094,2024-04-26,8808.51,Bills,Water,Cash,Galle,0
2095,2024-04-26,4123.11,Shopping,Daraz,Mobile Wallet,Colombo,0
2096,2024-04-26,5604.9,Shopping,Electronics Store,Cash,Colombo,0
2097,2024-04-27,7032.9,Bills,Mobile,Mobile Wallet,Kandy,0
2098,2024-04-28,4411.46,Transport,Uber,Mobile Wallet,Galle,0
2099,2024-04-28,8140.41,Food,Pizza Hut,Online Transfer,Anuradhapura,0
2100,2024-04-28,6481.15,Shopping,Supermarket,Cash,Colombo,0
2101,2024-04-28,2523.19,Education,Book Shop,Mobile Wallet,Anuradhapura,0
2102,2024-04-29,6965.74,Food,Keells,Card,Kurunegala,0
2103,2024-04-29,2293.61,Health,Medical Centre,Online Transfer,Anuradhapura,0
2104,2024-04-29,7304.71,Bills,Water,Mobile Wallet,Colombo,0
2105,2024-04-29,5204.66,Bills,Electricity,Mobile Wallet,Galle,0
2106,2024-04-29,8677.94,Food,KFC,Online Transfer,Jaffna,1
2107,2024-04-30,6362.89,Bills,Electricity,Mobile Wallet,Anuradhapura,0
2108,2024-04-30,5462.17,Shopping,Daraz,Card,Kurunegala,0
2109,2024-04-30,2152.94,Entertainment,Cinema,Mobile Wallet,Galle,0
2110,2024-05-01,9488.25,Food,Pizza Hut,Card,Anuradhapura,0
2111,2024-05-01,5703.86,Bills,Water,Mobile Wallet,Jaffna,0
2112,2024-05-01,6996.85,Food,Restaurant,Mobile Wallet,Jaffna,0
2113,2024-05-01,2835.29,Entertainment,Gaming,Card,Galle,0
2114,2024-05-01,6215.7,Bills,Electricity,Online Transfer,Jaffna,0
2115,2024-05-01,7687.11,Food,Keells,Cash,Galle,0
2116,2024-05-02,2782.88,Education,Book Shop,Card,Kandy,0
2117,2024-05-02,6233.51,Transport,Fuel Station,Cash,Kurunegala,0
2118,2024-05-02,5115.1,Transport,Uber,Online Transfer,Anuradhapura,0
2119,2024-05-02,9138.41,Food,Pizza Hut,Card,Colombo,0
2120,2024-05-02,1965.13,Health,Medical Centre,Card,Kandy,0
2121,2024-05-03,1433.34,Entertainment,Spotify,Cash,Kurunegala,0
2122,2024-05-03,3478.69,Education,Book Shop,Card,Kurunegala,0
2123,2024-05-03,5752.01,Transport,Uber,Online Transfer,Kurunegala,0
2124,2024-05-03,2100.17,Education,Online Course,Online Transfer,Kurunegala,0
2125,2024-05-03,10095.27,Food,Cargills,Online Transfer,Kandy,0
2126,2024-05-04,2137.45,Entertainment,Cinema,Mobile Wallet,Kandy,0
2127,2024-05-04,9856.29,Food,Cargills,Card,Colombo,0
2128,2024-05-04,9669.64,Food,Pizza Hut,Mobile Wallet,Anuradhapura,0
2129,2024-05-04,3533.98,Transport,Bus,Mobile Wallet,Galle,0
2130,2024-05-05,13425.2,Food,Cargills,Cash,Kandy,0
2131,2024-05-05,3451.22,Health,Medical Centre,Mobile Wallet,Colombo,0
2132,2024-05-05,3304.16,Entertainment,Cinema,Mobile Wallet,Kurunegala,0
2133,2024-05-05,16129.36,Food,KFC,Card,Anuradhapura,0
2134,2024-05-05,12512.36,Bills,Internet,Cash,Kurunegala,0
2135,2024-05-05,4500.0,Bills,Internet,Online Transfer,Colombo,0
2136,2024-05-06,7910.71,Bills,Internet,Card,Kurunegala,0
2137,2024-05-06,6296.99,Bills,Internet,Cash,Jaffna,0
2138,2024-05-06,6327.64,Shopping,Daraz,Online Transfer,Galle,0
2139,2024-05-06,7021.46,Transport,Uber,Online Transfer,Kandy,0
2140,2024-05-07,8617.43,Food,KFC,Mobile Wallet,Galle,0
2141,2024-05-07,8631.68,Food,Restaurant,Online Transfer,Galle,0
2142,2024-05-07,7672.43,Bills,Electricity,Mobile Wallet,Jaffna,0
2143,2024-05-07,4008.81,Education,University,Card,Anuradhapura,0
2144,2024-05-07,15750.18,Food,Pizza Hut,Cash,Anuradhapura,0
2145,2024-05-08,3400.51,Health,Medical Centre,Mobile Wallet,Jaffna,0
2146,2024-05-09,4691.41,Transport,Uber,Card,Kandy,0
2147,2024-05-09,6635.62,Bills,Water,Online Transfer,Colombo,0
2148,2024-05-09,9559.45,Bills,Mobile,Card,Colombo,0
2149,2024-05-10,8477.23,Food,Restaurant,Cash,Colombo,0
2150,2024-05-10,2003.55,Health,Pharmacy,Cash,Kandy,0
2151,2024-05-10,8699.37,Transport,PickMe,Card,Colombo,0
2152,2024-05-11,4865.43,Health,Hospital,Card,Kurunegala,0
2153,2024-05-11,6071.14,Transport,Uber,Cash,Galle,0
2154,2024-05-11,8093.8,Food,Keells,Cash,Jaffna,0
2155,2024-05-12,7904.98,Food,Pizza Hut,Card,Galle,0
2156,2024-05-12,7566.49,Food,Pizza Hut,Mobile Wallet,Anuradhapura,0
2157,2024-05-12,4230.62,Transport,Uber,Card,Kandy,0
2158,2024-05-12,3000.0,Entertainment,Netflix,Card,Colombo,0
2159,2024-05-12,7197.24,Food,Cargills,Card,Kandy,0
2160,2024-05-13,1697.81,Health,Pharmacy,Online Transfer,Galle,0
2161,2024-05-13,6272.31,Bills,Mobile,Online Transfer,Galle,0
2162,2024-05-13,4672.28,Bills,Internet,Mobile Wallet,Jaffna,0
2163,2024-05-13,8222.77,Bills,Mobile,Card,Colombo,0
2164,2024-05-13,6651.38,Food,Restaurant,Cash,Jaffna,0
2165,2024-05-14,6941.92,Food,Keells,Card,Jaffna,0
2166,2024-05-14,4753.0,Shopping,Daraz,Card,Galle,0
2167,2024-05-14,3463.38,Shopping,Electronics Store,Cash,Kandy,0
2168,2024-05-14,4279.65,Shopping,Fashion Store,Card,Kandy,0
2169,2024-05-14,3173.48,Transport,Bus,Mobile Wallet,Galle,0
2170,2024-05-15,8237.96,Bills,Water,Online Transfer,Galle,0
2171,2024-05-15,6297.4,Food,Keells,Online Transfer,Jaffna,0
2172,2024-05-15,8770.62,Food,Pizza Hut,Mobile Wallet,Anuradhapura,0
2173,2024-05-15,2535.21,Education,Book Shop,Card,Jaffna,0
2174,2024-05-15,11731.97,Food,Restaurant,Cash,Kandy,0
2175,2024-05-15,3996.1,Transport,Train,Card,Colombo,0
2176,2024-05-16,6289.78,Shopping,Electronics Store,Mobile Wallet,Anuradhapura,0
2177,2024-05-17,5302.58,Shopping,Fashion Store,Card,Anuradhapura,0
2178,2024-05-17,10200.35,Bills,Mobile,Mobile Wallet,Kurunegala,0
2179,2024-05-17,2707.34,Entertainment,Netflix,Online Transfer,Anuradhapura,0
2180,2024-05-18,7987.04,Transport,Bus,Cash,Galle,0
2181,2024-05-18,2950.77,Entertainment,Cinema,Cash,Jaffna,0
2182,2024-05-18,7043.81,Transport,Uber,Online Transfer,Anuradhapura,0
2183,2024-05-18,6691.05,Transport,PickMe,Mobile Wallet,Colombo,0
2184,2024-05-18,7100.46,Bills,Electricity,Cash,Galle,0
2185,2024-05-19,4683.98,Shopping,Electronics Store,Card,Galle,0
2186,2024-05-19,4765.82,Transport,Uber,Cash,Jaffna,0
2187,2024-05-19,4570.71,Transport,Train,Cash,Galle,0
2188,2024-05-19,5501.75,Food,Cargills,Card,Anuradhapura,0
2189,2024-05-19,6891.25,Bills,Electricity,Online Transfer,Colombo,0
2190,2024-05-19,5337.14,Shopping,Daraz,Mobile Wallet,Jaffna,0
2191,2024-05-20,2288.41,Entertainment,Gaming,Online Transfer,Anuradhapura,0
2192,2024-05-20,4086.44,Transport,Fuel Station,Online Transfer,Colombo,0
2193,2024-05-20,6322.18,Bills,Internet,Cash,Kurunegala,0
2194,2024-05-21,4787.11,Shopping,Daraz,Card,Anuradhapura,0
2195,2024-05-21,5823.4,Transport,PickMe,Online Transfer,Kandy,0
2196,2024-05-21,3216.03,Education,Online Course,Online Transfer,Galle,0
2197,2024-05-21,10551.25,Food,KFC,Online Transfer,Jaffna,0
2198,2024-05-21,5096.83,Shopping,Supermarket,Mobile Wallet,Anuradhapura,0
2199,2024-05-21,3440.93,Education,University,Cash,Jaffna,0
2200,2024-05-22,6004.16,Transport,PickMe,Mobile Wallet,Galle,0
2201,2024-05-22,4226.84,Shopping,Daraz,Card,Kurunegala,0
2202,2024-05-22,5497.09,Bills,Mobile,Cash,Kandy,0
2203,2024-05-23,3701.89,Entertainment,Gaming,Mobile Wallet,Kurunegala,0
2204,2024-05-23,5510.02,Transport,Fuel Station,Cash,Kandy,0
2205,2024-05-23,2376.33,Entertainment,Spotify,Cash,Galle,0
2206,2024-05-23,3216.96,Transport,Fuel Station,Online Transfer,Jaffna,0
2207,2024-05-23,3197.8,Education,Online Course,Cash,Kandy,0
2208,2024-05-23,5911.32,Bills,Mobile,Card,Kandy,0
2209,2024-05-23,4880.28,Shopping,Electronics Store,Mobile Wallet,Colombo,0
2210,2024-05-24,5936.64,Shopping,Daraz,Online Transfer,Anuradhapura,0
2211,2024-05-24,6697.2,Food,KFC,Card,Colombo,0
2212,2024-05-24,1599.68,Entertainment,Gaming,Mobile Wallet,Anuradhapura,0
2213,2024-05-24,8574.14,Food,Restaurant,Online Transfer,Kandy,0
2214,2024-05-24,7100.5,Bills,Mobile,Online Transfer,Jaffna,0
2215,2024-05-25,2500.86,Education,Book Shop,Online Transfer,Galle,0
2216,2024-05-25,7114.24,Food,Restaurant,Cash,Anuradhapura,0
2217,2024-05-25,5840.27,Food,Pizza Hut,Card,Kurunegala,0
2218,2024-05-25,2978.51,Entertainment,Gaming,Cash,Colombo,0
2219,2024-05-26,9118.45,Bills,Electricity,Cash,Anuradhapura,0
2220,2024-05-26,7880.82,Bills,Mobile,Mobile Wallet,Kandy,0
2221,2024-05-27,4788.68,Bills,Internet,Cash,Galle,0
2222,2024-05-27,2850.13,Health,Medical Centre,Mobile Wallet,Jaffna,0
2223,2024-05-27,7610.41,Bills,Water,Mobile Wallet,Anuradhapura,0
2224,2024-05-27,5747.45,Shopping,Fashion Store,Mobile Wallet,Galle,0
2225,2024-05-27,4387.77,Transport,Uber,Mobile Wallet,Anuradhapura,0
2226,2024-05-27,2746.74,Education,Online Course,Online Transfer,Colombo,0
2227,2024-05-28,8975.61,Food,Keells,Mobile Wallet,Kurunegala,0
2228,2024-05-28,4988.02,Shopping,Electronics Store,Card,Anuradhapura,0
2229,2024-05-28,3446.5,Education,Book Shop,Online Transfer,Colombo,0
2230,2024-05-28,8100.35,Bills,Internet,Mobile Wallet,Galle,0
2231,2024-05-28,6827.79,Bills,Electricity,Cash,Jaffna,0
2232,2024-05-29,2827.6,Education,University,Mobile Wallet,Jaffna,0
2233,2024-05-29,4034.11,Shopping,Supermarket,Mobile Wallet,Kandy,0
2234,2024-05-29,6945.98,Food,KFC,Card,Kandy,0
2235,2024-05-30,9537.41,Food,Pizza Hut,Card,Kandy,0
2236,2024-05-30,2481.72,Education,University,Cash,Kurunegala,0
2237,2024-05-30,3923.71,Entertainment,Netflix,Mobile Wallet,Colombo,0
2238,2024-05-30,4268.23,Shopping,Electronics Store,Card,Jaffna,0
2239,2024-05-30,8844.19,Bills,Mobile,Mobile Wallet,Colombo,0
2240,2024-05-31,6015.55,Shopping,Daraz,Card,Kandy,0
2241,2024-05-31,6418.52,Bills,Electricity,Online Transfer,Jaffna,0
2242,2024-05-31,6017.47,Shopping,Daraz,Online Transfer,Jaffna,0
2243,2024-06-01,6035.48,Bills,Mobile,Mobile Wallet,Colombo,0
2244,2024-06-01,3177.02,Health,Pharmacy,Card,Jaffna,0
2245,2024-06-01,16487.28,Food,KFC,Cash,Anuradhapura,0
2246,2024-06-02,5103.21,Shopping,Fashion Store,Mobile Wallet,Galle,0
2247,2024-06-02,7851.6,Shopping,Fashion Store,Card,Kandy,0
2248,2024-06-02,4500.0,Bills,Internet,Online Transfer,Colombo,0
2249,2024-06-03,1934.0,Entertainment,Cinema,Card,Kurunegala,0
2250,2024-06-03,5686.52,Bills,Electricity,Online Transfer,Kurunegala,0
2251,2024-06-03,1672.5,Entertainment,Spotify,Online Transfer,Anuradhapura,0
2252,2024-06-04,8350.49,Food,Restaurant,Cash,Galle,0
2253,2024-06-04,2812.12,Health,Medical Centre,Online Transfer,Jaffna,0
2254,2024-06-04,6972.75,Food,Restaurant,Cash,Anuradhapura,0
2255,2024-06-04,5559.52,Education,Book Shop,Online Transfer,Kandy,0
2256,2024-06-05,7788.84,Shopping,Electronics Store,Cash,Anuradhapura,0
2257,2024-06-05,2032.45,Health,Medical Centre,Card,Kurunegala,0
2258,2024-06-05,7361.65,Food,Pizza Hut,Cash,Anuradhapura,0
2259,2024-06-05,7876.89,Food,Keells,Mobile Wallet,Colombo,0
2260,2024-06-06,7792.67,Bills,Mobile,Cash,Galle,0
2261,2024-06-06,3863.45,Transport,Train,Online Transfer,Anuradhapura,0
2262,2024-06-06,3293.11,Entertainment,Gaming,Cash,Anuradhapura,0
2263,2024-06-06,8607.0,Bills,Internet,Mobile Wallet,Anuradhapura,0
2264,2024-06-06,7774.48,Food,Pizza Hut,Online Transfer,Anuradhapura,0
2265,2024-06-06,1974.1,Entertainment,Gaming,Mobile Wallet,Colombo,0
2266,2024-06-06,2719.88,Entertainment,Netflix,Cash,Jaffna,0
2267,2024-06-07,4479.75,Transport,Uber,Cash,Kandy,0
2268,2024-06-07,8416.67,Food,Cargills,Card,Anuradhapura,0
2269,2024-06-07,7666.74,Food,Keells,Mobile Wallet,Anuradhapura,0
2270,2024-06-07,7287.52,Transport,Train,Mobile Wallet,Jaffna,0
2271,2024-06-08,4452.46,Shopping,Fashion Store,Mobile Wallet,Colombo,0
2272,2024-06-08,2780.64,Health,Medical Centre,Card,Kurunegala,0
2273,2024-06-08,6706.72,Shopping,Daraz,Online Transfer,Anuradhapura,0
2274,2024-06-08,3166.31,Health,Medical Centre,Card,Anuradhapura,0
2275,2024-06-08,4696.18,Transport,Train,Card,Galle,0
2276,2024-06-09,3070.94,Shopping,Supermarket,Mobile Wallet,Galle,0
2277,2024-06-09,5799.35,Bills,Water,Cash,Anuradhapura,0
2278,2024-06-09,1504.44,Entertainment,Gaming,Cash,Colombo,0
2279,2024-06-09,1747.44,Health,Hospital,Mobile Wallet,Jaffna,0
2280,2024-06-09,3000.0,Entertainment,Netflix,Card,Colombo,0
2281,2024-06-09,5433.08,Education,Online Course,Card,Anuradhapura,0
2282,2024-06-09,2301.29,Health,Medical Centre,Mobile Wallet,Kurunegala,0
2283,2024-06-10,6001.39,Bills,Electricity,Mobile Wallet,Galle,0
2284,2024-06-10,5982.45,Transport,Bus,Online Transfer,Galle,0
2285,2024-06-10,5471.75,Bills,Mobile,Online Transfer,Colombo,0
2286,2024-06-10,4475.59,Bills,Water,Online Transfer,Galle,0
2287,2024-06-11,4036.46,Shopping,Daraz,Card,Colombo,0
2288,2024-06-11,6229.67,Food,KFC,Online Transfer,Jaffna,0
2289,2024-06-11,3423.61,Food,Pizza Hut,Mobile Wallet,Colombo,0
2290,2024-06-11,4284.08,Food,KFC,Online Transfer,Jaffna,0
2291,2024-06-11,2552.13,Transport,Bus,Online Transfer,Galle,0
2292,2024-06-12,4503.83,Bills,Mobile,Card,Galle,0
2293,2024-06-12,3255.68,Education,University,Mobile Wallet,Anuradhapura,0
2294,2024-06-12,5469.53,Bills,Electricity,Mobile Wallet,Galle,0
2295,2024-06-12,5647.8,Food,Cargills,Online Transfer,Kandy,0
2296,2024-06-12,2775.81,Education,University,Card,Kandy,0
2297,2024-06-12,2838.0,Shopping,Electronics Store,Cash,Kurunegala,0
2298,2024-06-13,5538.64,Food,Keells,Card,Kurunegala,0
2299,2024-06-13,6045.14,Food,KFC,Mobile Wallet,Kurunegala,0
2300,2024-06-13,4035.63,Transport,Bus,Mobile Wallet,Colombo,0
2301,2024-06-13,7508.01,Food,Restaurant,Online Transfer,Kurunegala,0
2302,2024-06-13,1764.21,Entertainment,Spotify,Cash,Jaffna,0
2303,2024-06-13,3883.22,Transport,Uber,Card,Kurunegala,0
2304,2024-06-13,1927.8,Education,Online Course,Cash,Colombo,0
2305,2024-06-13,6851.03,Food,KFC,Cash,Kurunegala,0
2306,2024-06-14,2620.24,Shopping,Fashion Store,Online Transfer,Colombo,0
2307,2024-06-14,3994.75,Bills,Mobile,Cash,Jaffna,0
2308,2024-06-14,4494.25,Food,KFC,Online Transfer,Kurunegala,0
2309,2024-06-14,1854.43,Health,Medical Centre,Online Transfer,Galle,0
2310,2024-06-14,1719.0,Entertainment,Netflix,Cash,Kurunegala,0
2311,2024-06-15,1907.75,Entertainment,Cinema,Mobile Wallet,Anuradhapura,0
2312,2024-06-15,9450.02,Bills,Internet,Card,Kandy,0
2313,2024-06-15,7059.34,Food,Pizza Hut,Card,Kandy,0
2314,2024-06-15,3947.68,Shopping,Supermarket,Cash,Colombo,0
2315,2024-06-16,11157.58,Bills,Internet,Mobile Wallet,Jaffna,0
2316,2024-06-16,2445.4,Health,Pharmacy,Cash,Jaffna,0
2317,2024-06-16,3509.26,Education,Online Course,Mobile Wallet,Jaffna,0
2318,2024-06-16,3358.62,Health,Medical Centre,Card,Jaffna,0
2319,2024-06-16,7817.09,Bills,Mobile,Online Transfer,Anuradhapura,0
2320,2024-06-16,7566.48,Bills,Electricity,Online Transfer,Colombo,0
2321,2024-06-17,3334.69,Health,Medical Centre,Cash,Kandy,0
2322,2024-06-17,3234.67,Shopping,Electronics Store,Cash,Colombo,0
2323,2024-06-17,3337.09,Entertainment,Cinema,Online Transfer,Kurunegala,0
2324,2024-06-17,6785.71,Shopping,Electronics Store,Card,Kandy,0
2325,2024-06-17,5251.25,Education,University,Card,Galle,0
2326,2024-06-18,14050.47,Bills,Mobile,Online Transfer,Kurunegala,0
2327,2024-06-18,9408.97,Food,Cargills,Cash,Jaffna,0
2328,2024-06-18,8386.44,Food,KFC,Cash,Kandy,0
2329,2024-06-18,2751.28,Health,Pharmacy,Online Transfer,Anuradhapura,0
2330,2024-06-19,8329.91,Food,Restaurant,Card,Kandy,0
2331,2024-06-19,5380.3,Education,Book Shop,Card,Colombo,0
2332,2024-06-19,10645.22,Food,KFC,Online Transfer,Kurunegala,0
2333,2024-06-19,5209.92,Bills,Electricity,Online Transfer,Galle,0
2334,2024-06-19,7008.99,Food,Keells,Cash,Jaffna,0
2335,2024-06-20,3433.25,Health,Hospital,Card,Kurunegala,0
2336,2024-06-20,6311.81,Shopping,Daraz,Mobile Wallet,Jaffna,0
2337,2024-06-21,6891.35,Transport,PickMe,Mobile Wallet,Jaffna,0
2338,2024-06-22,7185.75,Education,Book Shop,Mobile Wallet,Anuradhapura,0
2339,2024-06-22,6267.38,Bills,Water,Card,Kandy,0
2340,2024-06-22,5357.34,Transport,PickMe,Online Transfer,Colombo,0
2341,2024-06-23,1369.98,Entertainment,Netflix,Mobile Wallet,Kandy,0
2342,2024-06-23,3852.44,Shopping,Fashion Store,Mobile Wallet,Kurunegala,0
2343,2024-06-23,3411.44,Transport,Train,Mobile Wallet,Jaffna,0
2344,2024-06-24,3414.93,Transport,Train,Card,Galle,0
2345,2024-06-24,4316.11,Education,Online Course,Online Transfer,Jaffna,0
2346,2024-06-24,7315.28,Bills,Internet,Online Transfer,Jaffna,0
2347,2024-06-24,2806.87,Health,Medical Centre,Mobile Wallet,Jaffna,0
2348,2024-06-25,5642.65,Bills,Electricity,Cash,Galle,0
2349,2024-06-25,5286.21,Bills,Water,Cash,Kurunegala,0
2350,2024-06-25,8116.66,Food,KFC,Cash,Anuradhapura,0
2351,2024-06-25,2458.93,Education,Book Shop,Mobile Wallet,Colombo,0
2352,2024-06-26,3567.68,Education,University,Online Transfer,Kurunegala,0
2353,2024-06-26,6103.57,Bills,Electricity,Online Transfer,Kurunegala,0
2354,2024-06-26,6200.72,Food,KFC,Mobile Wallet,Kurunegala,0
2355,2024-06-26,2751.08,Education,Online Course,Online Transfer,Kandy,0
2356,2024-06-27,6860.02,Food,Cargills,Cash,Kandy,0
2357,2024-06-27,3478.88,Bills,Water,Card,Jaffna,0
2358,2024-06-27,9472.1,Food,Pizza Hut,Card,Galle,0
2359,2024-06-28,5863.04,Bills,Mobile,Mobile Wallet,Kurunegala,0
2360,2024-06-28,6875.44,Bills,Internet,Card,Anuradhapura,0
2361,2024-06-28,6842.2,Food,Cargills,Card,Anuradhapura,0
2362,2024-06-28,4474.19,Shopping,Supermarket,Online Transfer,Galle,0
2363,2024-06-28,13385.73,Food,Keells,Card,Kandy,0
2364,2024-06-28,5492.02,Bills,Electricity,Card,Kandy,0
2365,2024-06-29,4077.78,Education,Book Shop,Cash,Kurunegala,0
2366,2024-06-29,6451.27,Food,Cargills,Card,Jaffna,0
2367,2024-06-29,4965.01,Transport,Fuel Station,Mobile Wallet,Anuradhapura,0
2368,2024-06-29,10134.77,Food,KFC,Cash,Kandy,0
2369,2024-06-29,5398.6,Food,Cargills,Cash,Kandy,0
2370,2024-06-30,3303.52,Entertainment,Spotify,Cash,Colombo,0
2371,2024-06-30,7656.13,Bills,Internet,Mobile Wallet,Jaffna,0
2372,2024-07-01,7250.95,Bills,Mobile,Cash,Galle,0
2373,2024-07-01,3375.88,Education,Online Course,Mobile Wallet,Jaffna,0
2374,2024-07-01,7945.12,Food,Restaurant,Online Transfer,Kurunegala,0
2375,2024-07-02,2109.54,Entertainment,Spotify,Mobile Wallet,Anuradhapura,0
2376,2024-07-02,8454.1,Bills,Water,Card,Galle,0
2377,2024-07-03,3037.22,Education,Book Shop,Cash,Galle,0
2378,2024-07-03,4578.21,Shopping,Supermarket,Online Transfer,Colombo,0
2379,2024-07-03,8391.85,Bills,Electricity,Card,Kurunegala,0
2380,2024-07-04,7576.93,Transport,Uber,Online Transfer,Galle,0
2381,2024-07-04,6298.44,Bills,Internet,Card,Jaffna,0
2382,2024-07-04,6664.27,Shopping,Electronics Store,Online Transfer,Colombo,0
2383,2024-07-04,2137.13,Entertainment,Netflix,Cash,Colombo,0
2384,2024-07-04,3342.65,Entertainment,Gaming,Mobile Wallet,Colombo,0
2385,2024-07-04,3298.88,Entertainment,Netflix,Mobile Wallet,Anuradhapura,0
2386,2024-07-05,7387.4,Food,KFC,Cash,Galle,0
2387,2024-07-05,5970.4,Transport,Fuel Station,Online Transfer,Kandy,0
2388,2024-07-05,2373.16,Health,Hospital,Online Transfer,Anuradhapura,0
2389,2024-07-05,8468.06,Bills,Internet,Card,Kandy,0
2390,2024-07-05,9833.15,Food,Keells,Mobile Wallet,Galle,0
2391,2024-07-05,2290.14,Entertainment,Spotify,Mobile Wallet,Kandy,0
2392,2024-07-05,7563.51,Transport,Bus,Online Transfer,Galle,0
2393,2024-07-05,5113.72,Food,Pizza Hut,Card,Kurunegala,0
2394,2024-07-06,3913.72,Education,Book Shop,Mobile Wallet,Galle,0
2395,2024-07-06,3736.35,Entertainment,Cinema,Mobile Wallet,Galle,0
2396,2024-07-06,5273.57,Education,University,Mobile Wallet,Kurunegala,0
2397,2024-07-06,8276.42,Transport,PickMe,Online Transfer,Jaffna,0
2398,2024-07-07,4500.0,Bills,Internet,Online Transfer,Colombo,0
2399,2024-07-08,5219.9,Bills,Mobile,Card,Anuradhapura,0
2400,2024-07-08,4478.13,Shopping,Supermarket,Mobile Wallet,Kandy,0
2401,2024-07-09,6784.75,Food,Cargills,Mobile Wallet,Galle,0
2402,2024-07-09,6828.06,Food,Cargills,Cash,Kurunegala,0
2403,2024-07-09,4090.02,Shopping,Fashion Store,Online Transfer,Kurunegala,0
2404,2024-07-10,4215.29,Shopping,Electronics Store,Card,Jaffna,0
2405,2024-07-10,2718.74,Entertainment,Cinema,Online Transfer,Galle,1
2406,2024-07-10,4871.75,Transport,Uber,Online Transfer,Kandy,0
2407,2024-07-10,4946.77,Food,Restaurant,Mobile Wallet,Jaffna,0
2408,2024-07-10,4949.61,Food,Restaurant,Cash,Galle,0
2409,2024-07-10,6437.92,Bills,Electricity,Online Transfer,Colombo,0
2410,2024-07-11,4157.05,Bills,Internet,Cash,Kurunegala,0
2411,2024-07-11,9941.39,Food,Restaurant,Mobile Wallet,Anuradhapura,0
2412,2024-07-11,5513.83,Food,Cargills,Card,Colombo,0
2413,2024-07-11,2691.04,Entertainment,Gaming,Card,Anuradhapura,0
2414,2024-07-11,3800.94,Education,Online Course,Cash,Kurunegala,0
2415,2024-07-11,5020.79,Food,Restaurant,Card,Colombo,0
2416,2024-07-11,7546.05,Food,Keells,Online Transfer,Colombo,0
2417,2024-07-11,4573.71,Food,Pizza Hut,Mobile Wallet,Anuradhapura,0
2418,2024-07-11,3313.05,Shopping,Electronics Store,Cash,Kandy,0
2419,2024-07-11,4886.43,Shopping,Supermarket,Online Transfer,Kandy,0
2420,2024-07-11,1657.56,Entertainment,Gaming,Card,Kurunegala,0
2421,2024-07-12,4934.34,Transport,Uber,Online Transfer,Anuradhapura,1
2422,2024-07-12,3554.68,Transport,Fuel Station,Online Transfer,Anuradhapura,0
2423,2024-07-12,3204.97,Shopping,Fashion Store,Cash,Anuradhapura,0
2424,2024-07-12,3692.78,Transport,Train,Card,Jaffna,0
2425,2024-07-12,4844.38,Food,Keells,Online Transfer,Jaffna,0
2426,2024-07-13,7975.52,Food,KFC,Cash,Colombo,0
2427,2024-07-13,3407.38,Transport,PickMe,Mobile Wallet,Kurunegala,0
2428,2024-07-13,6620.56,Transport,Train,Card,Anuradhapura,0
2429,2024-07-13,3101.45,Education,University,Mobile Wallet,Kurunegala,0
2430,2024-07-14,6457.11,Food,Pizza Hut,Cash,Kurunegala,0
2431,2024-07-14,3000.0,Entertainment,Netflix,Card,Colombo,0
2432,2024-07-14,7059.02,Bills,Internet,Card,Galle,0
2433,2024-07-14,7195.91,Food,Keells,Online Transfer,Jaffna,0
2434,2024-07-15,8797.41,Food,Restaurant,Online Transfer,Jaffna,0
2435,2024-07-15,8002.31,Food,KFC,Card,Jaffna,0
2436,2024-07-15,8598.7,Food,Restaurant,Online Transfer,Jaffna,0
2437,2024-07-15,3080.72,Education,University,Cash,Galle,0
2438,2024-07-15,7738.27,Food,Restaurant,Cash,Colombo,0
2439,2024-07-15,5243.08,Bills,Electricity,Mobile Wallet,Kandy,0
2440,2024-07-15,1347.5,Health,Pharmacy,Online Transfer,Kurunegala,0
2441,2024-07-16,4415.4,Bills,Mobile,Cash,Jaffna,0
2442,2024-07-16,3878.22,Bills,Mobile,Cash,Kandy,0
2443,2024-07-16,4975.67,Bills,Mobile,Mobile Wallet,Jaffna,0
2444,2024-07-16,6076.21,Bills,Internet,Card,Jaffna,0
2445,2024-07-16,4794.12,Transport,PickMe,Online Transfer,Anuradhapura,0
2446,2024-07-17,2614.13,Transport,Train,Mobile Wallet,Galle,0
2447,2024-07-17,3318.29,Transport,PickMe,Mobile Wallet,Colombo,0
2448,2024-07-18,5830.52,Bills,Water,Online Transfer,Anuradhapura,0
2449,2024-07-18,8433.4,Food,Keells,Mobile Wallet,Anuradhapura,0
2450,2024-07-18,2091.73,Education,Online Course,Mobile Wallet,Colombo,0
2451,2024-07-18,5056.27,Food,Cargills,Cash,Jaffna,0
2452,2024-07-19,2392.68,Health,Hospital,Cash,Anuradhapura,0
2453,2024-07-19,8231.11,Food,KFC,Mobile Wallet,Kurunegala,0
2454,2024-07-19,6635.19,Bills,Internet,Card,Anuradhapura,0
2455,2024-07-20,5032.73,Shopping,Supermarket,Cash,Kurunegala,0
2456,2024-07-20,8987.03,Food,Pizza Hut,Card,Jaffna,0
2457,2024-07-20,4276.08,Shopping,Fashion Store,Online Transfer,Anuradhapura,0
2458,2024-07-21,4945.41,Bills,Mobile,Cash,Kurunegala,0
2459,2024-07-21,2011.37,Health,Pharmacy,Online Transfer,Kurunegala,0
2460,2024-07-21,4735.13,Transport,Bus,Online Transfer,Kandy,0
2461,2024-07-21,4400.45,Bills,Electricity,Cash,Anuradhapura,0
2462,2024-07-21,5791.97,Shopping,Fashion Store,Cash,Jaffna,0
2463,2024-07-21,7227.96,Bills,Electricity,Online Transfer,Colombo,0
2464,2024-07-22,8072.18,Food,KFC,Mobile Wallet,Colombo,0
2465,2024-07-22,2957.5,Bills,Mobile,Online Transfer,Kandy,0
2466,2024-07-22,4405.77,Bills,Water,Card,Kandy,0
2467,2024-07-22,1902.17,Health,Pharmacy,Cash,Jaffna,0
2468,2024-07-23,1927.52,Health,Pharmacy,Online Transfer,Jaffna,0
2469,2024-07-23,10335.28,Food,Restaurant,Cash,Kandy,0
2470,2024-07-23,4110.66,Shopping,Fashion Store,Card,Galle,0
2471,2024-07-23,2514.77,Education,Book Shop,Card,Colombo,0
2472,2024-07-24,4074.48,Education,Online Course,Online Transfer,Galle,0
2473,2024-07-24,3867.3,Shopping,Electronics Store,Mobile Wallet,Jaffna,0
2474,2024-07-24,7797.5,Food,Restaurant,Card,Jaffna,0
2475,2024-07-24,7333.44,Bills,Mobile,Online Transfer,Anuradhapura,0
2476,2024-07-24,2266.03,Entertainment,Spotify,Mobile Wallet,Kurunegala,0
2477,2024-07-24,4834.26,Bills,Water,Cash,Kurunegala,0
2478,2024-07-24,5183.99,Bills,Electricity,Card,Anuradhapura,0
2479,2024-07-24,1440.52,Entertainment,Spotify,Mobile Wallet,Kurunegala,0
2480,2024-07-24,9238.22,Food,Restaurant,Cash,Kandy,0
2481,2024-07-25,8115.44,Food,KFC,Cash,Colombo,0
2482,2024-07-25,5227.34,Transport,PickMe,Card,Galle,0
2483,2024-07-26,2642.81,Transport,Bus,Mobile Wallet,Kandy,0
2484,2024-07-26,8209.08,Food,Keells,Mobile Wallet,Jaffna,0
2485,2024-07-26,5389.25,Food,KFC,Card,Jaffna,0
2486,2024-07-26,5840.81,Bills,Water,Card,Anuradhapura,0
2487,2024-07-27,8845.41,Food,Keells,Card,Jaffna,0
2488,2024-07-28,7776.76,Food,Cargills,Mobile Wallet,Jaffna,0
2489,2024-07-28,4719.63,Transport,Fuel Station,Online Transfer,Kurunegala,0
2490,2024-07-28,12419.3,Food,Keells,Online Transfer,Colombo,0
2491,2024-07-28,3298.41,Education,Online Course,Online Transfer,Kandy,0
2492,2024-07-28,3078.4,Health,Pharmacy,Card,Kurunegala,0
2493,2024-07-28,10222.62,Food,Restaurant,Mobile Wallet,Kandy,0
2494,2024-07-29,4938.29,Transport,Uber,Mobile Wallet,Galle,0
2495,2024-07-29,8734.25,Food,KFC,Online Transfer,Jaffna,0
2496,2024-07-29,4537.21,Transport,PickMe,Online Transfer,Jaffna,0
2497,2024-07-29,2866.44,Entertainment,Gaming,Cash,Jaffna,0
2498,2024-07-29,3783.77,Health,Pharmacy,Card,Jaffna,0
2499,2024-07-30,2621.39,Transport,Uber,Online Transfer,Kurunegala,0
2500,2024-07-30,12530.62,Food,Keells,Card,Kandy,0
2501,2024-07-30,2466.69,Education,Book Shop,Online Transfer,Anuradhapura,0
2502,2024-07-30,4097.9,Transport,Uber,Card,Kandy,0
2503,2024-07-31,4474.3,Education,Online Course,Online Transfer,Anuradhapura,0
2504,2024-07-31,5472.92,Transport,Uber,Cash,Anuradhapura,0
2505,2024-07-31,3781.67,Education,Book Shop,Mobile Wallet,Kandy,0
2506,2024-08-01,4850.93,Education,Online Course,Online Transfer,Colombo,0
2507,2024-08-02,3622.67,Education,Online Course,Cash,Galle,0
2508,2024-08-02,9232.63,Food,KFC,Online Transfer,Anuradhapura,0
2509,2024-08-02,11909.51,Food,Restaurant,Card,Anuradhapura,0
2510,2024-08-02,2111.78,Entertainment,Gaming,Online Transfer,Anuradhapura,0
2511,2024-08-03,3659.45,Entertainment,Netflix,Cash,Colombo,0
2512,2024-08-03,8703.31,Shopping,Fashion Store,Card,Jaffna,0
2513,2024-08-03,7182.28,Bills,Electricity,Online Transfer,Kurunegala,0
2514,2024-08-04,8094.82,Food,Keells,Card,Kandy,0
2515,2024-08-04,5872.07,Bills,Electricity,Cash,Jaffna,0
2516,2024-08-04,9643.72,Food,Keells,Card,Kandy,1
2517,2024-08-04,9008.3,Food,Pizza Hut,Online Transfer,Anuradhapura,0
2518,2024-08-04,2324.54,Education,Online Course,Card,Kandy,0
2519,2024-08-04,2551.31,Education,Book Shop,Cash,Anuradhapura,0
2520,2024-08-04,4500.0,Bills,Internet,Online Transfer,Colombo,0
2521,2024-08-04,2078.8,Health,Medical Centre,Cash,Anuradhapura,0
2522,2024-08-04,9139.26,Bills,Water,Cash,Kandy,0
2523,2024-08-05,4217.49,Shopping,Electronics Store,Mobile Wallet,Colombo,0
2524,2024-08-05,3812.29,Transport,Train,Card,Colombo,0
2525,2024-08-05,6398.41,Bills,Mobile,Online Transfer,Galle,0
2526,2024-08-06,1881.68,Health,Hospital,Mobile Wallet,Jaffna,0
2527,2024-08-06,5463.94,Bills,Internet,Cash,Kurunegala,0
2528,2024-08-06,8857.22,Bills,Electricity,Cash,Kandy,0
2529,2024-08-06,5318.25,Bills,Water,Card,Kurunegala,0
2530,2024-08-07,4670.59,Bills,Internet,Cash,Jaffna,0
2531,2024-08-07,5013.15,Shopping,Fashion Store,Mobile Wallet,Kurunegala,0
2532,2024-08-07,5050.94,Bills,Internet,Mobile Wallet,Galle,0
2533,2024-08-08,5019.13,Bills,Electricity,Online Transfer,Galle,0
2534,2024-08-08,3657.53,Transport,Train,Card,Anuradhapura,0
2535,2024-08-08,5663.04,Bills,Internet,Mobile Wallet,Kurunegala,0
2536,2024-08-09,6695.68,Food,KFC,Mobile Wallet,Jaffna,0
2537,2024-08-09,4068.26,Transport,PickMe,Mobile Wallet,Colombo,0
2538,2024-08-09,4738.49,Bills,Mobile,Cash,Anuradhapura,0
2539,2024-08-10,2650.08,Health,Pharmacy,Card,Jaffna,0
2540,2024-08-10,8213.34,Food,Keells,Card,Kandy,0
2541,2024-08-10,2203.66,Entertainment,Gaming,Online Transfer,Anuradhapura,0
2542,2024-08-10,6054.72,Bills,Electricity,Card,Kurunegala,0
2543,2024-08-10,3140.83,Transport,Fuel Station,Mobile Wallet,Galle,0
2544,2024-08-11,3000.0,Entertainment,Netflix,Card,Colombo,0
2545,2024-08-11,1910.49,Health,Hospital,Card,Kandy,0
2546,2024-08-12,4592.82,Shopping,Electronics Store,Online Transfer,Kandy,0
2547,2024-08-12,6101.04,Bills,Mobile,Mobile Wallet,Kurunegala,0
2548,2024-08-12,4649.61,Transport,Fuel Station,Card,Galle,0
2549,2024-08-13,4551.48,Shopping,Electronics Store,Card,Galle,0
2550,2024-08-13,2029.46,Entertainment,Netflix,Cash,Colombo,0
2551,2024-08-13,8524.29,Food,Keells,Cash,Anuradhapura,0
2552,2024-08-13,6542.27,Bills,Water,Mobile Wallet,Jaffna,0
2553,2024-08-13,2694.77,Entertainment,Netflix,Card,Kurunegala,0
2554,2024-08-13,7211.0,Bills,Internet,Mobile Wallet,Kurunegala,0
2555,2024-08-13,4997.82,Food,KFC,Mobile Wallet,Galle,0
2556,2024-08-13,9719.15,Food,Pizza Hut,Online Transfer,Kandy,0
2557,2024-08-13,5781.53,Food,Cargills,Online Transfer,Anuradhapura,0
2558,2024-08-13,6914.83,Food,KFC,Online Transfer,Anuradhapura,0
2559,2024-08-13,2002.75,Health,Medical Centre,Mobile Wallet,Colombo,0
2560,2024-08-13,6442.84,Food,Pizza Hut,Card,Kandy,0
2561,2024-08-14,1972.41,Health,Pharmacy,Online Transfer,Colombo,0
2562,2024-08-14,6639.44,Food,Cargills,Mobile Wallet,Jaffna,0
2563,2024-08-14,4076.7,Shopping,Daraz,Online Transfer,Kurunegala,0
2564,2024-08-14,4861.33,Bills,Electricity,Online Transfer,Jaffna,0
2565,2024-08-14,5009.86,Food,KFC,Cash,Galle,0
2566,2024-08-14,3717.19,Shopping,Supermarket,Cash,Jaffna,0
2567,2024-08-14,2787.51,Education,Online Course,Online Transfer,Kurunegala,0
2568,2024-08-15,7250.59,Bills,Water,Card,Kandy,0
2569,2024-08-15,2284.45,Entertainment,Spotify,Card,Kurunegala,0
2570,2024-08-15,3611.53,Transport,Bus,Cash,Kurunegala,0
2571,2024-08-15,2749.31,Health,Hospital,Online Transfer,Kandy,0
2572,2024-08-16,4084.74,Transport,Bus,Cash,Anuradhapura,0
2573,2024-08-16,2259.51,Education,Book Shop,Online Transfer,Anuradhapura,0
2574,2024-08-16,6538.33,Bills,Water,Card,Galle,0
2575,2024-08-17,13230.77,Bills,Electricity,Online Transfer,Galle,0
2576,2024-08-18,5145.74,Food,Cargills,Card,Galle,0
2577,2024-08-18,1577.0,Entertainment,Spotify,Card,Colombo,0
2578,2024-08-18,7032.22,Bills,Electricity,Online Transfer,Colombo,0
2579,2024-08-18,4842.06,Food,Cargills,Mobile Wallet,Kurunegala,0
2580,2024-08-18,4174.64,Education,Online Course,Mobile Wallet,Jaffna,0
2581,2024-08-18,6015.42,Food,Keells,Cash,Colombo,0
2582,2024-08-18,3628.21,Transport,Train,Online Transfer,Kurunegala,0
2583,2024-08-18,8201.21,Bills,Electricity,Card,Jaffna,1
2584,2024-08-19,2076.43,Health,Hospital,Card,Kandy,0
2585,2024-08-19,1551.23,Health,Pharmacy,Cash,Anuradhapura,0
2586,2024-08-19,3555.15,Transport,Fuel Station,Online Transfer,Jaffna,0
2587,2024-08-19,7358.55,Food,Cargills,Card,Kandy,0
2588,2024-08-19,10454.36,Food,Pizza Hut,Online Transfer,Colombo,0
2589,2024-08-19,7211.45,Bills,Electricity,Cash,Galle,0
2590,2024-08-19,1186.46,Entertainment,Spotify,Mobile Wallet,Colombo,0
2591,2024-08-20,5070.17,Bills,Internet,Cash,Anuradhapura,0
2592,2024-08-20,1809.89,Health,Pharmacy,Online Transfer,Jaffna,0
2593,2024-08-20,3949.87,Shopping,Electronics Store,Cash,Anuradhapura,0
2594,2024-08-20,1807.68,Entertainment,Spotify,Cash,Kurunegala,0
2595,2024-08-20,4063.38,Shopping,Electronics Store,Mobile Wallet,Colombo,0
2596,2024-08-20,4382.21,Bills,Mobile,Cash,Anuradhapura,0
2597,2024-08-20,9192.16,Food,Pizza Hut,Cash,Jaffna,0
2598,2024-08-21,5299.59,Bills,Electricity,Cash,Kandy,0
2599,2024-08-21,2921.75,Shopping,Electronics Store,Card,Colombo,0
2600,2024-08-21,5911.05,Food,Keells,Card,Kandy,0
2601,2024-08-21,3108.94,Transport,PickMe,Cash,Jaffna,0
2602,2024-08-21,2535.02,Transport,Uber,Card,Kurunegala,0
2603,2024-08-22,2242.37,Education,Book Shop,Mobile Wallet,Jaffna,0
2604,2024-08-22,1254.73,Entertainment,Cinema,Card,Kurunegala,0
2605,2024-08-23,3558.27,Shopping,Supermarket,Online Transfer,Kurunegala,0
2606,2024-08-23,6947.73,Bills,Electricity,Mobile Wallet,Kandy,0
2607,2024-08-23,2623.77,Entertainment,Gaming,Card,Kandy,1
2608,2024-08-23,3461.62,Transport,PickMe,Online Transfer,Colombo,0
2609,2024-08-23,6092.41,Bills,Internet,Card,Kurunegala,0
2610,2024-08-23,8873.3,Food,Pizza Hut,Online Transfer,Jaffna,0
2611,2024-08-24,1775.06,Education,Book Shop,Cash,Anuradhapura,0
2612,2024-08-25,4906.97,Transport,Fuel Station,Mobile Wallet,Jaffna,0
2613,2024-08-25,1797.59,Entertainment,Gaming,Cash,Jaffna,0
2614,2024-08-25,7583.43,Food,Cargills,Card,Anuradhapura,0
2615,2024-08-25,4605.1,Shopping,Fashion Store,Cash,Colombo,0
2616,2024-08-25,4663.09,Education,University,Online Transfer,Kandy,0
2617,2024-08-26,2593.08,Health,Pharmacy,Online Transfer,Kurunegala,0
2618,2024-08-26,8313.42,Bills,Water,Cash,Kurunegala,0
2619,2024-08-26,3246.03,Education,Online Course,Online Transfer,Kandy,0
2620,2024-08-27,3989.37,Transport,Bus,Mobile Wallet,Kurunegala,0
2621,2024-08-27,7359.99,Bills,Mobile,Cash,Galle,0
2622,2024-08-27,2234.06,Entertainment,Gaming,Cash,Jaffna,0
2623,2024-08-27,10017.96,Food,Pizza Hut,Cash,Jaffna,0
2624,2024-08-27,2391.48,Entertainment,Gaming,Online Transfer,Kandy,0
2625,2024-08-28,6934.77,Food,Keells,Mobile Wallet,Galle,0
2626,2024-08-28,5859.43,Bills,Electricity,Mobile Wallet,Colombo,0
2627,2024-08-28,7912.95,Bills,Water,Online Transfer,Anuradhapura,0
2628,2024-08-28,7765.44,Bills,Water,Cash,Anuradhapura,0
2629,2024-08-28,4595.46,Shopping,Supermarket,Online Transfer,Kandy,0
2630,2024-08-29,3309.35,Education,Book Shop,Cash,Kurunegala,0
2631,2024-08-29,11770.62,Food,Cargills,Card,Anuradhapura,1
2632,2024-08-29,5897.01,Transport,Train,Mobile Wallet,Anuradhapura,0
2633,2024-08-30,4753.47,Education,Book Shop,Online Transfer,Kurunegala,0
2634,2024-08-30,6167.12,Bills,Water,Card,Kandy,0
2635,2024-08-30,4766.58,Education,Online Course,Cash,Anuradhapura,0
2636,2024-08-31,6602.35,Bills,Mobile,Mobile Wallet,Galle,0
2637,2024-08-31,4311.29,Shopping,Daraz,Card,Anuradhapura,0
2638,2024-08-31,7513.7,Bills,Electricity,Mobile Wallet,Anuradhapura,0
2639,2024-08-31,6630.56,Bills,Internet,Mobile Wallet,Kurunegala,0
2640,2024-09-01,4190.07,Shopping,Fashion Store,Card,Anuradhapura,0
2641,2024-09-01,4500.0,Bills,Internet,Online Transfer,Colombo,0
2642,2024-09-01,2761.07,Transport,Uber,Cash,Kandy,0
2643,2024-09-02,2632.78,Shopping,Daraz,Mobile Wallet,Anuradhapura,0
2644,2024-09-02,4163.49,Transport,Bus,Card,Kandy,0
2645,2024-09-02,2709.25,Entertainment,Spotify,Card,Galle,0
2646,2024-09-02,4269.01,Transport,PickMe,Online Transfer,Kurunegala,1
2647,2024-09-02,4634.51,Shopping,Fashion Store,Cash,Colombo,0
2648,2024-09-02,5125.26,Bills,Mobile,Cash,Galle,0
2649,2024-09-03,4063.15,Shopping,Electronics Store,Mobile Wallet,Colombo,0
2650,2024-09-03,8205.36,Food,KFC,Mobile Wallet,Jaffna,0
2651,2024-09-03,8360.03,Food,Restaurant,Mobile Wallet,Kandy,0
2652,2024-09-04,6409.17,Bills,Mobile,Card,Colombo,0
2653,2024-09-05,4377.16,Food,Cargills,Card,Jaffna,0
2654,2024-09-05,7227.9,Bills,Internet,Online Transfer,Jaffna,0
2655,2024-09-05,9180.41,Bills,Electricity,Online Transfer,Kandy,0
2656,2024-09-05,7371.81,Food,Restaurant,Cash,Kandy,0
2657,2024-09-06,6330.0,Shopping,Supermarket,Cash,Jaffna,0
2658,2024-09-06,19897.62,Food,Pizza Hut,Cash,Galle,0
2659,2024-09-06,2566.79,Entertainment,Gaming,Card,Jaffna,0
2660,2024-09-06,6580.48,Food,Restaurant,Cash,Jaffna,0
2661,2024-09-07,6995.28,Bills,Internet,Card,Galle,0
2662,2024-09-07,3306.48,Shopping,Electronics Store,Cash,Galle,0
2663,2024-09-07,8498.17,Food,Cargills,Mobile Wallet,Colombo,0
2664,2024-09-07,4782.55,Food,Keells,Cash,Kurunegala,0
2665,2024-09-07,4235.98,Shopping,Electronics Store,Cash,Anuradhapura,0
2666,2024-09-07,3241.32,Bills,Electricity,Cash,Kandy,0
2667,2024-09-07,5793.86,Bills,Water,Cash,Jaffna,0
2668,2024-09-08,3738.03,Transport,Fuel Station,Cash,Jaffna,0
2669,2024-09-08,3000.0,Entertainment,Netflix,Card,Colombo,0
2670,2024-09-09,3911.49,Shopping,Fashion Store,Card,Galle,0
2671,2024-09-09,3316.79,Transport,Uber,Cash,Kurunegala,0
2672,2024-09-09,2300.44,Education,Online Course,Mobile Wallet,Galle,0
2673,2024-09-09,6161.05,Food,Restaurant,Online Transfer,Kurunegala,0
2674,2024-09-10,2174.18,Entertainment,Gaming,Card,Galle,0
2675,2024-09-10,5260.96,Bills,Mobile,Mobile Wallet,Kurunegala,0
2676,2024-09-10,5660.46,Bills,Water,Mobile Wallet,Jaffna,0
2677,2024-09-10,4412.17,Shopping,Daraz,Card,Kandy,0
2678,2024-09-10,1665.59,Entertainment,Gaming,Mobile Wallet,Jaffna,0
2679,2024-09-10,3020.6,Education,Book Shop,Card,Galle,0
2680,2024-09-10,1932.6,Entertainment,Cinema,Card,Galle,0
2681,2024-09-10,5286.19,Bills,Water,Card,Kurunegala,0
2682,2024-09-11,5006.75,Transport,Uber,Card,Anuradhapura,0
2683,2024-09-11,6654.14,Bills,Electricity,Cash,Kandy,0
2684,2024-09-11,9453.82,Food,KFC,Cash,Galle,0
2685,2024-09-11,7064.41,Food,Pizza Hut,Cash,Jaffna,0
2686,2024-09-12,5147.93,Transport,Fuel Station,Online Transfer,Jaffna,0
2687,2024-09-12,2473.24,Health,Pharmacy,Cash,Colombo,0
2688,2024-09-12,3192.7,Entertainment,Cinema,Mobile Wallet,Colombo,0
2689,2024-09-12,8594.68,Food,Keells,Card,Colombo,0
2690,2024-09-12,7636.63,Bills,Mobile,Online Transfer,Kandy,0
2691,2024-09-12,8768.28,Bills,Water,Cash,Anuradhapura,0
2692,2024-09-12,4370.97,Transport,Train,Online Transfer,Kandy,0
2693,2024-09-13,4916.92,Transport,Fuel Station,Online Transfer,Kandy,0
2694,2024-09-13,8194.95,Bills,Mobile,Card,Colombo,0
2695,2024-09-14,6411.53,Food,Pizza Hut,Card,Kandy,0
2696,2024-09-14,5330.51,Bills,Water,Mobile Wallet,Galle,0
2697,2024-09-14,7243.0,Food,Keells,Cash,Colombo,0
2698,2024-09-14,4031.82,Shopping,Supermarket,Online Transfer,Kurunegala,0
2699,2024-09-14,7050.6,Bills,Internet,Card,Anuradhapura,0
2700,2024-09-14,3029.76,Entertainment,Spotify,Card,Jaffna,0
2701,2024-09-15,6530.26,Bills,Electricity,Online Transfer,Colombo,0
2702,2024-09-15,2710.73,Health,Medical Centre,Card,Anuradhapura,0
2703,2024-09-15,6712.27,Food,Pizza Hut,Card,Kandy,0
2704,2024-09-16,4064.71,Bills,Electricity,Cash,Galle,0
2705,2024-09-16,6691.64,Food,Keells,Card,Kandy,0
2706,2024-09-16,4058.11,Education,Book Shop,Online Transfer,Kandy,0
2707,2024-09-16,3615.83,Food,Restaurant,Card,Colombo,0
2708,2024-09-16,9457.44,Bills,Electricity,Cash,Colombo,0
2709,2024-09-16,5149.74,Shopping,Daraz,Card,Colombo,0
2710,2024-09-17,10369.56,Food,Pizza Hut,Mobile Wallet,Anuradhapura,0
2711,2024-09-17,2303.73,Entertainment,Spotify,Card,Kurunegala,0
2712,2024-09-17,3336.56,Education,University,Mobile Wallet,Galle,0
2713,2024-09-17,10325.36,Food,Pizza Hut,Card,Galle,0
2714,2024-09-17,2915.64,Education,Book Shop,Card,Colombo,0
2715,2024-09-17,4681.32,Transport,Fuel Station,Online Transfer,Jaffna,0
2716,2024-09-17,6796.99,Food,Cargills,Mobile Wallet,Kurunegala,0
2717,2024-09-17,9798.67,Food,KFC,Mobile Wallet,Galle,0
2718,2024-09-18,3614.85,Shopping,Fashion Store,Card,Colombo,0
2719,2024-09-18,9276.24,Food,KFC,Card,Kandy,0
2720,2024-09-18,4586.14,Bills,Electricity,Mobile Wallet,Galle,0
2721,2024-09-18,4969.37,Transport,PickMe,Mobile Wallet,Jaffna,0
2722,2024-09-18,5826.02,Bills,Electricity,Mobile Wallet,Kurunegala,0
2723,2024-09-18,3973.67,Shopping,Fashion Store,Mobile Wallet,Kandy,0
2724,2024-09-19,3574.84,Entertainment,Spotify,Online Transfer,Kurunegala,0
2725,2024-09-19,4633.85,Bills,Electricity,Cash,Jaffna,0
2726,2024-09-19,6559.78,Food,KFC,Online Transfer,Jaffna,1
2727,2024-09-19,5727.32,Bills,Mobile,Mobile Wallet,Anuradhapura,0
2728,2024-09-21,5067.17,Bills,Electricity,Cash,Jaffna,0
2729,2024-09-21,6248.16,Transport,Uber,Cash,Jaffna,0
2730,2024-09-22,1655.49,Health,Hospital,Online Transfer,Colombo,0
2731,2024-09-22,9248.37,Food,KFC,Mobile Wallet,Colombo,0
2732,2024-09-23,8211.62,Bills,Water,Cash,Jaffna,0
2733,2024-09-23,3502.99,Shopping,Electronics Store,Card,Jaffna,0
2734,2024-09-23,12110.71,Food,Restaurant,Online Transfer,Colombo,0
2735,2024-09-23,3626.66,Education,University,Online Transfer,Colombo,0
2736,2024-09-23,9038.62,Food,Pizza Hut,Cash,Colombo,0
2737,2024-09-24,4287.74,Shopping,Electronics Store,Online Transfer,Kurunegala,0
2738,2024-09-24,6069.09,Transport,PickMe,Cash,Jaffna,0
2739,2024-09-24,9709.54,Bills,Water,Card,Kandy,0
2740,2024-09-24,9491.01,Food,Keells,Card,Kandy,0
2741,2024-09-24,6653.74,Transport,Train,Card,Colombo,0
2742,2024-09-24,4167.54,Shopping,Fashion Store,Cash,Colombo,0
2743,2024-09-24,5394.32,Shopping,Supermarket,Mobile Wallet,Anuradhapura,0
2744,2024-09-24,6454.59,Education,University,Online Transfer,Anuradhapura,0
2745,2024-09-25,7425.89,Bills,Electricity,Cash,Kandy,0
2746,2024-09-25,3773.03,Education,Online Course,Mobile Wallet,Anuradhapura,0
2747,2024-09-25,10604.59,Food,KFC,Mobile Wallet,Kandy,0
2748,2024-09-25,5207.91,Transport,Bus,Cash,Kurunegala,0
2749,2024-09-25,5668.09,Shopping,Daraz,Card,Kandy,0
2750,2024-09-26,10320.36,Bills,Water,Online Transfer,Kurunegala,0
2751,2024-09-28,6269.23,Education,Online Course,Cash,Galle,0
2752,2024-09-28,5751.32,Bills,Internet,Online Transfer,Jaffna,0
2753,2024-09-28,4064.21,Transport,Train,Mobile Wallet,Colombo,0
2754,2024-09-29,10720.59,Food,Cargills,Cash,Jaffna,0
2755,2024-09-29,5058.73,Shopping,Supermarket,Online Transfer,Colombo,0
2756,2024-09-29,4001.42,Shopping,Fashion Store,Cash,Colombo,0
2757,2024-09-29,4474.28,Shopping,Fashion Store,Online Transfer,Galle,0
2758,2024-09-29,6698.02,Transport,PickMe,Online Transfer,Jaffna,0
2759,2024-09-29,2368.86,Education,Book Shop,Cash,Kandy,0
2760,2024-09-30,6617.46,Food,Cargills,Cash,Colombo,0
2761,2024-09-30,4319.71,Bills,Internet,Online Transfer,Kandy,0
2762,2024-09-30,2663.71,Entertainment,Cinema,Card,Kurunegala,0
2763,2024-10-01,7031.52,Bills,Water,Mobile Wallet,Kandy,1
2764,2024-10-01,2220.05,Education,Online Course,Mobile Wallet,Jaffna,0
2765,2024-10-01,8799.98,Food,KFC,Cash,Colombo,0
2766,2024-10-01,7479.77,Food,Keells,Mobile Wallet,Galle,0
2767,2024-10-02,5613.48,Food,Cargills,Online Transfer,Kandy,0
2768,2024-10-02,6916.96,Bills,Mobile,Cash,Galle,0
2769,2024-10-02,6819.73,Food,Pizza Hut,Mobile Wallet,Anuradhapura,0
2770,2024-10-02,4419.25,Transport,PickMe,Cash,Colombo,0
2771,2024-10-02,4899.94,Transport,Bus,Mobile Wallet,Kurunegala,0
2772,2024-10-02,1689.89,Health,Hospital,Mobile Wallet,Kandy,0
2773,2024-10-02,1934.38,Health,Pharmacy,Online Transfer,Anuradhapura,0
2774,2024-10-03,10037.05,Food,KFC,Card,Anuradhapura,0
2775,2024-10-03,5444.94,Bills,Electricity,Mobile Wallet,Kurunegala,0
2776,2024-10-03,1664.21,Entertainment,Netflix,Online Transfer,Kandy,0
2777,2024-10-03,3017.5,Bills,Water,Mobile Wallet,Jaffna,0
2778,2024-10-04,4752.44,Food,Keells,Card,Kurunegala,1
2779,2024-10-04,5237.13,Food,Keells,Online Transfer,Galle,0
2780,2024-10-04,8532.79,Bills,Mobile,Mobile Wallet,Galle,0
2781,2024-10-04,4104.14,Shopping,Supermarket,Card,Jaffna,0
2782,2024-10-05,10605.26,Bills,Internet,Cash,Colombo,0
2783,2024-10-06,4500.0,Bills,Internet,Online Transfer,Colombo,0
2784,2024-10-06,6451.71,Transport,Fuel Station,Card,Jaffna,0
2785,2024-10-06,3741.4,Shopping,Fashion Store,Mobile Wallet,Kandy,0
2786,2024-10-07,6867.23,Food,Restaurant,Card,Jaffna,0
2787,2024-10-07,1109.44,Health,Hospital,Online Transfer,Galle,0
2788,2024-10-07,7806.47,Food,KFC,Cash,Galle,0
2789,2024-10-07,5158.4,Transport,Bus,Cash,Colombo,0
2790,2024-10-07,4205.61,Shopping,Daraz,Mobile Wallet,Colombo,1
2791,2024-10-08,2642.61,Entertainment,Gaming,Cash,Galle,0
2792,2024-10-08,4624.94,Food,Restaurant,Online Transfer,Kurunegala,0
2793,2024-10-08,3824.55,Transport,Bus,Card,Jaffna,0
2794,2024-10-08,5428.65,Bills,Electricity,Mobile Wallet,Kurunegala,0
2795,2024-10-08,3306.81,Education,Online Course,Online Transfer,Colombo,0
2796,2024-10-09,5955.8,Bills,Mobile,Card,Galle,0
2797,2024-10-09,6161.81,Bills,Water,Online Transfer,Colombo,0
2798,2024-10-09,1624.58,Health,Medical Centre,Online Transfer,Kandy,0
2799,2024-10-09,4494.34,Transport,PickMe,Cash,Galle,0
2800,2024-10-09,3898.61,Transport,Train,Cash,Jaffna,0
2801,2024-10-09,2055.62,Entertainment,Netflix,Card,Anuradhapura,0
2802,2024-10-09,4766.26,Bills,Water,Card,Kandy,0
2803,2024-10-09,6833.29,Transport,Bus,Cash,Kurunegala,0
2804,2024-10-10,5294.8,Transport,Train,Cash,Colombo,0
2805,2024-10-10,4952.0,Shopping,Electronics Store,Cash,Kurunegala,0
2806,2024-10-10,4190.57,Bills,Internet,Cash,Kurunegala,0
2807,2024-10-10,4018.64,Transport,Train,Card,Jaffna,0
2808,2024-10-11,1897.04,Health,Medical Centre,Online Transfer,Kurunegala,0
2809,2024-10-11,7676.33,Food,KFC,Card,Anuradhapura,0
2810,2024-10-11,6192.64,Bills,Electricity,Mobile Wallet,Anuradhapura,0
2811,2024-10-11,8209.33,Food,Restaurant,Online Transfer,Colombo,0
2812,2024-10-12,5340.69,Bills,Electricity,Cash,Kandy,0
2813,2024-10-12,10650.73,Food,KFC,Card,Colombo,0
2814,2024-10-12,2621.2,Education,University,Online Transfer,Colombo,0
2815,2024-10-12,1909.96,Education,Book Shop,Cash,Kandy,0
2816,2024-10-12,1893.32,Health,Pharmacy,Card,Anuradhapura,0
2817,2024-10-13,2842.77,Shopping,Daraz,Cash,Galle,0
2818,2024-10-13,3000.0,Entertainment,Netflix,Card,Colombo,0
2819,2024-10-13,8678.83,Food,Keells,Mobile Wallet,Colombo,0
2820,2024-10-14,6232.42,Food,Restaurant,Card,Colombo,0
2821,2024-10-14,5345.85,Transport,Train,Cash,Anuradhapura,0
2822,2024-10-14,6421.04,Food,Restaurant,Cash,Kandy,0
2823,2024-10-14,4293.57,Bills,Internet,Mobile Wallet,Kandy,0
2824,2024-10-14,5190.6,Food,Restaurant,Cash,Galle,0
2825,2024-10-15,2336.71,Education,Book Shop,Cash,Anuradhapura,0
2826,2024-10-15,5025.6,Bills,Internet,Card,Jaffna,0
2827,2024-10-15,7045.32,Food,KFC,Cash,Kandy,0
2828,2024-10-15,5753.61,Bills,Water,Mobile Wallet,Kurunegala,0
2829,2024-10-15,9188.16,Food,Restaurant,Cash,Anuradhapura,0
2830,2024-10-15,5788.28,Food,KFC,Card,Anuradhapura,0
2831,2024-10-15,4057.49,Food,KFC,Online Transfer,Colombo,0
2832,2024-10-16,3946.31,Bills,Water,Card,Kandy,0
2833,2024-10-16,3271.15,Transport,Fuel Station,Online Transfer,Jaffna,0
2834,2024-10-16,6803.54,Food,Cargills,Mobile Wallet,Kandy,0
2835,2024-10-16,2227.23,Education,University,Online Transfer,Galle,1
2836,2024-10-16,4909.29,Bills,Electricity,Cash,Jaffna,0
2837,2024-10-17,4313.93,Food,Keells,Cash,Jaffna,0
2838,2024-10-17,3571.4,Shopping,Supermarket,Online Transfer,Colombo,0
2839,2024-10-18,5121.97,Bills,Electricity,Mobile Wallet,Kandy,0
2840,2024-10-18,1159.49,Entertainment,Cinema,Card,Kurunegala,0
2841,2024-10-18,4481.18,Food,Restaurant,Cash,Anuradhapura,0
2842,2024-10-18,5656.02,Food,Keells,Card,Kandy,0
2843,2024-10-19,4156.53,Transport,Bus,Cash,Kurunegala,0
2844,2024-10-19,8638.91,Food,Keells,Mobile Wallet,Galle,0
2845,2024-10-19,8064.85,Bills,Water,Mobile Wallet,Colombo,0
2846,2024-10-19,9794.02,Food,KFC,Mobile Wallet,Kurunegala,0
2847,2024-10-19,1895.52,Health,Pharmacy,Online Transfer,Jaffna,0
2848,2024-10-20,6374.45,Bills,Electricity,Online Transfer,Colombo,0
2849,2024-10-20,4410.18,Shopping,Fashion Store,Mobile Wallet,Jaffna,0
2850,2024-10-20,5900.76,Food,Keells,Card,Kandy,0
2851,2024-10-20,5472.12,Shopping,Daraz,Card,Galle,0
2852,2024-10-21,5886.11,Food,Pizza Hut,Card,Colombo,0
2853,2024-10-21,6440.89,Bills,Internet,Cash,Colombo,0
2854,2024-10-21,4280.74,Transport,Bus,Card,Anuradhapura,0
2855,2024-10-21,3673.03,Transport,Train,Card,Anuradhapura,0
2856,2024-10-22,5071.45,Transport,Train,Online Transfer,Anuradhapura,0
2857,2024-10-22,4637.01,Food,Cargills,Mobile Wallet,Colombo,0
2858,2024-10-22,8176.11,Food,KFC,Mobile Wallet,Kandy,0
2859,2024-10-23,5728.15,Transport,Uber,Card,Colombo,0
2860,2024-10-23,2746.39,Shopping,Fashion Store,Mobile Wallet,Kurunegala,0
2861,2024-10-23,5566.99,Bills,Water,Cash,Galle,0
2862,2024-10-24,4667.43,Transport,Bus,Cash,Galle,0
2863,2024-10-24,2159.56,Education,Online Course,Card,Kandy,0
2864,2024-10-24,7595.82,Bills,Water,Cash,Jaffna,0
2865,2024-10-24,6396.66,Bills,Water,Mobile Wallet,Anuradhapura,0
2866,2024-10-24,1480.4,Health,Medical Centre,Online Transfer,Colombo,1
2867,2024-10-24,5428.32,Shopping,Daraz,Card,Colombo,0
2868,2024-10-24,8839.88,Bills,Water,Cash,Jaffna,0
2869,2024-10-24,3791.29,Education,University,Card,Colombo,0
2870,2024-10-24,5057.32,Transport,Uber,Card,Galle,0
2871,2024-10-24,2418.93,Education,Book Shop,Cash,Galle,0
2872,2024-10-25,4869.65,Bills,Mobile,Online Transfer,Anuradhapura,0
2873,2024-10-25,6620.1,Transport,Train,Mobile Wallet,Kurunegala,0
2874,2024-10-25,4065.45,Shopping,Daraz,Cash,Anuradhapura,0
2875,2024-10-25,8046.91,Bills,Mobile,Mobile Wallet,Kandy,0
2876,2024-10-26,5723.78,Shopping,Daraz,Mobile Wallet,Galle,0
2877,2024-10-26,7638.09,Food,Restaurant,Online Transfer,Anuradhapura,0
2878,2024-10-26,2453.37,Health,Hospital,Mobile Wallet,Galle,0
2879,2024-10-27,1489.2,Health,Medical Centre,Card,Colombo,0
2880,2024-10-27,4785.11,Transport,Train,Card,Kurunegala,0
2881,2024-10-27,5495.62,Bills,Electricity,Card,Galle,0
2882,2024-10-27,8105.57,Bills,Water,Mobile Wallet,Colombo,0
2883,2024-10-28,5127.32,Transport,Uber,Cash,Jaffna,0
2884,2024-10-28,8480.69,Food,Cargills,Card,Colombo,0
2885,2024-10-28,4454.46,Transport,PickMe,Card,Jaffna,0
2886,2024-10-28,7306.84,Bills,Electricity,Card,Jaffna,0
2887,2024-10-28,4710.07,Food,Cargills,Online Transfer,Anuradhapura,0
2888,2024-10-28,2605.72,Education,Online Course,Online Transfer,Anuradhapura,0
2889,2024-10-28,4164.97,Transport,Fuel Station,Cash,Kurunegala,0
2890,2024-10-29,1881.96,Entertainment,Netflix,Online Transfer,Galle,0
2891,2024-10-29,7405.83,Food,KFC,Cash,Colombo,0
2892,2024-10-29,8457.95,Food,Cargills,Cash,Colombo,0
2893,2024-10-30,6830.57,Bills,Electricity,Mobile Wallet,Kurunegala,0
2894,2024-10-31,6333.11,Shopping,Supermarket,Mobile Wallet,Kandy,0
2895,2024-10-31,6184.63,Bills,Water,Mobile Wallet,Jaffna,0
2896,2024-10-31,5778.26,Shopping,Daraz,Card,Kurunegala,1
2897,2024-11-01,5150.11,Shopping,Daraz,Card,Jaffna,0
2898,2024-11-01,11031.73,Food,Restaurant,Cash,Kurunegala,0
2899,2024-11-01,4602.26,Shopping,Fashion Store,Cash,Kurunegala,0
2900,2024-11-01,3812.07,Transport,PickMe,Online Transfer,Galle,0
2901,2024-11-01,2676.23,Shopping,Daraz,Online Transfer,Jaffna,0
2902,2024-11-02,7397.4,Food,Pizza Hut,Online Transfer,Galle,0
2903,2024-11-02,4600.96,Shopping,Fashion Store,Card,Kandy,0
2904,2024-11-02,7918.11,Food,Pizza Hut,Cash,Colombo,0
2905,2024-11-02,5641.52,Bills,Electricity,Cash,Anuradhapura,0
2906,2024-11-02,4873.36,Transport,Train,Mobile Wallet,Colombo,0
2907,2024-11-03,7341.06,Food,Pizza Hut,Mobile Wallet,Galle,0
2908,2024-11-03,4303.63,Transport,Train,Card,Kandy,0
2909,2024-11-03,5790.52,Bills,Internet,Cash,Galle,0
2910,2024-11-03,4500.0,Bills,Internet,Online Transfer,Colombo,0
2911,2024-11-04,4704.07,Shopping,Electronics Store,Mobile Wallet,Kurunegala,0
2912,2024-11-04,4710.67,Transport,Train,Mobile Wallet,Anuradhapura,0
2913,2024-11-04,6272.28,Transport,Bus,Cash,Anuradhapura,0
2914,2024-11-04,3360.71,Health,Medical Centre,Card,Jaffna,0
2915,2024-11-04,7449.23,Bills,Electricity,Mobile Wallet,Galle,0
2916,2024-11-04,7237.74,Food,Pizza Hut,Card,Galle,0
2917,2024-11-04,4655.93,Shopping,Supermarket,Card,Anuradhapura,0
2918,2024-11-04,7133.84,Food,Cargills,Online Transfer,Kandy,0
2919,2024-11-05,4955.67,Bills,Water,Card,Galle,0
2920,2024-11-05,6014.63,Shopping,Supermarket,Cash,Kandy,0
2921,2024-11-05,5374.4,Transport,Fuel Station,Online Transfer,Colombo,0
2922,2024-11-05,4773.69,Bills,Internet,Cash,Jaffna,0
2923,2024-11-05,2831.7,Entertainment,Spotify,Mobile Wallet,Jaffna,0
2924,2024-11-05,5726.7,Food,Keells,Cash,Jaffna,0
2925,2024-11-05,10627.6,Food,KFC,Cash,Galle,0
2926,2024-11-07,3791.55,Transport,PickMe,Cash,Galle,0
2927,2024-11-08,2456.53,Entertainment,Cinema,Mobile Wallet,Galle,0
2928,2024-11-08,5789.86,Shopping,Supermarket,Card,Kurunegala,0
2929,2024-11-08,7398.91,Food,Keells,Card,Anuradhapura,0
2930,2024-11-08,4162.9,Food,Keells,Mobile Wallet,Colombo,0
2931,2024-11-09,2361.92,Health,Hospital,Online Transfer,Anuradhapura,0
2932,2024-11-09,5574.4,Bills,Mobile,Card,Colombo,0
2933,2024-11-09,9077.18,Food,Cargills,Online Transfer,Galle,0
2934,2024-11-09,3600.73,Transport,Fuel Station,Cash,Jaffna,0
2935,2024-11-10,7706.94,Bills,Water,Mobile Wallet,Colombo,0
2936,2024-11-10,8556.35,Transport,Fuel Station,Card,Kurunegala,0
2937,2024-11-10,5082.81,Bills,Electricity,Card,Galle,0
2938,2024-11-10,3586.09,Transport,PickMe,Online Transfer,Colombo,0
2939,2024-11-10,1905.74,Health,Medical Centre,Mobile Wallet,Kandy,0
2940,2024-11-10,7348.37,Bills,Water,Cash,Kandy,0
2941,2024-11-10,10295.34,Food,Keells,Cash,Galle,0
2942,2024-11-10,4114.94,Education,Online Course,Mobile Wallet,Kurunegala,0
2943,2024-11-10,3000.0,Entertainment,Netflix,Card,Colombo,0
2944,2024-11-11,7817.92,Food,Cargills,Online Transfer,Galle,0
2945,2024-11-11,5599.76,Shopping,Fashion Store,Mobile Wallet,Kurunegala,0
2946,2024-11-11,8221.05,Bills,Water,Online Transfer,Galle,0
2947,2024-11-11,2156.03,Entertainment,Netflix,Card,Jaffna,0
2948,2024-11-11,1864.6,Education,Book Shop,Card,Galle,0
2949,2024-11-12,3331.21,Entertainment,Spotify,Cash,Colombo,0
2950,2024-11-12,5351.52,Transport,Bus,Cash,Colombo,0
2951,2024-11-12,4531.55,Bills,Mobile,Mobile Wallet,Galle,0
2952,2024-11-13,8326.59,Food,Keells,Online Transfer,Anuradhapura,0
2953,2024-11-13,2525.06,Entertainment,Gaming,Mobile Wallet,Kurunegala,0
2954,2024-11-13,1866.07,Education,Online Course,Cash,Kurunegala,0
2955,2024-11-14,4080.5,Transport,PickMe,Cash,Jaffna,0
2956,2024-11-14,6792.97,Bills,Electricity,Cash,Kandy,0
2957,2024-11-15,3837.76,Shopping,Daraz,Online Transfer,Anuradhapura,0
2958,2024-11-15,1719.63,Health,Pharmacy,Mobile Wallet,Galle,0
2959,2024-11-16,5492.18,Food,KFC,Card,Jaffna,0
2960,2024-11-16,12736.75,Food,Cargills,Card,Kurunegala,0
2961,2024-11-16,6046.62,Shopping,Daraz,Card,Jaffna,0
2962,2024-11-16,5937.25,Bills,Electricity,Mobile Wallet,Colombo,0
2963,2024-11-16,5379.64,Transport,Bus,Card,Jaffna,0
2964,2024-11-17,6963.67,Bills,Electricity,Online Transfer,Colombo,0
2965,2024-11-17,7708.17,Bills,Internet,Cash,Anuradhapura,0
2966,2024-11-17,7981.48,Food,Pizza Hut,Cash,Kurunegala,0
2967,2024-11-17,1611.81,Entertainment,Gaming,Card,Jaffna,0
2968,2024-11-18,5156.48,Food,Restaurant,Online Transfer,Colombo,0
2969,2024-11-18,1956.71,Health,Pharmacy,Online Transfer,Kurunegala,0
2970,2024-11-18,3186.34,Health,Hospital,Card,Colombo,0
2971,2024-11-19,2656.19,Health,Pharmacy,Online Transfer,Kurunegala,0
2972,2024-11-19,3425.87,Entertainment,Netflix,Online Transfer,Kurunegala,0
2973,2024-11-19,4319.45,Bills,Internet,Cash,Colombo,0
2974,2024-11-20,2783.34,Health,Medical Centre,Cash,Kandy,0
2975,2024-11-20,3402.09,Bills,Water,Card,Kurunegala,0
2976,2024-11-20,4439.44,Transport,PickMe,Cash,Colombo,0
2977,2024-11-20,8813.55,Bills,Mobile,Cash,Jaffna,0
2978,2024-11-20,5786.71,Transport,PickMe,Card,Colombo,0
2979,2024-11-20,4951.69,Bills,Mobile,Cash,Anuradhapura,0
2980,2024-11-21,4409.99,Bills,Water,Mobile Wallet,Anuradhapura,0
2981,2024-11-21,2828.23,Entertainment,Gaming,Mobile Wallet,Anuradhapura,0
2982,2024-11-21,3358.5,Education,University,Mobile Wallet,Galle,0
2983,2024-11-21,8528.03,Food,Keells,Online Transfer,Colombo,0
2984,2024-11-21,4739.66,Transport,Train,Mobile Wallet,Colombo,0
2985,2024-11-21,4341.87,Bills,Internet,Card,Kurunegala,0
2986,2024-11-21,3153.93,Transport,Uber,Card,Galle,0
2987,2024-11-22,3380.64,Education,Book Shop,Card,Galle,0
2988,2024-11-22,3523.07,Shopping,Fashion Store,Online Transfer,Kurunegala,0
2989,2024-11-23,3700.28,Transport,Train,Mobile Wallet,Kurunegala,0
2990,2024-11-23,8181.56,Food,Cargills,Mobile Wallet,Kurunegala,0
2991,2024-11-23,2745.16,Health,Hospital,Card,Colombo,0
2992,2024-11-23,3569.13,Entertainment,Spotify,Card,Kandy,0
2993,2024-11-23,5533.56,Food,Restaurant,Mobile Wallet,Kurunegala,0
2994,2024-11-23,4119.13,Transport,PickMe,Online Transfer,Kandy,0
2995,2024-11-23,2963.43,Entertainment,Gaming,Cash,Anuradhapura,0
2996,2024-11-23,9160.05,Food,Cargills,Online Transfer,Kandy,0
2997,2024-11-24,2243.66,Entertainment,Gaming,Cash,Kandy,0
2998,2024-11-24,5019.02,Bills,Mobile,Online Transfer,Colombo,0
2999,2024-11-24,8605.96,Bills,Mobile,Mobile Wallet,Anuradhapura,0
3000,2024-11-24,4436.19,Shopping,Electronics Store,Cash,Kandy,0
3001,2024-11-24,4660.55,Transport,Uber,Online Transfer,Colombo,0
3002,2024-11-25,2017.76,Health,Pharmacy,Online Transfer,Galle,0
3003,2024-11-25,8219.61,Food,Restaurant,Mobile Wallet,Anuradhapura,0
3004,2024-11-25,1369.18,Health,Medical Centre,Online Transfer,Jaffna,0
3005,2024-11-25,3078.53,Shopping,Daraz,Cash,Kandy,0
3006,2024-11-25,2951.29,Shopping,Electronics Store,Mobile Wallet,Anuradhapura,0
3007,2024-11-25,3082.42,Bills,Internet,Card,Jaffna,0
3008,2024-11-25,12558.96,Food,Restaurant,Cash,Galle,0
3009,2024-11-25,1429.15,Health,Medical Centre,Cash,Colombo,0
3010,2024-11-25,3195.44,Education,Book Shop,Mobile Wallet,Kandy,0
3011,2024-11-25,2974.34,Education,Online Course,Mobile Wallet,Colombo,0
3012,2024-11-25,5871.64,Food,KFC,Online Transfer,Anuradhapura,0
3013,2024-11-26,4032.61,Shopping,Daraz,Card,Jaffna,0
3014,2024-11-26,6362.08,Food,Keells,Mobile Wallet,Jaffna,0
3015,2024-11-27,6605.31,Food,Keells,Online Transfer,Galle,0
3016,2024-11-27,7987.38,Food,KFC,Cash,Colombo,0
3017,2024-11-27,6598.71,Bills,Water,Cash,Anuradhapura,0
3018,2024-11-27,5196.84,Bills,Water,Cash,Anuradhapura,0
3019,2024-11-28,4277.29,Shopping,Supermarket,Mobile Wallet,Colombo,0
3020,2024-11-28,4039.75,Food,Restaurant,Online Transfer,Colombo,0
3021,2024-11-28,8779.48,Food,Pizza Hut,Card,Kurunegala,0
3022,2024-11-29,3465.93,Shopping,Electronics Store,Mobile Wallet,Kandy,0
3023,2024-11-30,5358.33,Bills,Water,Card,Colombo,0
3024,2024-11-30,5315.96,Food,Pizza Hut,Card,Jaffna,0
3025,2024-11-30,3614.55,Shopping,Fashion Store,Cash,Galle,0
3026,2024-11-30,7819.72,Food,Restaurant,Mobile Wallet,Jaffna,0
3027,2024-12-01,4500.0,Bills,Internet,Online Transfer,Colombo,0
3028,2024-12-02,4785.25,Entertainment,Spotify,Online Transfer,Kurunegala,0
3029,2024-12-02,3195.94,Health,Medical Centre,Cash,Galle,0
3030,2024-12-02,2510.4,Health,Medical Centre,Online Transfer,Galle,0
3031,2024-12-02,10459.9,Bills,Mobile,Online Transfer,Kurunegala,0
3032,2024-12-02,5856.22,Transport,Train,Mobile Wallet,Jaffna,0
3033,2024-12-03,4654.15,Shopping,Daraz,Online Transfer,Kandy,0
3034,2024-12-03,15274.66,Food,Keells,Online Transfer,Jaffna,0
3035,2024-12-03,14719.91,Food,Pizza Hut,Mobile Wallet,Colombo,0
3036,2024-12-03,4809.95,Shopping,Electronics Store,Card,Galle,0
3037,2024-12-04,11243.01,Bills,Electricity,Online Transfer,Kandy,0
3038,2024-12-04,7228.48,Shopping,Daraz,Cash,Anuradhapura,0
3039,2024-12-04,2706.02,Entertainment,Gaming,Mobile Wallet,Jaffna,0
3040,2024-12-04,4178.78,Entertainment,Netflix,Online Transfer,Anuradhapura,1
3041,2024-12-04,4259.46,Shopping,Fashion Store,Card,Galle,0
3042,2024-12-05,9569.81,Transport,Uber,Mobile Wallet,Kurunegala,0
3043,2024-12-05,8660.36,Shopping,Supermarket,Mobile Wallet,Kandy,0
3044,2024-12-05,10847.28,Food,Pizza Hut,Mobile Wallet,Jaffna,0
3045,2024-12-05,5794.94,Transport,Fuel Station,Mobile Wallet,Kurunegala,0
3046,2024-12-05,6419.98,Shopping,Fashion Store,Cash,Kurunegala,0
3047,2024-12-06,2515.74,Entertainment,Cinema,Cash,Kandy,0
3048,2024-12-06,8281.0,Food,Cargills,Online Transfer,Kurunegala,0
3049,2024-12-06,5005.04,Transport,Train,Cash,Anuradhapura,0
3050,2024-12-06,5024.54,Education,Book Shop,Online Transfer,Kurunegala,0
3051,2024-12-06,3378.94,Transport,Uber,Card,Anuradhapura,0
3052,2024-12-06,9948.52,Food,Keells,Card,Galle,0
3053,2024-12-07,6848.19,Shopping,Electronics Store,Mobile Wallet,Anuradhapura,0
3054,2024-12-07,1851.95,Health,Pharmacy,Online Transfer,Kurunegala,0
3055,2024-12-08,6945.72,Transport,Train,Card,Kandy,0
3056,2024-12-08,4922.75,Bills,Internet,Card,Jaffna,0
3057,2024-12-08,10251.88,Food,KFC,Online Transfer,Jaffna,0
3058,2024-12-08,1737.61,Health,Pharmacy,Online Transfer,Galle,0
3059,2024-12-08,3000.0,Entertainment,Netflix,Card,Colombo,0
3060,2024-12-09,8111.82,Food,Pizza Hut,Card,Anuradhapura,0
3061,2024-12-10,1564.98,Health,Medical Centre,Mobile Wallet,Jaffna,0
3062,2024-12-10,4539.14,Shopping,Daraz,Card,Colombo,0
3063,2024-12-10,8059.88,Food,Cargills,Card,Kurunegala,0
3064,2024-12-10,6580.86,Food,Restaurant,Mobile Wallet,Jaffna,0
3065,2024-12-10,3344.33,Transport,Uber,Cash,Kandy,0
3066,2024-12-10,7588.19,Bills,Water,Mobile Wallet,Jaffna,0
3067,2024-12-10,4796.16,Shopping,Supermarket,Card,Kandy,0
3068,2024-12-10,4562.46,Transport,Fuel Station,Mobile Wallet,Colombo,0
3069,2024-12-10,7198.91,Food,KFC,Mobile Wallet,Jaffna,0
3070,2024-12-10,4936.75,Shopping,Daraz,Cash,Kurunegala,0
3071,2024-12-10,4264.09,Shopping,Supermarket,Online Transfer,Kurunegala,0
3072,2024-12-11,7202.67,Food,Restaurant,Cash,Anuradhapura,0
3073,2024-12-11,1715.37,Entertainment,Netflix,Card,Jaffna,0
3074,2024-12-12,12865.39,Food,Keells,Cash,Anuradhapura,0
3075,2024-12-12,3912.38,Bills,Water,Cash,Kandy,0
3076,2024-12-12,7513.71,Bills,Electricity,Card,Jaffna,0
3077,2024-12-12,7839.45,Food,KFC,Card,Galle,0
3078,2024-12-13,5431.13,Shopping,Daraz,Card,Galle,0
3079,2024-12-13,1370.44,Health,Medical Centre,Card,Galle,0
3080,2024-12-13,1989.29,Entertainment,Gaming,Card,Jaffna,0
3081,2024-12-13,4507.81,Bills,Mobile,Online Transfer,Galle,0
3082,2024-12-13,2192.84,Education,Book Shop,Mobile Wallet,Jaffna,0
3083,2024-12-14,2683.75,Health,Hospital,Online Transfer,Anuradhapura,0
3084,2024-12-14,5109.4,Transport,Uber,Cash,Galle,0
3085,2024-12-14,8238.45,Bills,Internet,Card,Kurunegala,0
3086,2024-12-14,7863.08,Shopping,Supermarket,Mobile Wallet,Kandy,0
3087,2024-12-14,4833.15,Education,Book Shop,Cash,Galle,0
3088,2024-12-14,8297.76,Food,Keells,Online Transfer,Galle,0
3089,2024-12-15,7637.04,Bills,Electricity,Online Transfer,Colombo,0
3090,2024-12-15,5672.52,Bills,Water,Mobile Wallet,Kurunegala,0
3091,2024-12-15,6319.86,Food,KFC,Mobile Wallet,Kurunegala,0
3092,2024-12-15,5738.34,Food,Restaurant,Mobile Wallet,Jaffna,0
3093,2024-12-16,9370.93,Bills,Electricity,Mobile Wallet,Anuradhapura,0
3094,2024-12-16,5344.85,Food,Restaurant,Cash,Galle,0
3095,2024-12-16,4221.41,Transport,Uber,Card,Anuradhapura,0
3096,2024-12-16,3470.32,Shopping,Daraz,Mobile Wallet,Galle,0
3097,2024-12-16,6252.36,Bills,Internet,Cash,Colombo,0
3098,2024-12-16,1879.59,Entertainment,Spotify,Card,Galle,0
3099,2024-12-17,5327.08,Food,KFC,Card,Jaffna,0
3100,2024-12-17,2228.07,Entertainment,Cinema,Mobile Wallet,Colombo,0
3101,2024-12-17,2311.7,Entertainment,Cinema,Mobile Wallet,Kurunegala,0
3102,2024-12-18,2662.62,Entertainment,Netflix,Card,Colombo,0
3103,2024-12-18,4957.79,Transport,Fuel Station,Card,Colombo,0
3104,2024-12-18,8919.01,Food,Cargills,Card,Colombo,0
3105,2024-12-18,8858.69,Food,KFC,Card,Colombo,0
3106,2024-12-19,2016.69,Health,Pharmacy,Cash,Jaffna,1
3107,2024-12-19,8133.75,Bills,Electricity,Online Transfer,Kandy,0
3108,2024-12-19,3049.63,Education,Book Shop,Card,Kandy,0
3109,2024-12-19,4774.04,Food,Pizza Hut,Cash,Colombo,0
3110,2024-12-20,6675.78,Shopping,Electronics Store,Mobile Wallet,Kandy,0
3111,2024-12-20,8985.74,Bills,Water,Card,Galle,0
3112,2024-12-20,4572.82,Transport,Train,Mobile Wallet,Kurunegala,0
3113,2024-12-20,2577.76,Education,Book Shop,Card,Jaffna,0
3114,2024-12-20,4390.67,Food,Keells,Card,Galle,0
3115,2024-12-20,4482.54,Bills,Mobile,Mobile Wallet,Galle,0
3116,2024-12-20,3922.33,Bills,Internet,Online Transfer,Kandy,0
3117,2024-12-21,2265.33,Entertainment,Netflix,Cash,Kandy,0
3118,2024-12-21,13156.84,Food,Cargills,Card,Anuradhapura,0
3119,2024-12-21,9155.21,Food,Cargills,Mobile Wallet,Colombo,0
3120,2024-12-21,5432.19,Transport,PickMe,Card,Kandy,0
3121,2024-12-21,6197.06,Bills,Internet,Card,Kurunegala,0
3122,2024-12-21,5931.38,Bills,Mobile,Cash,Kandy,0
3123,2024-12-21,5409.89,Bills,Internet,Cash,Jaffna,0
3124,2024-12-22,3159.72,Education,Online Course,Cash,Galle,0
3125,2024-12-22,4086.47,Education,Book Shop,Online Transfer,Kandy,0
3126,2024-12-22,4755.48,Shopping,Supermarket,Online Transfer,Galle,0
3127,2024-12-22,15862.6,Food,Restaurant,Online Transfer,Jaffna,1
3128,2024-12-22,8024.1,Bills,Mobile,Mobile Wallet,Kurunegala,0
3129,2024-12-22,13923.25,Food,Cargills,Mobile Wallet,Anuradhapura,1
3130,2024-12-23,9496.32,Shopping,Fashion Store,Online Transfer,Jaffna,0
3131,2024-12-23,2270.05,Health,Hospital,Mobile Wallet,Jaffna,0
3132,2024-12-23,3522.19,Education,University,Cash,Kandy,0
3133,2024-12-23,3991.7,Transport,Bus,Mobile Wallet,Galle,0
3134,2024-12-23,7038.27,Bills,Water,Card,Colombo,1
3135,2024-12-23,7095.9,Transport,Uber,Cash,Galle,0
3136,2024-12-23,6047.34,Food,Cargills,Card,Galle,0
3137,2024-12-24,5018.29,Shopping,Daraz,Online Transfer,Kandy,0
3138,2024-12-24,6957.28,Shopping,Supermarket,Online Transfer,Jaffna,0
3139,2024-12-24,4711.75,Bills,Water,Cash,Colombo,0
3140,2024-12-24,7047.92,Food,Pizza Hut,Card,Colombo,0
3141,2024-12-25,2926.97,Entertainment,Spotify,Mobile Wallet,Galle,0
3142,2024-12-26,2537.25,Education,University,Mobile Wallet,Galle,0
3143,2024-12-26,11125.91,Food,Restaurant,Cash,Jaffna,0
3144,2024-12-26,12329.42,Bills,Internet,Card,Anuradhapura,0
3145,2024-12-26,2850.21,Health,Pharmacy,Online Transfer,Galle,0
3146,2024-12-27,3116.12,Education,Book Shop,Cash,Kandy,0
3147,2024-12-27,7809.34,Shopping,Supermarket,Online Transfer,Galle,0
3148,2024-12-28,4261.67,Health,Hospital,Cash,Kandy,0
3149,2024-12-28,6595.58,Shopping,Supermarket,Cash,Galle,0
3150,2024-12-28,4499.63,Transport,Train,Mobile Wallet,Anuradhapura,0
3151,2024-12-28,7604.72,Bills,Internet,Cash,Kandy,0
3152,2024-12-28,4174.65,Entertainment,Netflix,Cash,Kandy,0
3153,2024-12-28,6459.92,Bills,Electricity,Cash,Kandy,0
3154,2024-12-29,9002.92,Food,Pizza Hut,Card,Galle,0
3155,2024-12-29,8198.73,Food,KFC,Online Transfer,Kurunegala,0
3156,2024-12-29,6112.09,Shopping,Electronics Store,Mobile Wallet,Kurunegala,0
3157,2024-12-29,5443.58,Bills,Mobile,Mobile Wallet,Anuradhapura,0
3158,2024-12-29,2791.91,Entertainment,Gaming,Cash,Colombo,0
3159,2024-12-30,3664.12,Shopping,Daraz,Online Transfer,Kurunegala,0
3160,2024-12-30,4620.32,Transport,Uber,Online Transfer,Jaffna,0
3161,2024-12-30,6536.35,Food,Cargills,Mobile Wallet,Colombo,0
3162,2024-12-30,1228.33,Entertainment,Cinema,Online Transfer,Jaffna,0
3163,2024-12-30,8123.69,Food,Pizza Hut,Cash,Kurunegala,0
3164,2024-12-31,7616.64,Bills,Water,Mobile Wallet,Anuradhapura,0
3165,2024-12-31,11894.03,Food,Pizza Hut,Mobile Wallet,Jaffna,1
3166,2024-12-31,5871.63,Food,Restaurant,Cash,Colombo,0
3167,2024-12-31,4181.07,Shopping,Daraz,Cash,Anuradhapura,0
3168,2025-01-01,5144.05,Shopping,Supermarket,Mobile Wallet,Colombo,0
3169,2025-01-01,8026.11,Food,Pizza Hut,Online Transfer,Colombo,0
3170,2025-01-01,2821.15,Education,Online Course,Card,Jaffna,0
3171,2025-01-01,2782.42,Shopping,Daraz,Card,Kandy,0
3172,2025-01-01,9647.7,Bills,Internet,Mobile Wallet,Jaffna,0
3173,2025-01-01,8041.45,Food,Restaurant,Mobile Wallet,Anuradhapura,0
3174,2025-01-02,6073.16,Shopping,Fashion Store,Cash,Colombo,0
3175,2025-01-02,6328.77,Food,Restaurant,Cash,Kurunegala,0
3176,2025-01-02,7136.25,Bills,Water,Cash,Anuradhapura,0
3177,2025-01-02,7461.02,Food,Keells,Online Transfer,Kandy,0
3178,2025-01-02,5672.89,Bills,Mobile,Card,Anuradhapura,0
3179,2025-01-03,5233.04,Food,Keells,Online Transfer,Kandy,0
3180,2025-01-03,2436.75,Entertainment,Cinema,Cash,Galle,0
3181,2025-01-03,10219.33,Food,Restaurant,Online Transfer,Kurunegala,0
3182,2025-01-03,8061.84,Food,Cargills,Cash,Colombo,0
3183,2025-01-04,4024.68,Transport,Train,Mobile Wallet,Jaffna,0
3184,2025-01-04,2954.12,Education,Book Shop,Mobile Wallet,Kandy,0
3185,2025-01-05,4901.43,Transport,Train,Mobile Wallet,Anuradhapura,0
3186,2025-01-05,4933.29,Transport,Bus,Mobile Wallet,Kandy,0
3187,2025-01-05,5285.96,Transport,Bus,Card,Kandy,0
3188,2025-01-05,2724.31,Education,University,Mobile Wallet,Colombo,0
3189,2025-01-05,5848.06,Transport,Fuel Station,Mobile Wallet,Colombo,0
3190,2025-01-05,6273.7,Transport,Train,Card,Colombo,0
3191,2025-01-05,4500.0,Bills,Internet,Online Transfer,Colombo,0
3192,2025-01-06,8882.46,Shopping,Daraz,Mobile Wallet,Galle,1
3193,2025-01-06,8087.28,Transport,PickMe,Card,Galle,0
3194,2025-01-06,4374.61,Shopping,Supermarket,Cash,Jaffna,0
3195,2025-01-06,6500.33,Shopping,Fashion Store,Mobile Wallet,Anuradhapura,0
3196,2025-01-07,4032.69,Food,Restaurant,Card,Anuradhapura,0
3197,2025-01-07,9980.63,Food,Cargills,Cash,Galle,0
3198,2025-01-07,4877.22,Bills,Electricity,Mobile Wallet,Jaffna,0
3199,2025-01-07,8427.5,Food,Pizza Hut,Mobile Wallet,Kandy,0
3200,2025-01-07,6128.88,Food,Restaurant,Mobile Wallet,Colombo,0
3201,2025-01-08,4101.25,Entertainment,Netflix,Cash,Colombo,0
3202,2025-01-08,2780.43,Entertainment,Spotify,Mobile Wallet,Anuradhapura,0
3203,2025-01-09,4874.69,Transport,Fuel Station,Card,Colombo,0
3204,2025-01-09,6978.44,Bills,Water,Card,Anuradhapura,0
3205,2025-01-09,9982.25,Bills,Mobile,Cash,Galle,0
3206,2025-01-09,8408.25,Shopping,Fashion Store,Cash,Kurunegala,0
3207,2025-01-09,8185.11,Food,Pizza Hut,Online Transfer,Galle,0
3208,2025-01-10,4580.9,Shopping,Fashion Store,Cash,Jaffna,0
3209,2025-01-10,4115.37,Shopping,Fashion Store,Online Transfer,Anuradhapura,0
3210,2025-01-10,2014.36,Health,Medical Centre,Online Transfer,Kandy,0
3211,2025-01-10,6958.97,Bills,Electricity,Card,Kurunegala,0
3212,2025-01-10,3646.96,Transport,PickMe,Card,Kandy,0
3213,2025-01-10,6285.4,Shopping,Fashion Store,Mobile Wallet,Kurunegala,0
3214,2025-01-11,6431.46,Bills,Mobile,Mobile Wallet,Kurunegala,0
3215,2025-01-11,2703.51,Education,University,Mobile Wallet,Kurunegala,0
3216,2025-01-11,4757.19,Education,Book Shop,Online Transfer,Kurunegala,0
3217,2025-01-12,3000.0,Entertainment,Netflix,Card,Colombo,0
3218,2025-01-12,3141.96,Shopping,Daraz,Online Transfer,Kandy,0
3219,2025-01-12,12818.76,Food,Keells,Mobile Wallet,Colombo,1
3220,2025-01-13,2493.79,Education,University,Cash,Jaffna,1
3221,2025-01-14,5393.56,Bills,Water,Mobile Wallet,Anuradhapura,0
3222,2025-01-14,6313.68,Transport,PickMe,Cash,Jaffna,0
3223,2025-01-14,4903.08,Shopping,Electronics Store,Online Transfer,Kandy,0
3224,2025-01-14,2281.67,Entertainment,Netflix,Cash,Colombo,0
3225,2025-01-14,2758.03,Entertainment,Cinema,Cash,Jaffna,0
3226,2025-01-14,9606.85,Food,Pizza Hut,Cash,Kandy,0
3227,2025-01-14,5280.42,Transport,Train,Mobile Wallet,Kurunegala,0
3228,2025-01-15,2914.92,Entertainment,Cinema,Mobile Wallet,Kurunegala,0
3229,2025-01-15,3073.33,Health,Hospital,Online Transfer,Kurunegala,0
3230,2025-01-15,7887.32,Transport,Uber,Cash,Kurunegala,0
3231,2025-01-15,5488.32,Transport,Bus,Online Transfer,Anuradhapura,0
3232,2025-01-16,5095.42,Transport,Fuel Station,Card,Colombo,0
3233,2025-01-16,2065.53,Health,Hospital,Online Transfer,Galle,0
3234,2025-01-16,2323.08,Health,Pharmacy,Mobile Wallet,Anuradhapura,0
3235,2025-01-16,2021.58,Health,Hospital,Mobile Wallet,Jaffna,0
3236,2025-01-16,5031.47,Shopping,Fashion Store,Cash,Galle,0
3237,2025-01-16,5323.71,Bills,Electricity,Cash,Jaffna,0
3238,2025-01-16,7268.15,Bills,Water,Mobile Wallet,Anuradhapura,0
3239,2025-01-16,6504.68,Bills,Internet,Card,Colombo,0
3240,2025-01-17,10563.13,Food,Pizza Hut,Card,Kandy,0
3241,2025-01-17,3294.51,Shopping,Daraz,Card,Kurunegala,0
3242,2025-01-17,2486.33,Entertainment,Spotify,Cash,Anuradhapura,0
3243,2025-01-18,6102.48,Transport,PickMe,Online Transfer,Galle,0
3244,2025-01-18,9250.72,Food,KFC,Online Transfer,Jaffna,0
3245,2025-01-18,14717.02,Food,KFC,Online Transfer,Jaffna,0
3246,2025-01-18,8036.77,Shopping,Electronics Store,Card,Jaffna,0
3247,2025-01-18,2664.79,Health,Pharmacy,Card,Jaffna,0
3248,2025-01-19,8667.58,Bills,Electricity,Online Transfer,Colombo,0
3249,2025-01-19,6325.99,Food,Cargills,Cash,Kandy,0
3250,2025-01-19,6065.43,Food,Pizza Hut,Online Transfer,Anuradhapura,0
3251,2025-01-20,2201.3,Education,University,Mobile Wallet,Galle,0
3252,2025-01-20,1175.6,Entertainment,Cinema,Card,Galle,0
3253,2025-01-20,3107.85,Education,Online Course,Card,Galle,0
3254,2025-01-20,3149.32,Bills,Electricity,Mobile Wallet,Kurunegala,0
3255,2025-01-20,4157.92,Shopping,Electronics Store,Online Transfer,Kandy,0
3256,2025-01-20,7547.91,Bills,Electricity,Online Transfer,Galle,0
3257,2025-01-20,1944.74,Education,Online Course,Card,Colombo,0
3258,2025-01-20,9297.44,Food,Keells,Cash,Kandy,0
3259,2025-01-21,3065.59,Transport,Fuel Station,Online Transfer,Galle,0
3260,2025-01-21,2506.97,Education,Online Course,Card,Anuradhapura,0
3261,2025-01-21,5522.71,Shopping,Fashion Store,Mobile Wallet,Colombo,0
3262,2025-01-22,6211.8,Bills,Internet,Online Transfer,Anuradhapura,0
3263,2025-01-22,4062.04,Shopping,Fashion Store,Card,Colombo,0
3264,2025-01-22,2883.08,Health,Hospital,Online Transfer,Kurunegala,0
3265,2025-01-23,11490.39,Food,Restaurant,Card,Jaffna,1
3266,2025-01-23,8409.83,Bills,Mobile,Cash,Jaffna,0
3267,2025-01-23,3467.63,Bills,Electricity,Cash,Anuradhapura,0
3268,2025-01-23,7618.9,Food,Keells,Cash,Kurunegala,0
3269,2025-01-23,6545.3,Food,KFC,Mobile Wallet,Colombo,0
3270,2025-01-24,6110.96,Bills,Water,Mobile Wallet,Kandy,0
3271,2025-01-24,5942.53,Bills,Water,Online Transfer,Galle,0
3272,2025-01-24,4164.13,Shopping,Electronics Store,Cash,Jaffna,0
3273,2025-01-24,3597.75,Transport,Bus,Online Transfer,Anuradhapura,0
3274,2025-01-25,4225.7,Shopping,Fashion Store,Online Transfer,Anuradhapura,0
3275,2025-01-25,5812.9,Food,Keells,Cash,Anuradhapura,0
3276,2025-01-25,8334.08,Food,Restaurant,Mobile Wallet,Anuradhapura,0
3277,2025-01-25,2868.42,Shopping,Electronics Store,Card,Kandy,0
3278,2025-01-25,4372.87,Transport,Fuel Station,Cash,Colombo,0
3279,2025-01-25,2088.85,Entertainment,Spotify,Online Transfer,Galle,0
3280,2025-01-25,2559.36,Education,Online Course,Online Transfer,Kandy,0
3281,2025-01-26,2926.22,Education,Online Course,Mobile Wallet,Anuradhapura,0
3282,2025-01-26,7936.62,Bills,Electricity,Card,Anuradhapura,0
3283,2025-01-26,5445.29,Transport,Train,Cash,Galle,0
3284,2025-01-26,8026.71,Food,Restaurant,Mobile Wallet,Anuradhapura,0
3285,2025-01-26,6819.35,Food,Keells,Cash,Anuradhapura,0
3286,2025-01-26,9900.66,Food,Keells,Cash,Kandy,0
3287,2025-01-26,9644.19,Bills,Mobile,Mobile Wallet,Kandy,0
3288,2025-01-27,4540.32,Bills,Electricity,Mobile Wallet,Colombo,0
3289,2025-01-27,3855.37,Education,University,Online Transfer,Galle,0
3290,2025-01-27,7385.39,Transport,Train,Card,Kurunegala,0
3291,2025-01-28,3136.52,Transport,PickMe,Cash,Colombo,0
3292,2025-01-29,4585.14,Shopping,Electronics Store,Mobile Wallet,Colombo,0
3293,2025-01-29,11118.98,Food,Keells,Online Transfer,Colombo,0
3294,2025-01-29,5019.65,Transport,Train,Online Transfer,Anuradhapura,0
3295,2025-01-29,2453.49,Entertainment,Netflix,Online Transfer,Colombo,0
3296,2025-01-29,3374.64,Education,Online Course,Online Transfer,Colombo,0
3297,2025-01-30,4523.2,Shopping,Fashion Store,Card,Kurunegala,0
3298,2025-01-30,2455.67,Entertainment,Cinema,Mobile Wallet,Colombo,0
3299,2025-01-30,8999.04,Bills,Mobile,Online Transfer,Kandy,0
3300,2025-01-30,3906.88,Bills,Internet,Cash,Jaffna,0
3301,2025-01-30,6914.97,Shopping,Daraz,Card,Kandy,0
3302,2025-01-31,11595.87,Bills,Water,Online Transfer,Colombo,0
3303,2025-01-31,4727.59,Bills,Electricity,Cash,Jaffna,0
3304,2025-02-01,8465.5,Transport,Uber,Card,Kandy,0
3305,2025-02-01,6327.9,Food,KFC,Online Transfer,Anuradhapura,0
3306,2025-02-01,7072.14,Transport,Train,Card,Kandy,0
3307,2025-02-02,4500.0,Bills,Internet,Online Transfer,Colombo,0
3308,2025-02-02,2206.63,Health,Medical Centre,Cash,Galle,0
3309,2025-02-02,4304.93,Shopping,Supermarket,Cash,Colombo,0
3310,2025-02-02,3440.64,Transport,Train,Cash,Kurunegala,0
3311,2025-02-02,4036.94,Education,Online Course,Online Transfer,Colombo,0
3312,2025-02-02,4296.79,Education,University,Online Transfer,Anuradhapura,0
3313,2025-02-02,5522.15,Shopping,Electronics Store,Cash,Anuradhapura,0
3314,2025-02-03,5307.15,Bills,Water,Cash,Colombo,0
3315,2025-02-03,7424.79,Transport,PickMe,Mobile Wallet,Galle,0
3316,2025-02-03,5345.97,Bills,Electricity,Card,Kandy,0
3317,2025-02-03,6904.55,Transport,Uber,Mobile Wallet,Galle,0
3318,2025-02-04,7714.32,Food,Keells,Card,Jaffna,0
3319,2025-02-04,3585.41,Health,Pharmacy,Cash,Colombo,0
3320,2025-02-04,2761.5,Health,Hospital,Cash,Anuradhapura,0
3321,2025-02-04,3568.1,Health,Medical Centre,Online Transfer,Galle,1
3322,2025-02-04,6999.04,Transport,PickMe,Mobile Wallet,Jaffna,0
3323,2025-02-05,5781.65,Transport,PickMe,Online Transfer,Jaffna,0
3324,2025-02-05,7573.3,Bills,Water,Online Transfer,Jaffna,0
3325,2025-02-05,2994.77,Education,Book Shop,Card,Kandy,0
3326,2025-02-05,4057.04,Transport,Uber,Cash,Kandy,0
3327,2025-02-06,3106.99,Entertainment,Gaming,Card,Jaffna,0
3328,2025-02-06,5832.5,Transport,Uber,Cash,Colombo,0
3329,2025-02-06,2498.66,Health,Hospital,Mobile Wallet,Colombo,0
3330,2025-02-06,4558.46,Shopping,Fashion Store,Mobile Wallet,Colombo,0
3331,2025-02-06,15614.43,Food,Restaurant,Online Transfer,Anuradhapura,0
3332,2025-02-07,9729.86,Food,KFC,Mobile Wallet,Anuradhapura,0
3333,2025-02-07,8901.94,Shopping,Fashion Store,Card,Anuradhapura,0
3334,2025-02-07,5579.46,Shopping,Daraz,Card,Jaffna,0
3335,2025-02-07,4695.51,Transport,Fuel Station,Mobile Wallet,Galle,0
3336,2025-02-07,2385.91,Entertainment,Netflix,Cash,Anuradhapura,0
3337,2025-02-08,4556.61,Transport,Bus,Card,Kurunegala,0
3338,2025-02-08,7781.25,Shopping,Fashion Store,Online Transfer,Colombo,0
3339,2025-02-09,4219.25,Transport,PickMe,Card,Jaffna,0
3340,2025-02-09,2722.16,Education,Book Shop,Cash,Colombo,0
3341,2025-02-09,4927.01,Shopping,Electronics Store,Online Transfer,Kurunegala,0
3342,2025-02-09,8044.49,Bills,Mobile,Online Transfer,Kandy,0
3343,2025-02-09,3000.0,Entertainment,Netflix,Card,Colombo,0
3344,2025-02-09,7257.51,Bills,Water,Cash,Colombo,0
3345,2025-02-10,6174.15,Bills,Water,Cash,Jaffna,0
3346,2025-02-10,4370.88,Bills,Mobile,Online Transfer,Kurunegala,0
3347,2025-02-10,2300.91,Education,Book Shop,Card,Anuradhapura,0
3348,2025-02-10,1820.56,Entertainment,Cinema,Online Transfer,Kurunegala,0
3349,2025-02-10,5746.22,Transport,Fuel Station,Mobile Wallet,Kandy,0
3350,2025-02-10,8742.72,Food,Cargills,Online Transfer,Anuradhapura,0
3351,2025-02-11,4195.05,Shopping,Supermarket,Cash,Jaffna,0
3352,2025-02-11,6650.09,Bills,Water,Online Transfer,Galle,0
3353,2025-02-11,3441.85,Shopping,Supermarket,Cash,Galle,0
3354,2025-02-11,2137.13,Health,Pharmacy,Mobile Wallet,Galle,0
3355,2025-02-11,12434.43,Food,Restaurant,Cash,Kandy,0
3356,2025-02-11,6800.18,Bills,Electricity,Mobile Wallet,Galle,0
3357,2025-02-12,9335.92,Bills,Internet,Mobile Wallet,Kandy,0
3358,2025-02-12,4988.65,Food,KFC,Cash,Anuradhapura,0
3359,2025-02-12,5478.49,Transport,PickMe,Mobile Wallet,Anuradhapura,0
3360,2025-02-12,2820.11,Education,University,Mobile Wallet,Colombo,0
3361,2025-02-12,1772.76,Health,Hospital,Card,Kurunegala,0
3362,2025-02-13,8130.24,Food,Restaurant,Card,Jaffna,0
3363,2025-02-13,3504.18,Shopping,Supermarket,Card,Galle,0
3364,2025-02-13,3967.76,Bills,Internet,Mobile Wallet,Anuradhapura,0
3365,2025-02-13,7329.54,Bills,Electricity,Online Transfer,Galle,0
3366,2025-02-14,7539.13,Bills,Electricity,Cash,Galle,0
3367,2025-02-14,2300.14,Entertainment,Netflix,Card,Galle,0
3368,2025-02-14,3962.46,Shopping,Electronics Store,Mobile Wallet,Kandy,0
3369,2025-02-14,1931.71,Education,Book Shop,Cash,Galle,0
3370,2025-02-14,5347.57,Bills,Mobile,Mobile Wallet,Colombo,0
3371,2025-02-15,5826.86,Transport,Uber,Online Transfer,Kandy,0
3372,2025-02-15,2367.62,Education,University,Online Transfer,Jaffna,0
3373,2025-02-16,6710.89,Bills,Electricity,Online Transfer,Colombo,0
3374,2025-02-16,4251.36,Transport,Uber,Cash,Colombo,0
3375,2025-02-16,7423.73,Bills,Electricity,Mobile Wallet,Anuradhapura,0
3376,2025-02-16,6365.4,Food,Pizza Hut,Mobile Wallet,Kurunegala,1
3377,2025-02-16,3196.63,Education,University,Cash,Jaffna,0
3378,2025-02-17,7077.11,Food,Keells,Mobile Wallet,Kurunegala,0
3379,2025-02-17,4593.11,Shopping,Daraz,Card,Anuradhapura,0
3380,2025-02-17,2721.28,Health,Hospital,Cash,Jaffna,0
3381,2025-02-17,9507.98,Food,KFC,Cash,Colombo,0
3382,2025-02-17,6537.01,Bills,Mobile,Online Transfer,Anuradhapura,0
3383,2025-02-17,7749.79,Bills,Electricity,Card,Jaffna,0
3384,2025-02-17,3357.47,Entertainment,Netflix,Online Transfer,Jaffna,0
3385,2025-02-17,5968.46,Transport,Uber,Mobile Wallet,Anuradhapura,0
3386,2025-02-18,2696.72,Health,Medical Centre,Online Transfer,Kandy,0
3387,2025-02-18,2735.6,Education,University,Card,Kurunegala,0
3388,2025-02-18,13930.18,Food,Restaurant,Cash,Kandy,0
3389,2025-02-18,3656.51,Education,University,Online Transfer,Jaffna,0
3390,2025-02-19,9265.71,Food,Pizza Hut,Mobile Wallet,Jaffna,0
3391,2025-02-19,5548.1,Transport,Uber,Card,Kurunegala,0
3392,2025-02-19,5042.27,Shopping,Supermarket,Online Transfer,Kandy,0
3393,2025-02-19,4438.07,Transport,Bus,Online Transfer,Colombo,0
3394,2025-02-20,3071.59,Entertainment,Gaming,Online Transfer,Kandy,0
3395,2025-02-20,6324.99,Transport,Train,Mobile Wallet,Galle,0
3396,2025-02-20,4230.74,Transport,Uber,Cash,Galle,0
3397,2025-02-21,3312.43,Education,Book Shop,Card,Kandy,0
3398,2025-02-21,8352.15,Bills,Water,Card,Kurunegala,0
3399,2025-02-22,2353.33,Health,Pharmacy,Cash,Kandy,0
3400,2025-02-22,6880.23,Bills,Water,Online Transfer,Galle,0
3401,2025-02-22,3477.29,Entertainment,Netflix,Cash,Kurunegala,0
3402,2025-02-22,4559.31,Transport,Uber,Online Transfer,Anuradhapura,1
3403,2025-02-22,4385.32,Transport,PickMe,Cash,Colombo,0
3404,2025-02-23,8359.82,Bills,Internet,Card,Kandy,0
3405,2025-02-23,7933.64,Bills,Water,Cash,Jaffna,0
3406,2025-02-23,3836.09,Bills,Mobile,Cash,Anuradhapura,0
3407,2025-02-23,4769.39,Transport,Bus,Online Transfer,Jaffna,0
3408,2025-02-24,6094.64,Bills,Mobile,Mobile Wallet,Jaffna,0
3409,2025-02-24,3372.57,Transport,PickMe,Card,Galle,0
3410,2025-02-24,2604.83,Health,Medical Centre,Mobile Wallet,Jaffna,0
3411,2025-02-24,6470.19,Bills,Electricity,Cash,Kandy,0
3412,2025-02-24,2184.74,Education,Book Shop,Card,Colombo,0
3413,2025-02-25,5388.54,Transport,Fuel Station,Mobile Wallet,Galle,0
3414,2025-02-25,4331.41,Shopping,Fashion Store,Cash,Anuradhapura,0
3415,2025-02-25,4988.28,Bills,Internet,Online Transfer,Colombo,0
3416,2025-02-25,2397.95,Entertainment,Gaming,Mobile Wallet,Kandy,0
3417,2025-02-26,3254.78,Entertainment,Spotify,Card,Kurunegala,0
3418,2025-02-27,3392.42,Transport,PickMe,Card,Kurunegala,0
3419,2025-02-27,6569.57,Bills,Water,Card,Anuradhapura,0
3420,2025-02-27,3225.23,Entertainment,Cinema,Card,Anuradhapura,0
3421,2025-02-27,2734.51,Education,Book Shop,Mobile Wallet,Kandy,0
3422,2025-02-27,5423.43,Bills,Water,Cash,Colombo,0
3423,2025-02-27,4915.85,Transport,Train,Cash,Anuradhapura,0
3424,2025-02-27,4322.65,Transport,PickMe,Card,Kandy,0
3425,2025-02-28,7325.23,Food,Keells,Mobile Wallet,Galle,0
3426,2025-02-28,8061.0,Bills,Electricity,Card,Kurunegala,0
3427,2025-02-28,6935.94,Bills,Water,Cash,Colombo,0
3428,2025-02-28,8141.11,Food,Keells,Card,Colombo,0
3429,2025-02-28,7617.69,Food,Keells,Online Transfer,Anuradhapura,0
3430,2025-03-01,8409.3,Food,KFC,Card,Jaffna,0
3431,2025-03-01,8427.69,Shopping,Fashion Store,Cash,Kurunegala,0
3432,2025-03-01,5068.59,Transport,Train,Online Transfer,Colombo,0
3433,2025-03-01,9393.23,Food,Cargills,Cash,Jaffna,0
3434,2025-03-02,4500.0,Bills,Internet,Online Transfer,Colombo,0
3435,2025-03-02,9047.94,Shopping,Supermarket,Mobile Wallet,Kandy,0
3436,2025-03-02,7994.78,Bills,Electricity,Mobile Wallet,Kurunegala,0
3437,2025-03-03,4808.92,Shopping,Fashion Store,Mobile Wallet,Kandy,0
3438,2025-03-03,3651.17,Transport,Bus,Online Transfer,Kurunegala,0
3439,2025-03-03,5683.46,Transport,PickMe,Card,Colombo,0
3440,2025-03-04,6521.55,Bills,Water,Card,Kandy,0
3441,2025-03-04,6311.22,Transport,PickMe,Cash,Kurunegala,0
3442,2025-03-04,3947.71,Shopping,Fashion Store,Cash,Kandy,0
3443,2025-03-04,2600.95,Education,Online Course,Card,Galle,0
3444,2025-03-04,7575.85,Food,Cargills,Mobile Wallet,Kurunegala,0
3445,2025-03-04,6933.27,Food,Cargills,Card,Anuradhapura,0
3446,2025-03-04,2888.93,Education,Book Shop,Mobile Wallet,Anuradhapura,0
3447,2025-03-05,3239.19,Transport,Uber,Cash,Kandy,0
3448,2025-03-05,8628.88,Bills,Internet,Mobile Wallet,Galle,0
3449,2025-03-05,4772.55,Bills,Internet,Online Transfer,Kandy,0
3450,2025-03-06,3240.46,Education,University,Mobile Wallet,Colombo,0
3451,2025-03-06,4068.86,Education,Book Shop,Mobile Wallet,Kandy,0
3452,2025-03-07,2985.36,Entertainment,Gaming,Online Transfer,Kandy,0
3453,2025-03-07,9790.35,Food,KFC,Online Transfer,Jaffna,0
3454,2025-03-07,7817.01,Bills,Internet,Cash,Anuradhapura,0
3455,2025-03-08,7662.86,Food,KFC,Mobile Wallet,Jaffna,0
3456,2025-03-08,5404.63,Transport,Train,Online Transfer,Kurunegala,0
3457,2025-03-08,6686.48,Shopping,Daraz,Cash,Galle,0
3458,2025-03-08,5658.1,Food,KFC,Mobile Wallet,Jaffna,0
3459,2025-03-08,8691.25,Food,KFC,Card,Kandy,0
3460,2025-03-08,4693.34,Shopping,Supermarket,Mobile Wallet,Jaffna,0
3461,2025-03-08,9257.23,Food,KFC,Online Transfer,Galle,0
3462,2025-03-09,9970.96,Food,Keells,Online Transfer,Colombo,0
3463,2025-03-09,5275.71,Education,Book Shop,Online Transfer,Galle,0
3464,2025-03-09,10780.36,Bills,Internet,Card,Jaffna,0
3465,2025-03-09,3000.0,Entertainment,Netflix,Card,Colombo,0
3466,2025-03-09,4519.4,Education,University,Card,Kurunegala,0
3467,2025-03-10,6184.44,Transport,Bus,Mobile Wallet,Galle,0
3468,2025-03-10,4473.63,Education,Book Shop,Card,Jaffna,0
3469,2025-03-10,8294.08,Bills,Water,Cash,Colombo,0
3470,2025-03-10,2805.95,Entertainment,Netflix,Card,Jaffna,0
3471,2025-03-10,11523.38,Transport,Uber,Online Transfer,Anuradhapura,0
3472,2025-03-10,10692.95,Bills,Electricity,Mobile Wallet,Colombo,0
3473,2025-03-11,4208.41,Entertainment,Spotify,Mobile Wallet,Kandy,0
3474,2025-03-11,6044.74,Food,Cargills,Online Transfer,Jaffna,0
3475,2025-03-12,2864.59,Education,Online Course,Card,Kurunegala,0
3476,2025-03-12,3196.35,Education,University,Card,Anuradhapura,0
3477,2025-03-13,14558.45,Transport,Bus,Cash,Kurunegala,0
3478,2025-03-14,3907.03,Shopping,Daraz,Mobile Wallet,Kandy,0
3479,2025-03-14,4140.45,Shopping,Supermarket,Mobile Wallet,Kandy,0
3480,2025-03-14,8300.32,Shopping,Fashion Store,Cash,Anuradhapura,0
3481,2025-03-14,6301.67,Transport,Bus,Cash,Colombo,0
3482,2025-03-14,8335.79,Shopping,Daraz,Mobile Wallet,Kurunegala,0
3483,2025-03-14,11274.28,Bills,Electricity,Cash,Colombo,0
3484,2025-03-15,10699.03,Shopping,Supermarket,Card,Kandy,0
3485,2025-03-15,8311.0,Bills,Mobile,Card,Galle,0
3486,2025-03-16,6894.43,Bills,Mobile,Online Transfer,Kandy,0
3487,2025-03-16,4348.93,Transport,Bus,Mobile Wallet,Colombo,0
3488,2025-03-16,7620.32,Bills,Electricity,Online Transfer,Colombo,0
3489,2025-03-17,6585.37,Transport,Fuel Station,Card,Anuradhapura,0
3490,2025-03-17,6930.86,Food,Cargills,Card,Kandy,0
3491,2025-03-18,2435.18,Health,Pharmacy,Online Transfer,Kandy,0
3492,2025-03-18,4835.78,Transport,Train,Cash,Kandy,0
3493,2025-03-19,6256.86,Food,Keells,Card,Jaffna,0
3494,2025-03-19,6587.55,Bills,Water,Mobile Wallet,Kandy,0
3495,2025-03-19,2699.62,Education,Book Shop,Mobile Wallet,Kandy,0
3496,2025-03-19,5728.5,Food,Pizza Hut,Cash,Kurunegala,0
3497,2025-03-20,5914.81,Transport,Bus,Online Transfer,Jaffna,0
3498,2025-03-20,3923.92,Bills,Internet,Card,Galle,0
3499,2025-03-20,3656.46,Education,Online Course,Cash,Kurunegala,0
3500,2025-03-20,8696.19,Food,Pizza Hut,Cash,Kurunegala,0
3501,2025-03-20,3484.94,Education,Book Shop,Cash,Kurunegala,0
3502,2025-03-21,2515.15,Education,Book Shop,Online Transfer,Colombo,0
3503,2025-03-21,8490.14,Food,KFC,Mobile Wallet,Colombo,0
3504,2025-03-21,6548.34,Food,Keells,Online Transfer,Anuradhapura,1
3505,2025-03-21,8002.01,Food,Keells,Card,Jaffna,0
3506,2025-03-21,7668.26,Food,Restaurant,Card,Kurunegala,0
3507,2025-03-21,5738.89,Bills,Water,Card,Anuradhapura,0
3508,2025-03-21,13369.61,Food,Keells,Cash,Galle,1
3509,2025-03-21,3724.96,Bills,Water,Cash,Jaffna,0
3510,2025-03-22,5573.04,Transport,Bus,Online Transfer,Colombo,0
3511,2025-03-22,7230.43,Bills,Water,Mobile Wallet,Colombo,0
3512,2025-03-22,7249.28,Bills,Mobile,Online Transfer,Kurunegala,0
3513,2025-03-22,3468.34,Health,Hospital,Mobile Wallet,Kandy,0
3514,2025-03-22,3596.88,Transport,Fuel Station,Card,Kandy,0
3515,2025-03-23,2612.11,Health,Hospital,Card,Jaffna,0
3516,2025-03-23,2525.23,Health,Pharmacy,Mobile Wallet,Kandy,0
3517,2025-03-23,5453.36,Transport,Fuel Station,Online Transfer,Kurunegala,0
3518,2025-03-23,6340.28,Food,Pizza Hut,Online Transfer,Galle,0
3519,2025-03-24,4319.52,Shopping,Electronics Store,Mobile Wallet,Colombo,0
3520,2025-03-24,7811.18,Food,Keells,Card,Colombo,0
3521,2025-03-25,3384.18,Transport,Fuel Station,Online Transfer,Anuradhapura,0
3522,2025-03-25,5884.11,Bills,Internet,Mobile Wallet,Galle,0
3523,2025-03-25,2459.75,Entertainment,Netflix,Online Transfer,Jaffna,0
3524,2025-03-25,7357.13,Food,KFC,Cash,Kandy,0
3525,2025-03-25,7996.81,Food,Restaurant,Mobile Wallet,Anuradhapura,0
3526,2025-03-25,9423.9,Food,Keells,Card,Kurunegala,0
3527,2025-03-26,2476.42,Education,University,Mobile Wallet,Kandy,0
3528,2025-03-26,4172.89,Transport,Train,Mobile Wallet,Galle,0
3529,2025-03-26,4595.89,Shopping,Electronics Store,Card,Jaffna,0
3530,2025-03-26,1791.04,Health,Medical Centre,Cash,Galle,0
3531,2025-03-26,6563.82,Food,Pizza Hut,Card,Colombo,0
3532,2025-03-26,2404.81,Entertainment,Spotify,Online Transfer,Kandy,0
3533,2025-03-27,7183.7,Bills,Mobile,Mobile Wallet,Galle,0
3534,2025-03-27,1992.32,Entertainment,Cinema,Mobile Wallet,Galle,0
3535,2025-03-27,3572.23,Shopping,Electronics Store,Mobile Wallet,Galle,0
3536,2025-03-27,2255.22,Entertainment,Gaming,Card,Colombo,0
3537,2025-03-27,4750.15,Food,Restaurant,Online Transfer,Kandy,0
3538,2025-03-28,5049.49,Food,Cargills,Online Transfer,Kandy,0
3539,2025-03-28,6950.7,Food,Pizza Hut,Mobile Wallet,Jaffna,0
3540,2025-03-28,6151.55,Shopping,Electronics Store,Mobile Wallet,Colombo,0
3541,2025-03-28,9240.67,Food,Pizza Hut,Online Transfer,Kurunegala,0
3542,2025-03-28,6633.06,Transport,Uber,Mobile Wallet,Kandy,0
3543,2025-03-28,5378.12,Transport,Bus,Mobile Wallet,Jaffna,0
3544,2025-03-28,3689.91,Shopping,Daraz,Cash,Kandy,0
3545,2025-03-28,4100.72,Bills,Electricity,Mobile Wallet,Galle,0
3546,2025-03-28,8511.11,Food,Restaurant,Online Transfer,Kandy,0
3547,2025-03-29,5702.84,Bills,Water,Card,Jaffna,0
3548,2025-03-30,11522.32,Food,Restaurant,Mobile Wallet,Kandy,0
3549,2025-03-30,13041.86,Food,KFC,Online Transfer,Kurunegala,0
3550,2025-03-31,8201.05,Food,Keells,Mobile Wallet,Colombo,0
3551,2025-03-31,9281.65,Food,Restaurant,Online Transfer,Colombo,0
3552,2025-03-31,6397.14,Bills,Electricity,Cash,Kandy,0
3553,2025-03-31,6620.64,Bills,Mobile,Online Transfer,Jaffna,0
3554,2025-04-01,7533.3,Shopping,Electronics Store,Cash,Kandy,0
3555,2025-04-01,4483.97,Transport,Bus,Cash,Kurunegala,0
3556,2025-04-01,5589.72,Transport,Train,Online Transfer,Kandy,0
3557,2025-04-01,5963.76,Transport,Bus,Mobile Wallet,Kandy,0
3558,2025-04-01,6993.89,Shopping,Supermarket,Card,Galle,0
3559,2025-04-01,2135.04,Health,Pharmacy,Card,Jaffna,0
3560,2025-04-02,2139.24,Health,Medical Centre,Cash,Kandy,0
3561,2025-04-02,10730.44,Food,Restaurant,Mobile Wallet,Kurunegala,0
3562,2025-04-02,10965.82,Food,KFC,Card,Galle,0
3563,2025-04-03,2117.37,Health,Hospital,Cash,Kandy,0
3564,2025-04-03,2941.48,Health,Medical Centre,Mobile Wallet,Kandy,0
3565,2025-04-03,3760.33,Shopping,Fashion Store,Card,Colombo,0
3566,2025-04-04,4397.14,Entertainment,Cinema,Card,Kurunegala,0
3567,2025-04-04,6936.43,Bills,Mobile,Cash,Colombo,0
3568,2025-04-04,9276.5,Food,Cargills,Cash,Kandy,0
3569,2025-04-04,6082.47,Shopping,Daraz,Cash,Galle,0
3570,2025-04-05,2828.8,Education,Book Shop,Card,Colombo,0
3571,2025-04-05,3443.55,Health,Hospital,Cash,Kandy,0
3572,2025-04-05,8934.82,Bills,Mobile,Online Transfer,Galle,0
3573,2025-04-06,3452.05,Health,Pharmacy,Online Transfer,Anuradhapura,0
3574,2025-04-06,4500.0,Bills,Internet,Online Transfer,Colombo,0
3575,2025-04-06,8162.93,Bills,Water,Cash,Kandy,0
3576,2025-04-06,8257.68,Food,Keells,Cash,Kurunegala,0
3577,2025-04-06,4761.34,Transport,Train,Online Transfer,Jaffna,0
3578,2025-04-06,1797.9,Health,Hospital,Mobile Wallet,Galle,0
3579,2025-04-06,2839.7,Education,Online Course,Mobile Wallet,Kandy,0
3580,2025-04-06,5969.34,Transport,PickMe,Card,Kandy,0
3581,2025-04-07,9266.73,Bills,Water,Mobile Wallet,Kandy,0
3582,2025-04-07,8560.32,Bills,Water,Online Transfer,Colombo,0
3583,2025-04-07,7752.24,Food,KFC,Card,Colombo,0
3584,2025-04-07,11257.47,Food,Cargills,Card,Kurunegala,0
3585,2025-04-07,2055.5,Health,Pharmacy,Card,Kandy,0
3586,2025-04-08,7184.87,Food,Pizza Hut,Cash,Kurunegala,0
3587,2025-04-09,1957.36,Health,Hospital,Cash,Anuradhapura,0
3588,2025-04-09,2259.42,Health,Pharmacy,Mobile Wallet,Anuradhapura,0
3589,2025-04-09,6512.71,Transport,Bus,Cash,Anuradhapura,0
3590,2025-04-09,2032.64,Entertainment,Netflix,Card,Colombo,0
3591,2025-04-10,5686.8,Transport,Fuel Station,Online Transfer,Kurunegala,0
3592,2025-04-10,6067.98,Bills,Internet,Online Transfer,Kandy,0
3593,2025-04-10,10020.27,Bills,Mobile,Cash,Jaffna,0
3594,2025-04-10,6602.5,Shopping,Fashion Store,Online Transfer,Colombo,0
3595,2025-04-10,4839.97,Shopping,Daraz,Card,Anuradhapura,0
3596,2025-04-10,5854.85,Food,Keells,Card,Kandy,0
3597,2025-04-10,5261.44,Bills,Internet,Mobile Wallet,Kandy,0
3598,2025-04-10,4778.38,Transport,PickMe,Card,Kandy,0
3599,2025-04-11,3545.88,Transport,Train,Mobile Wallet,Anuradhapura,0
3600,2025-04-11,3107.95,Entertainment,Netflix,Mobile Wallet,Colombo,0
3601,2025-04-11,8243.89,Bills,Mobile,Online Transfer,Galle,0
3602,2025-04-11,4695.81,Bills,Mobile,Mobile Wallet,Galle,0
3603,2025-04-11,4477.2,Transport,Train,Card,Kurunegala,0
3604,2025-04-12,6061.33,Bills,Electricity,Cash,Jaffna,0
3605,2025-04-13,3941.29,Transport,Fuel Station,Mobile Wallet,Kandy,0
3606,2025-04-13,3886.71,Shopping,Supermarket,Online Transfer,Kurunegala,0
3607,2025-04-13,3000.0,Entertainment,Netflix,Card,Colombo,0
3608,2025-04-13,10247.04,Food,Cargills,Cash,Colombo,0
3609,2025-04-13,7300.11,Bills,Internet,Online Transfer,Kurunegala,0
3610,2025-04-13,4794.51,Bills,Water,Card,Colombo,0
3611,2025-04-13,6789.88,Bills,Water,Card,Galle,0
3612,2025-04-13,5402.36,Transport,Uber,Cash,Galle,0
3613,2025-04-14,10642.59,Bills,Water,Online Transfer,Jaffna,0
3614,2025-04-14,9111.84,Food,Pizza Hut,Mobile Wallet,Jaffna,0
3615,2025-04-14,6772.07,Transport,Uber,Online Transfer,Kurunegala,0
3616,2025-04-14,5491.59,Shopping,Fashion Store,Cash,Anuradhapura,0
3617,2025-04-14,2817.17,Education,Book Shop,Online Transfer,Anuradhapura,0
3618,2025-04-15,5867.0,Bills,Water,Mobile Wallet,Jaffna,0
3619,2025-04-16,10061.09,Food,Restaurant,Mobile Wallet,Kurunegala,0
3620,2025-04-16,3048.79,Shopping,Supermarket,Cash,Colombo,0
3621,2025-04-16,4333.79,Transport,PickMe,Online Transfer,Kurunegala,0
3622,2025-04-16,5471.43,Shopping,Supermarket,Online Transfer,Kandy,0
3623,2025-04-16,6215.51,Food,Keells,Mobile Wallet,Galle,0
3624,2025-04-16,2565.63,Entertainment,Cinema,Cash,Kurunegala,0
3625,2025-04-16,2459.3,Health,Medical Centre,Online Transfer,Colombo,0
3626,2025-04-16,9482.37,Bills,Water,Mobile Wallet,Kandy,0
3627,2025-04-17,7313.78,Food,KFC,Online Transfer,Anuradhapura,0
3628,2025-04-17,5516.05,Transport,Uber,Card,Colombo,0
3629,2025-04-18,5718.22,Transport,Uber,Mobile Wallet,Jaffna,0
3630,2025-04-18,5026.42,Shopping,Supermarket,Cash,Kandy,0
3631,2025-04-18,7479.83,Bills,Internet,Card,Colombo,0
3632,2025-04-18,6694.47,Shopping,Fashion Store,Mobile Wallet,Kandy,0
3633,2025-04-18,4012.58,Transport,Uber,Card,Kurunegala,0
3634,2025-04-18,5195.32,Transport,PickMe,Online Transfer,Kurunegala,0
3635,2025-04-20,2724.36,Education,University,Online Transfer,Anuradhapura,0
3636,2025-04-20,6229.45,Shopping,Daraz,Mobile Wallet,Anuradhapura,0
3637,2025-04-20,5188.91,Transport,Uber,Mobile Wallet,Kurunegala,0
3638,2025-04-20,5868.08,Shopping,Fashion Store,Mobile Wallet,Jaffna,0
3639,2025-04-20,8124.81,Bills,Electricity,Online Transfer,Colombo,0
3640,2025-04-21,6415.19,Bills,Electricity,Card,Jaffna,0
3641,2025-04-21,8336.67,Food,Cargills,Online Transfer,Kandy,0
3642,2025-04-21,3958.63,Shopping,Daraz,Cash,Galle,0
3643,2025-04-21,3222.17,Health,Medical Centre,Cash,Galle,0
3644,2025-04-21,1916.84,Entertainment,Gaming,Card,Anuradhapura,0
3645,2025-04-21,8448.33,Bills,Water,Card,Kurunegala,0
3646,2025-04-21,2133.49,Education,University,Mobile Wallet,Anuradhapura,0
3647,2025-04-21,7022.27,Bills,Water,Mobile Wallet,Jaffna,0
3648,2025-04-22,6207.57,Food,Restaurant,Card,Colombo,0
3649,2025-04-22,5871.41,Bills,Water,Online Transfer,Kandy,1
3650,2025-04-23,2224.9,Entertainment,Netflix,Mobile Wallet,Kurunegala,0
3651,2025-04-23,2823.36,Transport,Train,Cash,Colombo,0
3652,2025-04-24,3116.55,Entertainment,Cinema,Cash,Anuradhapura,0
3653,2025-04-24,4450.74,Shopping,Daraz,Mobile Wallet,Galle,0
3654,2025-04-24,4123.35,Shopping,Electronics Store,Card,Jaffna,0
3655,2025-04-24,3375.91,Health,Medical Centre,Cash,Anuradhapura,0
3656,2025-04-25,8770.53,Food,Keells,Cash,Galle,0
3657,2025-04-25,10741.53,Food,Cargills,Cash,Anuradhapura,0
3658,2025-04-25,5322.47,Food,Restaurant,Mobile Wallet,Kandy,0
3659,2025-04-25,6138.12,Food,Restaurant,Card,Kandy,0
3660,2025-04-25,4197.22,Transport,Bus,Card,Jaffna,0
3661,2025-04-25,5064.54,Shopping,Fashion Store,Cash,Colombo,0
3662,2025-04-25,2084.88,Education,University,Card,Colombo,0
3663,2025-04-26,6402.0,Bills,Water,Online Transfer,Kandy,0
3664,2025-04-26,7513.13,Bills,Electricity,Mobile Wallet,Jaffna,0
3665,2025-04-26,6323.4,Transport,PickMe,Cash,Colombo,0
3666,2025-04-26,6454.11,Bills,Water,Cash,Anuradhapura,0
3667,2025-04-26,9808.67,Bills,Electricity,Cash,Jaffna,0
3668,2025-04-27,10748.83,Bills,Electricity,Cash,Kandy,0
3669,2025-04-27,4424.88,Education,Book Shop,Card,Jaffna,0
3670,2025-04-28,4547.49,Entertainment,Gaming,Mobile Wallet,Kurunegala,0
3671,2025-04-28,9628.14,Food,Keells,Card,Anuradhapura,0
3672,2025-04-28,8372.76,Shopping,Supermarket,Mobile Wallet,Kurunegala,0
3673,2025-04-28,5114.35,Education,Book Shop,Card,Jaffna,0
3674,2025-04-29,10422.17,Food,Pizza Hut,Mobile Wallet,Colombo,0
3675,2025-04-29,5407.86,Education,Book Shop,Mobile Wallet,Anuradhapura,0
3676,2025-04-29,5019.16,Education,Book Shop,Mobile Wallet,Kurunegala,0
3677,2025-04-29,4919.53,Bills,Mobile,Online Transfer,Anuradhapura,0
3678,2025-04-30,2663.54,Entertainment,Netflix,Cash,Kurunegala,0
3679,2025-04-30,9335.77,Bills,Internet,Mobile Wallet,Galle,0
3680,2025-04-30,9214.62,Food,Keells,Mobile Wallet,Jaffna,0
3681,2025-05-01,16378.04,Food,Cargills,Online Transfer,Colombo,0
3682,2025-05-01,9853.9,Bills,Electricity,Online Transfer,Galle,0
3683,2025-05-01,8066.62,Bills,Water,Mobile Wallet,Galle,0
3684,2025-05-01,3288.4,Entertainment,Netflix,Mobile Wallet,Galle,0
3685,2025-05-01,7373.53,Transport,PickMe,Cash,Kurunegala,0
3686,2025-05-01,15202.94,Food,KFC,Online Transfer,Kurunegala,0
3687,2025-05-02,3932.74,Health,Pharmacy,Online Transfer,Jaffna,0
3688,2025-05-02,4230.76,Entertainment,Cinema,Mobile Wallet,Galle,0
3689,2025-05-03,9899.11,Transport,Train,Card,Anuradhapura,0
3690,2025-05-03,9043.86,Bills,Mobile,Online Transfer,Kandy,0
3691,2025-05-03,3921.53,Entertainment,Netflix,Mobile Wallet,Galle,0
3692,2025-05-03,6920.97,Bills,Mobile,Cash,Galle,0
3693,2025-05-04,4500.0,Bills,Internet,Online Transfer,Colombo,0
3694,2025-05-04,11007.69,Food,Cargills,Mobile Wallet,Galle,0
3695,2025-05-04,2199.51,Health,Pharmacy,Card,Galle,0
3696,2025-05-04,12794.03,Food,KFC,Card,Kandy,0
3697,2025-05-04,3571.42,Entertainment,Gaming,Mobile Wallet,Galle,0
3698,2025-05-04,4983.33,Transport,Bus,Card,Kandy,0
3699,2025-05-05,2563.87,Health,Medical Centre,Online Transfer,Colombo,0
3700,2025-05-05,5586.74,Food,Cargills,Cash,Colombo,0
3701,2025-05-06,7257.19,Bills,Water,Mobile Wallet,Galle,0
3702,2025-05-06,6187.57,Education,Online Course,Card,Kurunegala,0
3703,2025-05-06,5970.06,Bills,Mobile,Online Transfer,Jaffna,0
3704,2025-05-06,5749.59,Education,University,Online Transfer,Anuradhapura,0
3705,2025-05-06,8754.55,Food,Restaurant,Mobile Wallet,Jaffna,0
3706,2025-05-06,5887.09,Transport,Uber,Cash,Kandy,0
3707,2025-05-07,8439.59,Food,Cargills,Card,Kandy,0
3708,2025-05-07,6199.72,Bills,Mobile,Online Transfer,Kandy,0
3709,2025-05-07,3007.98,Entertainment,Netflix,Cash,Galle,0
3710,2025-05-07,12372.42,Food,Pizza Hut,Card,Jaffna,0
3711,2025-05-08,6490.68,Bills,Water,Online Transfer,Kurunegala,0
3712,2025-05-08,5876.14,Shopping,Supermarket,Mobile Wallet,Galle,0
3713,2025-05-09,4081.3,Transport,Fuel Station,Online Transfer,Kandy,0
3714,2025-05-09,9773.74,Food,KFC,Card,Anuradhapura,0
3715,2025-05-09,3755.13,Education,University,Online Transfer,Jaffna,0
3716,2025-05-10,8367.91,Bills,Electricity,Cash,Anuradhapura,0
3717,2025-05-10,8312.11,Food,Keells,Card,Galle,0
3718,2025-05-10,11728.01,Food,Cargills,Card,Galle,0
3719,2025-05-10,6406.4,Education,Online Course,Card,Anuradhapura,0
3720,2025-05-11,3000.0,Entertainment,Netflix,Card,Colombo,0
3721,2025-05-11,4838.84,Food,Restaurant,Online Transfer,Jaffna,0
3722,2025-05-11,5169.84,Transport,Fuel Station,Card,Colombo,0
3723,2025-05-11,3673.87,Shopping,Supermarket,Mobile Wallet,Kandy,0
3724,2025-05-11,8166.66,Food,Restaurant,Card,Anuradhapura,0
3725,2025-05-11,3726.01,Entertainment,Cinema,Card,Jaffna,0
3726,2025-05-11,5607.73,Shopping,Fashion Store,Card,Colombo,0
3727,2025-05-12,3200.94,Shopping,Electronics Store,Cash,Jaffna,0
3728,2025-05-12,7542.01,Food,Keells,Mobile Wallet,Anuradhapura,0
3729,2025-05-12,3572.94,Bills,Electricity,Cash,Kurunegala,0
3730,2025-05-12,3937.5,Bills,Mobile,Cash,Galle,0
3731,2025-05-13,6050.32,Food,Pizza Hut,Online Transfer,Anuradhapura,0
3732,2025-05-13,8706.99,Food,Restaurant,Online Transfer,Galle,0
3733,2025-05-13,1466.21,Entertainment,Gaming,Mobile Wallet,Galle,0
3734,2025-05-13,5959.82,Bills,Water,Cash,Kurunegala,0
3735,2025-05-13,8621.61,Food,Cargills,Mobile Wallet,Kurunegala,0
3736,2025-05-13,2676.83,Shopping,Electronics Store,Online Transfer,Anuradhapura,0
3737,2025-05-13,3623.6,Education,Book Shop,Cash,Anuradhapura,0
3738,2025-05-14,1732.15,Health,Pharmacy,Mobile Wallet,Jaffna,0
3739,2025-05-14,7286.48,Shopping,Fashion Store,Online Transfer,Galle,0
3740,2025-05-14,9058.34,Bills,Internet,Online Transfer,Kurunegala,0
3741,2025-05-14,3465.11,Shopping,Daraz,Cash,Anuradhapura,0
3742,2025-05-15,6546.53,Food,Restaurant,Cash,Galle,0
3743,2025-05-15,4526.04,Education,Online Course,Card,Kurunegala,0
3744,2025-05-16,2703.94,Entertainment,Netflix,Card,Galle,0
3745,2025-05-16,2217.71,Entertainment,Cinema,Online Transfer,Kandy,0
3746,2025-05-17,4156.4,Shopping,Fashion Store,Mobile Wallet,Kurunegala,0
3747,2025-05-17,1649.64,Education,Book Shop,Online Transfer,Kandy,0
3748,2025-05-17,17831.38,Food,Cargills,Mobile Wallet,Kurunegala,0
3749,2025-05-17,7207.56,Food,Pizza Hut,Card,Kurunegala,0
3750,2025-05-17,11399.7,Food,Restaurant,Card,Jaffna,1
3751,2025-05-17,7099.07,Bills,Mobile,Online Transfer,Jaffna,0
3752,2025-05-18,6800.03,Bills,Internet,Cash,Colombo,0
3753,2025-05-18,6981.76,Food,Pizza Hut,Online Transfer,Galle,0
3754,2025-05-18,2522.0,Transport,Fuel Station,Card,Galle,0
3755,2025-05-18,6409.99,Food,Cargills,Mobile Wallet,Anuradhapura,0
3756,2025-05-18,6267.34,Transport,PickMe,Mobile Wallet,Galle,0
3757,2025-05-18,7455.86,Bills,Electricity,Online Transfer,Colombo,0
3758,2025-05-18,5016.82,Transport,Uber,Online Transfer,Kandy,0
3759,2025-05-19,4775.59,Shopping,Fashion Store,Online Transfer,Colombo,0
3760,2025-05-19,4998.05,Shopping,Daraz,Online Transfer,Kandy,0
3761,2025-05-19,5990.43,Bills,Internet,Online Transfer,Jaffna,0
3762,2025-05-19,10891.96,Bills,Mobile,Cash,Galle,0
3763,2025-05-20,6679.37,Food,Cargills,Cash,Anuradhapura,0
3764,2025-05-20,9627.1,Food,Restaurant,Mobile Wallet,Kurunegala,0
3765,2025-05-20,7309.14,Food,Restaurant,Online Transfer,Jaffna,0
3766,2025-05-21,2988.88,Transport,Uber,Mobile Wallet,Colombo,0
3767,2025-05-21,11802.59,Food,Restaurant,Card,Galle,0
3768,2025-05-21,9418.98,Food,Keells,Cash,Anuradhapura,0
3769,2025-05-21,8317.44,Food,Keells,Cash,Colombo,0
3770,2025-05-22,5554.61,Food,Cargills,Mobile Wallet,Jaffna,0
3771,2025-05-22,2739.05,Education,Book Shop,Mobile Wallet,Galle,0
3772,2025-05-22,6662.29,Food,Restaurant,Cash,Kandy,0
3773,2025-05-22,2521.76,Health,Medical Centre,Mobile Wallet,Galle,0
3774,2025-05-23,10052.89,Food,Pizza Hut,Cash,Colombo,0
3775,2025-05-23,6510.36,Food,KFC,Mobile Wallet,Anuradhapura,0
3776,2025-05-23,7416.7,Food,KFC,Mobile Wallet,Jaffna,0
3777,2025-05-23,9818.23,Food,Restaurant,Cash,Anuradhapura,0
3778,2025-05-23,1782.22,Entertainment,Cinema,Cash,Anuradhapura,0
3779,2025-05-23,3712.15,Shopping,Daraz,Online Transfer,Kandy,0
3780,2025-05-24,2395.12,Education,University,Mobile Wallet,Kandy,0
3781,2025-05-24,2681.68,Entertainment,Netflix,Cash,Kandy,0
3782,2025-05-24,7579.42,Food,KFC,Online Transfer,Colombo,0
3783,2025-05-24,4505.94,Shopping,Daraz,Cash,Colombo,0
3784,2025-05-25,4410.1,Transport,Bus,Cash,Kandy,0
3785,2025-05-25,6845.39,Shopping,Daraz,Cash,Kandy,0
3786,2025-05-25,7384.27,Bills,Internet,Cash,Anuradhapura,0
3787,2025-05-25,9835.25,Food,KFC,Card,Kurunegala,0
3788,2025-05-25,7338.06,Bills,Water,Cash,Kurunegala,0
3789,2025-05-25,6763.46,Bills,Internet,Card,Jaffna,0
3790,2025-05-25,3098.9,Health,Hospital,Online Transfer,Kandy,0
3791,2025-05-26,6994.41,Bills,Internet,Cash,Galle,0
3792,2025-05-26,9843.21,Transport,Train,Cash,Kurunegala,0
3793,2025-05-26,3515.86,Education,Online Course,Mobile Wallet,Colombo,0
3794,2025-05-26,3132.98,Entertainment,Cinema,Online Transfer,Kandy,0
3795,2025-05-27,8510.29,Food,Keells,Mobile Wallet,Galle,0
3796,2025-05-27,4157.43,Transport,Train,Mobile Wallet,Kandy,0
3797,2025-05-27,10323.68,Food,KFC,Cash,Colombo,0
3798,2025-05-28,3315.88,Shopping,Fashion Store,Cash,Kandy,0
3799,2025-05-28,7316.77,Food,Restaurant,Cash,Colombo,0
3800,2025-05-28,3774.22,Shopping,Fashion Store,Online Transfer,Galle,0
3801,2025-05-29,5618.81,Transport,Bus,Cash,Anuradhapura,0
3802,2025-05-29,3839.69,Shopping,Supermarket,Cash,Anuradhapura,0
3803,2025-05-29,4744.72,Shopping,Electronics Store,Mobile Wallet,Anuradhapura,0
3804,2025-05-29,7164.42,Bills,Water,Card,Kandy,1
3805,2025-05-30,7649.89,Food,Pizza Hut,Online Transfer,Colombo,0
3806,2025-05-30,9080.26,Food,KFC,Mobile Wallet,Jaffna,0
3807,2025-05-30,2027.06,Entertainment,Gaming,Card,Anuradhapura,0
3808,2025-05-30,1688.21,Health,Medical Centre,Card,Kandy,0
3809,2025-05-30,2437.07,Health,Pharmacy,Cash,Kurunegala,0
3810,2025-05-31,3537.74,Health,Pharmacy,Cash,Kurunegala,0
3811,2025-05-31,7363.03,Bills,Mobile,Cash,Kandy,0
3812,2025-05-31,9448.13,Food,KFC,Mobile Wallet,Kandy,0
3813,2025-05-31,8355.64,Bills,Internet,Cash,Kandy,0
3814,2025-05-31,1638.81,Health,Hospital,Cash,Anuradhapura,0
3815,2025-05-31,4373.51,Shopping,Electronics Store,Mobile Wallet,Colombo,0
3816,2025-06-01,6414.99,Transport,Uber,Card,Jaffna,0
3817,2025-06-01,9238.74,Shopping,Daraz,Online Transfer,Galle,1
3818,2025-06-01,5242.14,Shopping,Fashion Store,Mobile Wallet,Anuradhapura,0
3819,2025-06-01,4199.57,Entertainment,Netflix,Cash,Jaffna,0
3820,2025-06-01,11632.8,Food,KFC,Online Transfer,Anuradhapura,0
3821,2025-06-01,6564.49,Shopping,Daraz,Mobile Wallet,Kurunegala,0
3822,2025-06-01,4500.0,Bills,Internet,Online Transfer,Colombo,0
3823,2025-06-02,3435.05,Health,Pharmacy,Online Transfer,Kandy,0
3824,2025-06-02,6338.98,Food,Restaurant,Cash,Jaffna,0
3825,2025-06-02,4773.6,Transport,PickMe,Cash,Kurunegala,1
3826,2025-06-02,5820.3,Shopping,Fashion Store,Online Transfer,Galle,0
3827,2025-06-03,3447.27,Education,University,Online Transfer,Kurunegala,0
3828,2025-06-03,11948.01,Bills,Electricity,Card,Jaffna,0
3829,2025-06-03,9504.28,Food,KFC,Online Transfer,Colombo,0
3830,2025-06-03,10384.72,Bills,Internet,Cash,Kandy,0
3831,2025-06-04,4272.68,Education,Online Course,Cash,Anuradhapura,0
3832,2025-06-04,6106.7,Shopping,Supermarket,Mobile Wallet,Galle,0
3833,2025-06-04,6640.23,Shopping,Electronics Store,Card,Kandy,0
3834,2025-06-04,8793.67,Food,Keells,Card,Galle,1
3835,2025-06-04,2660.54,Health,Hospital,Online Transfer,Kandy,0
3836,2025-06-04,8806.81,Shopping,Daraz,Card,Colombo,1
3837,2025-06-05,15930.75,Food,KFC,Cash,Kandy,1
3838,2025-06-06,8719.38,Transport,Bus,Mobile Wallet,Kandy,0
3839,2025-06-06,2597.06,Education,University,Cash,Kurunegala,0
3840,2025-06-06,2878.4,Education,Book Shop,Card,Galle,0
3841,2025-06-06,7649.65,Bills,Mobile,Cash,Jaffna,0
3842,2025-06-07,5854.7,Transport,Train,Card,Colombo,0
3843,2025-06-07,9211.66,Bills,Water,Mobile Wallet,Kurunegala,0
3844,2025-06-07,9021.46,Shopping,Supermarket,Cash,Anuradhapura,0
3845,2025-06-08,8255.52,Transport,Bus,Online Transfer,Anuradhapura,0
3846,2025-06-08,7439.79,Bills,Mobile,Cash,Kurunegala,0
3847,2025-06-08,7582.19,Bills,Water,Card,Anuradhapura,0
3848,2025-06-08,3000.0,Entertainment,Netflix,Card,Colombo,0
3849,2025-06-08,8781.07,Food,Cargills,Cash,Kurunegala,0
3850,2025-06-09,3058.76,Education,Online Course,Mobile Wallet,Colombo,0
3851,2025-06-09,6183.18,Bills,Mobile,Mobile Wallet,Anuradhapura,0
3852,2025-06-09,9835.26,Bills,Mobile,Online Transfer,Kandy,0
3853,2025-06-09,2026.42,Education,University,Online Transfer,Anuradhapura,0
3854,2025-06-09,4056.98,Transport,Bus,Card,Galle,0
3855,2025-06-10,2738.83,Entertainment,Netflix,Card,Anuradhapura,0
3856,2025-06-10,7252.65,Food,Cargills,Online Transfer,Kandy,0
3857,2025-06-10,2072.86,Health,Pharmacy,Online Transfer,Anuradhapura,0
3858,2025-06-10,4014.43,Shopping,Electronics Store,Card,Colombo,0
3859,2025-06-10,8657.53,Bills,Internet,Cash,Kurunegala,0
3860,2025-06-11,5542.52,Food,Keells,Cash,Anuradhapura,0
3861,2025-06-11,3759.51,Transport,PickMe,Mobile Wallet,Galle,0
3862,2025-06-11,6520.01,Food,Cargills,Cash,Kurunegala,0
3863,2025-06-11,6179.18,Food,Restaurant,Online Transfer,Colombo,0
3864,2025-06-11,3419.55,Health,Pharmacy,Cash,Kurunegala,0
3865,2025-06-12,4247.65,Education,University,Online Transfer,Colombo,0
3866,2025-06-12,4799.82,Shopping,Daraz,Cash,Galle,0
3867,2025-06-12,4188.44,Transport,Train,Online Transfer,Galle,0
3868,2025-06-12,4588.55,Transport,Uber,Online Transfer,Kandy,0
3869,2025-06-12,11998.27,Food,Restaurant,Online Transfer,Anuradhapura,0
3870,2025-06-13,2512.56,Entertainment,Cinema,Mobile Wallet,Jaffna,0
3871,2025-06-13,6194.66,Shopping,Daraz,Cash,Colombo,0
3872,2025-06-13,7903.94,Food,KFC,Online Transfer,Kurunegala,0
3873,2025-06-13,6700.7,Shopping,Electronics Store,Cash,Anuradhapura,0
3874,2025-06-13,7374.32,Food,Pizza Hut,Cash,Colombo,0
3875,2025-06-13,9125.45,Bills,Water,Card,Kandy,0
3876,2025-06-14,3261.46,Education,Book Shop,Mobile Wallet,Kurunegala,0
3877,2025-06-14,9326.01,Food,Keells,Cash,Kurunegala,0
3878,2025-06-15,2536.33,Education,Online Course,Mobile Wallet,Kurunegala,0
3879,2025-06-15,7672.04,Bills,Electricity,Online Transfer,Colombo,0
3880,2025-06-15,9489.52,Bills,Water,Cash,Kandy,0
3881,2025-06-15,5200.48,Shopping,Fashion Store,Mobile Wallet,Kandy,0
3882,2025-06-15,4614.4,Shopping,Supermarket,Mobile Wallet,Galle,0
3883,2025-06-15,5910.88,Transport,Train,Mobile Wallet,Jaffna,0
3884,2025-06-16,2804.95,Entertainment,Netflix,Mobile Wallet,Anuradhapura,0
3885,2025-06-16,4397.46,Education,Book Shop,Online Transfer,Galle,0
3886,2025-06-16,8769.72,Food,KFC,Cash,Colombo,0
3887,2025-06-16,8592.02,Food,Pizza Hut,Mobile Wallet,Kandy,0
3888,2025-06-16,7566.48,Bills,Mobile,Mobile Wallet,Colombo,0
3889,2025-06-17,2805.36,Health,Hospital,Cash,Colombo,0
3890,2025-06-17,4446.4,Food,Keells,Card,Jaffna,0
3891,2025-06-17,2597.95,Health,Pharmacy,Online Transfer,Kurunegala,0
3892,2025-06-17,6503.57,Bills,Electricity,Online Transfer,Anuradhapura,0
3893,2025-06-17,4136.84,Entertainment,Spotify,Cash,Galle,0
3894,2025-06-17,7617.32,Food,Pizza Hut,Online Transfer,Kurunegala,0
3895,2025-06-17,5836.76,Bills,Water,Online Transfer,Galle,0
3896,2025-06-18,6435.16,Transport,PickMe,Online Transfer,Anuradhapura,0
3897,2025-06-18,2367.21,Health,Medical Centre,Online Transfer,Kurunegala,0
3898,2025-06-18,6827.08,Transport,PickMe,Card,Kurunegala,0
3899,2025-06-19,4780.8,Shopping,Electronics Store,Cash,Jaffna,0
3900,2025-06-19,2930.77,Health,Pharmacy,Cash,Kurunegala,0
3901,2025-06-20,9676.82,Food,Restaurant,Mobile Wallet,Kandy,0
3902,2025-06-20,5664.84,Shopping,Fashion Store,Online Transfer,Jaffna,0
3903,2025-06-20,5423.21,Food,Pizza Hut,Card,Galle,0
3904,2025-06-20,7702.8,Food,Restaurant,Online Transfer,Kurunegala,0
3905,2025-06-20,5874.29,Shopping,Electronics Store,Card,Colombo,0
3906,2025-06-21,5229.5,Shopping,Daraz,Online Transfer,Colombo,0
3907,2025-06-21,5431.45,Shopping,Electronics Store,Mobile Wallet,Galle,0
3908,2025-06-21,3260.08,Education,Online Course,Card,Kandy,0
3909,2025-06-21,7439.48,Bills,Internet,Cash,Colombo,0
3910,2025-06-22,8966.67,Food,Pizza Hut,Cash,Jaffna,0
3911,2025-06-22,6924.85,Food,Cargills,Online Transfer,Jaffna,0
3912,2025-06-22,8423.42,Transport,Bus,Mobile Wallet,Kurunegala,0
3913,2025-06-22,6398.81,Bills,Mobile,Card,Galle,0
3914,2025-06-22,2384.15,Health,Pharmacy,Online Transfer,Kurunegala,0
3915,2025-06-22,5130.08,Health,Hospital,Mobile Wallet,Kurunegala,0
3916,2025-06-22,6684.97,Shopping,Fashion Store,Mobile Wallet,Galle,0
3917,2025-06-22,16025.32,Food,Keells,Mobile Wallet,Kandy,0
3918,2025-06-23,7246.77,Bills,Electricity,Mobile Wallet,Anuradhapura,0
3919,2025-06-24,3473.69,Health,Medical Centre,Card,Colombo,0
3920,2025-06-24,4072.72,Education,Book Shop,Online Transfer,Kurunegala,0
3921,2025-06-24,3412.0,Entertainment,Gaming,Online Transfer,Galle,0
3922,2025-06-25,10109.18,Food,Restaurant,Cash,Anuradhapura,0
3923,2025-06-25,3115.22,Shopping,Electronics Store,Online Transfer,Colombo,0
3924,2025-06-25,10071.85,Food,Cargills,Card,Colombo,0
3925,2025-06-25,3084.63,Transport,Fuel Station,Mobile Wallet,Anuradhapura,0
3926,2025-06-26,7220.1,Bills,Electricity,Online Transfer,Colombo,0
3927,2025-06-26,5569.19,Shopping,Daraz,Cash,Kandy,0
3928,2025-06-27,2769.6,Entertainment,Gaming,Cash,Jaffna,0
3929,2025-06-27,8496.89,Food,Restaurant,Online Transfer,Galle,0
3930,2025-06-27,8328.33,Bills,Internet,Card,Kandy,0
3931,2025-06-27,3763.1,Education,Book Shop,Cash,Kandy,1
3932,2025-06-27,4998.12,Shopping,Daraz,Card,Kurunegala,0
3933,2025-06-27,7631.37,Food,Restaurant,Cash,Kurunegala,0
3934,2025-06-28,7228.16,Bills,Mobile,Online Transfer,Jaffna,0
3935,2025-06-28,9022.98,Food,Pizza Hut,Mobile Wallet,Colombo,0
3936,2025-06-28,5279.15,Shopping,Fashion Store,Card,Kandy,0
3937,2025-06-29,7346.94,Transport,Bus,Mobile Wallet,Anuradhapura,0
3938,2025-06-29,5871.36,Bills,Water,Cash,Jaffna,0
3939,2025-06-29,7106.46,Shopping,Daraz,Online Transfer,Colombo,0
3940,2025-06-29,18326.68,Food,Keells,Mobile Wallet,Kandy,0
3941,2025-06-30,7383.18,Transport,PickMe,Card,Colombo,0
3942,2025-06-30,3519.86,Transport,Train,Cash,Kandy,0
3943,2025-06-30,7242.2,Transport,Bus,Mobile Wallet,Colombo,0
3944,2025-06-30,3135.39,Transport,Train,Online Transfer,Galle,0
3945,2025-07-01,3689.4,Health,Pharmacy,Online Transfer,Kurunegala,0
3946,2025-07-01,6941.54,Transport,Bus,Card,Jaffna,0
3947,2025-07-01,9325.22,Food,KFC,Card,Jaffna,0
3948,2025-07-02,6440.32,Bills,Mobile,Online Transfer,Colombo,0
3949,2025-07-02,6701.96,Food,Keells,Card,Galle,0
3950,2025-07-02,8631.9,Bills,Internet,Online Transfer,Jaffna,0
3951,2025-07-02,9812.68,Bills,Water,Cash,Galle,0
3952,2025-07-03,10005.65,Food,KFC,Mobile Wallet,Kurunegala,0
3953,2025-07-03,2343.94,Health,Hospital,Card,Galle,0
3954,2025-07-03,9457.36,Food,Pizza Hut,Cash,Galle,0
3955,2025-07-04,2982.85,Health,Hospital,Card,Jaffna,0
3956,2025-07-04,2011.81,Education,Online Course,Cash,Colombo,0
3957,2025-07-04,5002.93,Transport,Uber,Card,Anuradhapura,0
3958,2025-07-04,3646.36,Health,Pharmacy,Mobile Wallet,Kandy,0
3959,2025-07-05,5263.62,Transport,Train,Mobile Wallet,Anuradhapura,0
3960,2025-07-05,7439.77,Bills,Electricity,Card,Kurunegala,0
3961,2025-07-05,7881.15,Bills,Internet,Mobile Wallet,Jaffna,0
3962,2025-07-06,6248.92,Food,KFC,Card,Kandy,0
3963,2025-07-06,4500.0,Bills,Internet,Online Transfer,Colombo,0
3964,2025-07-06,3349.16,Transport,Bus,Cash,Kandy,0
3965,2025-07-06,4855.49,Shopping,Daraz,Mobile Wallet,Kurunegala,0
3966,2025-07-06,10741.89,Food,Pizza Hut,Mobile Wallet,Colombo,0
3967,2025-07-07,2981.74,Education,Online Course,Cash,Colombo,0
3968,2025-07-07,8745.41,Bills,Electricity,Card,Kandy,0
3969,2025-07-07,6559.28,Food,Keells,Online Transfer,Kandy,0
3970,2025-07-08,4114.23,Bills,Internet,Card,Jaffna,0
3971,2025-07-08,8145.78,Food,KFC,Card,Galle,0
3972,2025-07-08,3439.44,Education,Book Shop,Mobile Wallet,Galle,0
3973,2025-07-09,5132.71,Food,Keells,Online Transfer,Kurunegala,0
3974,2025-07-09,8623.36,Food,Restaurant,Mobile Wallet,Jaffna,0
3975,2025-07-09,3938.99,Education,University,Card,Colombo,0
3976,2025-07-09,3235.48,Shopping,Fashion Store,Online Transfer,Kurunegala,0
3977,2025-07-09,2660.21,Health,Medical Centre,Cash,Jaffna,0
3978,2025-07-09,2987.04,Health,Hospital,Cash,Galle,0
3979,2025-07-09,1726.98,Health,Pharmacy,Online Transfer,Jaffna,0
3980,2025-07-10,4589.78,Transport,Bus,Card,Colombo,0
3981,2025-07-10,8656.67,Food,Pizza Hut,Mobile Wallet,Kurunegala,0
3982,2025-07-10,2896.76,Entertainment,Cinema,Cash,Galle,0
3983,2025-07-10,3377.01,Education,Online Course,Card,Kandy,0
3984,2025-07-10,3047.01,Health,Hospital,Card,Kandy,0
3985,2025-07-10,1584.9,Health,Medical Centre,Cash,Kandy,0
3986,2025-07-11,12128.51,Food,Keells,Online Transfer,Kurunegala,0
3987,2025-07-11,3685.64,Health,Hospital,Cash,Colombo,0
3988,2025-07-11,6524.99,Food,KFC,Mobile Wallet,Jaffna,0
3989,2025-07-12,8703.95,Food,Pizza Hut,Card,Galle,0
3990,2025-07-12,8227.27,Food,Keells,Card,Jaffna,0
3991,2025-07-12,4144.15,Bills,Mobile,Online Transfer,Anuradhapura,0
3992,2025-07-12,3461.46,Education,Book Shop,Mobile Wallet,Kandy,0
3993,2025-07-12,2737.25,Entertainment,Spotify,Card,Colombo,0
3994,2025-07-12,4516.17,Shopping,Electronics Store,Card,Jaffna,0
3995,2025-07-12,5190.72,Shopping,Daraz,Online Transfer,Anuradhapura,0
3996,2025-07-13,3000.0,Entertainment,Netflix,Card,Colombo,0
3997,2025-07-13,4636.99,Transport,Uber,Cash,Jaffna,0
3998,2025-07-13,9815.16,Food,Pizza Hut,Card,Kurunegala,0
3999,2025-07-13,4297.08,Shopping,Daraz,Online Transfer,Kurunegala,0
4000,2025-07-13,8310.11,Food,KFC,Online Transfer,Kandy,0
4001,2025-07-13,1989.9,Health,Pharmacy,Card,Galle,0
4002,2025-07-13,5549.85,Food,Cargills,Card,Galle,0
4003,2025-07-14,8580.34,Food,KFC,Online Transfer,Galle,0
4004,2025-07-14,7913.13,Food,Keells,Mobile Wallet,Colombo,0
4005,2025-07-14,11477.87,Food,Pizza Hut,Mobile Wallet,Kandy,0
4006,2025-07-14,2461.69,Transport,Bus,Card,Kurunegala,0
4007,2025-07-14,1954.45,Entertainment,Cinema,Online Transfer,Kandy,0
4008,2025-07-14,4129.84,Food,KFC,Card,Kandy,0
4009,2025-07-14,3268.57,Shopping,Supermarket,Online Transfer,Kandy,0
4010,2025-07-15,2340.61,Entertainment,Cinema,Cash,Kurunegala,0
4011,2025-07-15,2792.94,Entertainment,Cinema,Cash,Jaffna,0
4012,2025-07-15,6939.66,Bills,Electricity,Card,Jaffna,0
4013,2025-07-15,1994.87,Health,Hospital,Online Transfer,Kandy,0
4014,2025-07-16,5959.4,Bills,Internet,Card,Colombo,0
4015,2025-07-16,4934.12,Shopping,Supermarket,Mobile Wallet,Colombo,0
4016,2025-07-16,4660.63,Food,KFC,Online Transfer,Galle,0
4017,2025-07-16,5317.76,Bills,Mobile,Online Transfer,Kandy,0
4018,2025-07-17,4685.01,Bills,Water,Cash,Kandy,0
4019,2025-07-17,6686.5,Food,Keells,Mobile Wallet,Galle,0
4020,2025-07-17,5064.62,Bills,Mobile,Online Transfer,Colombo,0
4021,2025-07-17,6322.92,Food,Keells,Cash,Kurunegala,0
4022,2025-07-17,7934.82,Bills,Mobile,Online Transfer,Jaffna,0
4023,2025-07-18,3639.65,Transport,Bus,Card,Jaffna,0
4024,2025-07-19,3866.4,Transport,PickMe,Card,Jaffna,0
4025,2025-07-19,1673.65,Entertainment,Cinema,Card,Kurunegala,0
4026,2025-07-19,5004.86,Shopping,Fashion Store,Cash,Colombo,0
4027,2025-07-19,5607.74,Food,Cargills,Card,Kandy,0
4028,2025-07-19,3627.28,Transport,PickMe,Card,Kandy,0
4029,2025-07-19,2894.57,Education,Book Shop,Cash,Kandy,0
4030,2025-07-19,1615.22,Health,Hospital,Online Transfer,Colombo,0
4031,2025-07-20,6957.97,Bills,Electricity,Online Transfer,Colombo,0
4032,2025-07-20,3842.17,Shopping,Electronics Store,Mobile Wallet,Anuradhapura,0
4033,2025-07-20,8623.72,Food,Keells,Cash,Kurunegala,0
4034,2025-07-20,8947.44,Bills,Internet,Mobile Wallet,Jaffna,0
4035,2025-07-21,4713.7,Education,Online Course,Cash,Anuradhapura,0
4036,2025-07-21,6909.14,Transport,Uber,Cash,Jaffna,0
4037,2025-07-21,6701.62,Shopping,Electronics Store,Mobile Wallet,Colombo,0
4038,2025-07-21,3059.09,Entertainment,Netflix,Cash,Kurunegala,0
4039,2025-07-21,3704.19,Shopping,Fashion Store,Online Transfer,Anuradhapura,0
4040,2025-07-21,7863.46,Bills,Internet,Cash,Galle,0
4041,2025-07-21,4491.21,Bills,Electricity,Cash,Kandy,0
4042,2025-07-21,3337.59,Entertainment,Spotify,Online Transfer,Colombo,0
4043,2025-07-22,8642.79,Food,Cargills,Card,Kandy,0
4044,2025-07-23,6272.8,Bills,Mobile,Card,Anuradhapura,0
4045,2025-07-24,6614.87,Bills,Water,Online Transfer,Anuradhapura,0
4046,2025-07-24,5269.62,Shopping,Electronics Store,Card,Kurunegala,0
4047,2025-07-24,6264.2,Food,Cargills,Online Transfer,Galle,0
4048,2025-07-24,7813.04,Food,KFC,Online Transfer,Anuradhapura,0
4049,2025-07-24,4274.8,Shopping,Supermarket,Mobile Wallet,Galle,0
4050,2025-07-24,4074.32,Transport,PickMe,Card,Galle,0
4051,2025-07-24,7171.51,Bills,Mobile,Online Transfer,Colombo,0
4052,2025-07-24,4003.21,Transport,Uber,Card,Kandy,0
4053,2025-07-25,6186.72,Bills,Mobile,Card,Galle,0
4054,2025-07-25,3758.09,Entertainment,Netflix,Online Transfer,Kurunegala,0
4055,2025-07-25,2527.8,Health,Pharmacy,Cash,Anuradhapura,0
4056,2025-07-26,2516.57,Education,University,Online Transfer,Anuradhapura,0
4057,2025-07-26,4808.2,Transport,Train,Mobile Wallet,Kandy,0
4058,2025-07-26,9132.49,Food,Pizza Hut,Cash,Colombo,0
4059,2025-07-26,4245.9,Transport,Fuel Station,Cash,Kurunegala,0
4060,2025-07-26,4411.87,Shopping,Electronics Store,Card,Jaffna,0
4061,2025-07-27,7418.09,Bills,Internet,Mobile Wallet,Anuradhapura,0
4062,2025-07-27,7247.36,Bills,Internet,Card,Kurunegala,0
4063,2025-07-27,4319.4,Entertainment,Spotify,Online Transfer,Galle,0
4064,2025-07-27,4122.69,Entertainment,Cinema,Mobile Wallet,Colombo,0
4065,2025-07-27,3842.34,Entertainment,Netflix,Mobile Wallet,Kurunegala,0
4066,2025-07-28,2285.76,Health,Hospital,Cash,Colombo,0
4067,2025-07-28,2498.68,Entertainment,Gaming,Cash,Galle,0
4068,2025-07-28,3904.62,Education,Book Shop,Mobile Wallet,Anuradhapura,0
4069,2025-07-28,7657.97,Shopping,Electronics Store,Online Transfer,Colombo,0
4070,2025-07-28,2689.8,Entertainment,Spotify,Online Transfer,Anuradhapura,0
4071,2025-07-28,6520.98,Food,KFC,Card,Jaffna,0
4072,2025-07-29,3990.53,Transport,Train,Cash,Colombo,0
4073,2025-07-29,8290.63,Bills,Water,Mobile Wallet,Kandy,0
4074,2025-07-29,5897.0,Food,KFC,Mobile Wallet,Galle,0
4075,2025-07-29,7402.9,Food,Restaurant,Online Transfer,Kandy,0
4076,2025-07-30,9897.52,Bills,Internet,Online Transfer,Galle,0
4077,2025-07-30,8511.44,Food,KFC,Card,Kandy,0
4078,2025-07-31,7299.56,Bills,Mobile,Online Transfer,Jaffna,0
4079,2025-07-31,9646.11,Shopping,Daraz,Online Transfer,Anuradhapura,0
4080,2025-08-01,5360.3,Shopping,Electronics Store,Online Transfer,Jaffna,0
4081,2025-08-01,15106.94,Food,Cargills,Mobile Wallet,Kandy,0
4082,2025-08-01,2784.75,Health,Hospital,Mobile Wallet,Anuradhapura,0
4083,2025-08-02,6728.06,Shopping,Supermarket,Cash,Kurunegala,0
4084,2025-08-02,7259.01,Transport,Fuel Station,Cash,Jaffna,0
4085,2025-08-02,11058.38,Bills,Internet,Online Transfer,Anuradhapura,0
4086,2025-08-02,5059.69,Education,Book Shop,Mobile Wallet,Anuradhapura,0
4087,2025-08-03,9110.71,Bills,Internet,Mobile Wallet,Anuradhapura,0
4088,2025-08-03,3051.66,Health,Medical Centre,Online Transfer,Kurunegala,0
4089,2025-08-03,5959.19,Transport,Uber,Card,Jaffna,0
4090,2025-08-03,4500.0,Bills,Internet,Online Transfer,Colombo,0
4091,2025-08-04,6995.48,Bills,Mobile,Mobile Wallet,Colombo,1
4092,2025-08-04,4553.79,Shopping,Daraz,Mobile Wallet,Kandy,0
4093,2025-08-04,5219.91,Shopping,Fashion Store,Cash,Colombo,0
4094,2025-08-05,8042.77,Bills,Internet,Cash,Anuradhapura,0
4095,2025-08-05,5154.31,Shopping,Daraz,Mobile Wallet,Jaffna,0
4096,2025-08-05,8826.21,Bills,Internet,Cash,Anuradhapura,0
4097,2025-08-05,4221.89,Education,Online Course,Mobile Wallet,Colombo,0
4098,2025-08-06,6491.66,Bills,Mobile,Mobile Wallet,Kurunegala,0
4099,2025-08-06,11820.92,Food,Pizza Hut,Card,Colombo,0
4100,2025-08-06,6936.87,Transport,Train,Card,Kandy,0
4101,2025-08-06,8615.15,Bills,Electricity,Card,Kandy,0
4102,2025-08-07,13479.32,Bills,Mobile,Card,Galle,0
4103,2025-08-07,4126.21,Education,University,Card,Kurunegala,0
4104,2025-08-07,7496.26,Bills,Electricity,Cash,Kandy,0
4105,2025-08-07,6743.31,Bills,Water,Card,Colombo,0
4106,2025-08-07,5160.93,Bills,Mobile,Mobile Wallet,Colombo,0
4107,2025-08-08,8067.63,Shopping,Electronics Store,Online Transfer,Kandy,0
4108,2025-08-08,3938.37,Shopping,Fashion Store,Cash,Colombo,0
4109,2025-08-09,7728.53,Shopping,Electronics Store,Cash,Galle,0
4110,2025-08-09,9232.99,Bills,Electricity,Cash,Kurunegala,0
4111,2025-08-10,5506.59,Transport,PickMe,Mobile Wallet,Kandy,0
4112,2025-08-10,5077.15,Shopping,Fashion Store,Cash,Kurunegala,1
4113,2025-08-10,6172.91,Bills,Mobile,Cash,Kurunegala,0
4114,2025-08-10,8403.78,Food,Cargills,Cash,Jaffna,0
4115,2025-08-10,2922.39,Entertainment,Netflix,Mobile Wallet,Kandy,0
4116,2025-08-10,3507.77,Shopping,Electronics Store,Cash,Anuradhapura,0
4117,2025-08-10,3000.0,Entertainment,Netflix,Card,Colombo,0
4118,2025-08-11,5231.85,Shopping,Daraz,Cash,Kurunegala,0
4119,2025-08-12,4423.49,Bills,Internet,Online Transfer,Kandy,0
4120,2025-08-12,6693.17,Food,Cargills,Mobile Wallet,Kurunegala,0
4121,2025-08-12,2888.97,Shopping,Daraz,Card,Jaffna,0
4122,2025-08-12,3046.02,Bills,Internet,Cash,Colombo,0
4123,2025-08-13,7416.55,Food,Restaurant,Card,Colombo,0
4124,2025-08-13,2887.74,Entertainment,Netflix,Card,Jaffna,0
4125,2025-08-13,3189.71,Education,University,Online Transfer,Colombo,0
4126,2025-08-13,4342.92,Shopping,Electronics Store,Cash,Jaffna,0
4127,2025-08-14,4509.64,Transport,Bus,Card,Anuradhapura,0
4128,2025-08-14,4005.93,Transport,Bus,Cash,Colombo,0
4129,2025-08-14,6476.97,Bills,Water,Cash,Anuradhapura,0
4130,2025-08-14,7199.0,Food,KFC,Card,Colombo,0
4131,2025-08-14,4298.86,Transport,Train,Card,Galle,0
4132,2025-08-14,4482.38,Shopping,Fashion Store,Mobile Wallet,Kurunegala,0
4133,2025-08-15,8513.17,Food,KFC,Card,Galle,0
4134,2025-08-15,6226.43,Food,Restaurant,Cash,Colombo,0
4135,2025-08-15,4734.53,Bills,Internet,Card,Anuradhapura,0
4136,2025-08-15,2943.76,Shopping,Supermarket,Card,Anuradhapura,0
4137,2025-08-15,4399.91,Bills,Internet,Cash,Colombo,0
4138,2025-08-16,3760.15,Transport,Fuel Station,Card,Anuradhapura,0
4139,2025-08-16,9726.34,Food,Cargills,Mobile Wallet,Kandy,0
4140,2025-08-16,5037.95,Bills,Electricity,Mobile Wallet,Anuradhapura,0
4141,2025-08-16,6512.18,Food,KFC,Online Transfer,Kurunegala,0
4142,2025-08-16,1960.69,Entertainment,Gaming,Card,Colombo,0
4143,2025-08-16,7437.59,Transport,Train,Mobile Wallet,Jaffna,0
4144,2025-08-17,7837.83,Food,KFC,Online Transfer,Colombo,1
4145,2025-08-17,7507.53,Bills,Electricity,Online Transfer,Colombo,0
4146,2025-08-17,3878.42,Shopping,Supermarket,Mobile Wallet,Jaffna,0
4147,2025-08-18,6147.16,Food,Restaurant,Mobile Wallet,Galle,0
4148,2025-08-18,5727.61,Food,Pizza Hut,Cash,Colombo,0
4149,2025-08-18,1299.99,Entertainment,Spotify,Online Transfer,Jaffna,0
4150,2025-08-18,2379.91,Entertainment,Cinema,Online Transfer,Kurunegala,0
4151,2025-08-18,5429.08,Food,Cargills,Card,Jaffna,0
4152,2025-08-18,7044.72,Bills,Mobile,Online Transfer,Kurunegala,0
4153,2025-08-19,7552.64,Food,Cargills,Mobile Wallet,Kandy,0
4154,2025-08-19,6966.49,Food,KFC,Mobile Wallet,Jaffna,0
4155,2025-08-19,8015.81,Food,Cargills,Cash,Kurunegala,0
4156,2025-08-19,5647.61,Food,Restaurant,Card,Colombo,0
4157,2025-08-20,3788.1,Food,Pizza Hut,Mobile Wallet,Galle,0
4158,2025-08-20,3887.79,Transport,PickMe,Mobile Wallet,Kurunegala,0
4159,2025-08-20,4344.84,Food,Restaurant,Card,Colombo,0
4160,2025-08-21,3187.93,Entertainment,Spotify,Card,Kandy,0
4161,2025-08-21,4632.73,Transport,Train,Card,Kurunegala,0
4162,2025-08-21,8417.78,Food,Restaurant,Mobile Wallet,Anuradhapura,0
4163,2025-08-21,3235.04,Transport,Bus,Mobile Wallet,Kurunegala,0
4164,2025-08-21,5988.9,Bills,Electricity,Card,Galle,1
4165,2025-08-22,3897.77,Transport,Uber,Cash,Kurunegala,0
4166,2025-08-22,5286.2,Bills,Water,Online Transfer,Colombo,0
4167,2025-08-22,6160.19,Food,Restaurant,Mobile Wallet,Kandy,0
4168,2025-08-22,5691.16,Transport,Bus,Online Transfer,Kandy,0
4169,2025-08-22,1268.87,Health,Medical Centre,Cash,Galle,0
4170,2025-08-22,5015.48,Bills,Mobile,Mobile Wallet,Kandy,0
4171,2025-08-22,5808.98,Shopping,Electronics Store,Mobile Wallet,Kurunegala,0
4172,2025-08-22,3240.15,Bills,Water,Cash,Galle,0
4173,2025-08-23,7116.56,Bills,Water,Card,Anuradhapura,0
4174,2025-08-23,3453.26,Shopping,Supermarket,Card,Colombo,0
4175,2025-08-23,9677.55,Food,Pizza Hut,Cash,Galle,0
4176,2025-08-24,6789.7,Shopping,Electronics Store,Mobile Wallet,Kandy,0
4177,2025-08-24,3814.79,Transport,Uber,Card,Kandy,0
4178,2025-08-24,7017.98,Food,Pizza Hut,Mobile Wallet,Jaffna,0
4179,2025-08-24,1843.2,Entertainment,Cinema,Cash,Galle,0
4180,2025-08-25,6310.96,Food,Keells,Mobile Wallet,Galle,0
4181,2025-08-25,3531.59,Shopping,Fashion Store,Online Transfer,Colombo,0
4182,2025-08-26,10512.48,Food,Keells,Card,Colombo,0
4183,2025-08-26,9023.44,Food,Pizza Hut,Online Transfer,Colombo,0
4184,2025-08-26,8864.37,Food,Restaurant,Cash,Kurunegala,0
4185,2025-08-26,5439.6,Bills,Internet,Cash,Kurunegala,0
4186,2025-08-26,6945.63,Food,Cargills,Online Transfer,Galle,0
4187,2025-08-26,6772.39,Bills,Electricity,Cash,Anuradhapura,0
4188,2025-08-26,7454.13,Bills,Water,Cash,Anuradhapura,0
4189,2025-08-27,7763.91,Bills,Electricity,Mobile Wallet,Jaffna,0
4190,2025-08-27,9984.67,Bills,Internet,Card,Kurunegala,0
4191,2025-08-27,2962.51,Health,Hospital,Online Transfer,Anuradhapura,0
4192,2025-08-27,11427.6,Food,Cargills,Card,Jaffna,0
4193,2025-08-27,8448.9,Food,Keells,Online Transfer,Colombo,0
4194,2025-08-27,3021.64,Health,Hospital,Cash,Kurunegala,0
4195,2025-08-27,4164.66,Transport,Fuel Station,Cash,Galle,0
4196,2025-08-27,8059.29,Food,Keells,Card,Colombo,0
4197,2025-08-27,3379.56,Transport,Uber,Online Transfer,Colombo,0
4198,2025-08-29,5565.25,Transport,PickMe,Cash,Galle,0
4199,2025-08-29,4843.64,Food,Restaurant,Online Transfer,Jaffna,0
4200,2025-08-29,6649.21,Bills,Internet,Cash,Galle,0
4201,2025-08-31,4269.62,Transport,Train,Online Transfer,Anuradhapura,0
4202,2025-08-31,2307.61,Health,Hospital,Cash,Galle,0
4203,2025-08-31,4051.41,Bills,Internet,Mobile Wallet,Anuradhapura,0
4204,2025-08-31,3837.09,Transport,Fuel Station,Card,Jaffna,0
4205,2025-08-31,2477.4,Education,Online Course,Card,Colombo,0
4206,2025-08-31,4668.34,Transport,Train,Cash,Jaffna,0
4207,2025-08-31,2503.24,Transport,Train,Online Transfer,Galle,0
4208,2025-08-31,5367.13,Transport,Uber,Mobile Wallet,Colombo,0
4209,2025-09-01,3555.11,Transport,Bus,Cash,Galle,0
4210,2025-09-01,2952.8,Education,Online Course,Card,Kandy,0
4211,2025-09-01,8209.75,Food,Cargills,Mobile Wallet,Jaffna,0
4212,2025-09-01,7320.76,Food,Restaurant,Mobile Wallet,Galle,0
4213,2025-09-01,6918.51,Bills,Water,Cash,Galle,0
4214,2025-09-02,7556.34,Food,Restaurant,Online Transfer,Kurunegala,0
4215,2025-09-02,2854.88,Education,University,Online Transfer,Galle,0
4216,2025-09-02,5317.8,Bills,Electricity,Card,Galle,0
4217,2025-09-02,4460.15,Food,Pizza Hut,Mobile Wallet,Jaffna,0
4218,2025-09-02,8085.5,Bills,Electricity,Cash,Colombo,0
4219,2025-09-03,4929.51,Food,Keells,Mobile Wallet,Jaffna,0
4220,2025-09-04,2092.14,Education,Online Course,Cash,Galle,0
4221,2025-09-04,1521.37,Health,Pharmacy,Cash,Kandy,0
4222,2025-09-04,4401.3,Shopping,Electronics Store,Cash,Kandy,0
4223,2025-09-04,5495.89,Shopping,Electronics Store,Cash,Kurunegala,0
4224,2025-09-04,4425.87,Shopping,Fashion Store,Card,Anuradhapura,0
4225,2025-09-05,3227.66,Shopping,Daraz,Card,Anuradhapura,0
4226,2025-09-05,8028.62,Food,Keells,Cash,Kurunegala,0
4227,2025-09-05,9185.42,Food,Keells,Cash,Kurunegala,0
4228,2025-09-05,8232.15,Food,Restaurant,Cash,Anuradhapura,0
4229,2025-09-05,6825.96,Food,Pizza Hut,Card,Kandy,0
4230,2025-09-05,8697.91,Food,Cargills,Cash,Kandy,0
4231,2025-09-06,3726.71,Transport,Train,Mobile Wallet,Colombo,0
4232,2025-09-06,2302.33,Health,Medical Centre,Online Transfer,Kandy,0
4233,2025-09-07,5720.38,Bills,Electricity,Mobile Wallet,Jaffna,0
4234,2025-09-07,4500.0,Bills,Internet,Online Transfer,Colombo,0
4235,2025-09-07,4634.52,Shopping,Supermarket,Mobile Wallet,Colombo,0
4236,2025-09-07,3991.09,Transport,Fuel Station,Card,Anuradhapura,0
4237,2025-09-08,8825.15,Bills,Mobile,Mobile Wallet,Anuradhapura,0
4238,2025-09-08,3675.3,Education,Book Shop,Online Transfer,Kandy,0
4239,2025-09-08,7224.99,Bills,Electricity,Online Transfer,Anuradhapura,0
4240,2025-09-08,2735.05,Health,Hospital,Mobile Wallet,Colombo,0
4241,2025-09-09,6596.07,Food,KFC,Mobile Wallet,Kurunegala,0
4242,2025-09-09,2934.27,Education,University,Mobile Wallet,Kurunegala,0
4243,2025-09-09,7926.38,Food,KFC,Cash,Kandy,0
4244,2025-09-09,9381.84,Food,Restaurant,Mobile Wallet,Galle,0
4245,2025-09-09,8144.09,Food,Keells,Online Transfer,Kurunegala,0
4246,2025-09-09,4452.28,Education,University,Mobile Wallet,Colombo,0
4247,2025-09-09,10840.18,Food,Pizza Hut,Cash,Kurunegala,0
4248,2025-09-10,3935.16,Transport,Train,Cash,Galle,0
4249,2025-09-10,5313.52,Shopping,Daraz,Online Transfer,Jaffna,0
4250,2025-09-10,7289.13,Bills,Electricity,Card,Jaffna,0
4251,2025-09-10,3616.37,Education,University,Cash,Galle,0
4252,2025-09-10,3545.66,Shopping,Supermarket,Online Transfer,Kurunegala,0
4253,2025-09-10,10795.5,Food,Cargills,Cash,Jaffna,0
4254,2025-09-10,9848.25,Food,Cargills,Online Transfer,Kurunegala,1
4255,2025-09-11,4454.92,Entertainment,Gaming,Mobile Wallet,Kurunegala,0
4256,2025-09-11,7855.07,Food,Pizza Hut,Cash,Galle,0
4257,2025-09-11,6520.7,Food,Keells,Cash,Anuradhapura,0
4258,2025-09-12,4479.42,Transport,Bus,Online Transfer,Anuradhapura,0
4259,2025-09-13,6023.93,Food,KFC,Online Transfer,Jaffna,0
4260,2025-09-14,6453.49,Transport,Uber,Mobile Wallet,Galle,0
4261,2025-09-14,6740.01,Transport,Fuel Station,Online Transfer,Kandy,0
4262,2025-09-14,3000.0,Entertainment,Netflix,Card,Colombo,0
4263,2025-09-14,7183.74,Transport,Bus,Card,Colombo,0
4264,2025-09-15,5543.66,Bills,Mobile,Card,Kandy,0
4265,2025-09-15,2722.9,Entertainment,Netflix,Cash,Colombo,0
4266,2025-09-15,3462.63,Entertainment,Netflix,Mobile Wallet,Galle,0
4267,2025-09-15,7590.33,Bills,Mobile,Cash,Jaffna,0
4268,2025-09-15,3259.65,Entertainment,Spotify,Online Transfer,Galle,0
4269,2025-09-16,4644.13,Shopping,Electronics Store,Cash,Jaffna,0
4270,2025-09-16,7215.48,Food,Pizza Hut,Cash,Kurunegala,0
4271,2025-09-17,8708.2,Bills,Internet,Card,Kandy,0
4272,2025-09-17,8869.08,Food,Cargills,Card,Kandy,0
4273,2025-09-17,8769.86,Shopping,Electronics Store,Card,Kandy,0
4274,2025-09-17,2280.25,Education,University,Cash,Jaffna,0
4275,2025-09-17,8703.01,Bills,Mobile,Card,Galle,0
4276,2025-09-17,7639.39,Shopping,Electronics Store,Mobile Wallet,Kandy,0
4277,2025-09-18,4998.73,Transport,Train,Cash,Kandy,0
4278,2025-09-18,9859.16,Food,KFC,Cash,Kandy,0
4279,2025-09-19,11383.34,Food,Keells,Cash,Jaffna,0
4280,2025-09-19,9373.17,Food,Cargills,Cash,Kurunegala,0
4281,2025-09-19,5315.75,Transport,PickMe,Mobile Wallet,Anuradhapura,0
4282,2025-09-19,8483.14,Food,Pizza Hut,Mobile Wallet,Galle,0
4283,2025-09-20,6621.14,Bills,Electricity,Online Transfer,Galle,0
4284,2025-09-20,6766.06,Bills,Internet,Card,Colombo,0
4285,2025-09-20,3029.07,Entertainment,Cinema,Card,Anuradhapura,0
4286,2025-09-21,6699.29,Food,Cargills,Cash,Anuradhapura,0
4287,2025-09-21,8280.14,Transport,PickMe,Cash,Kurunegala,0
4288,2025-09-21,10777.43,Food,Pizza Hut,Online Transfer,Galle,0
4289,2025-09-21,8136.41,Bills,Electricity,Online Transfer,Colombo,0
4290,2025-09-21,3913.7,Shopping,Electronics Store,Card,Kandy,0
4291,2025-09-21,3767.25,Health,Hospital,Online Transfer,Kurunegala,0
4292,2025-09-22,7904.32,Bills,Water,Card,Kurunegala,0
4293,2025-09-22,6850.15,Bills,Mobile,Mobile Wallet,Anuradhapura,0
4294,2025-09-22,2591.44,Education,Online Course,Cash,Colombo,0
4295,2025-09-22,9549.03,Food,Restaurant,Online Transfer,Jaffna,0
4296,2025-09-23,5043.22,Bills,Internet,Cash,Galle,0
4297,2025-09-23,5376.87,Bills,Mobile,Mobile Wallet,Kurunegala,0
4298,2025-09-24,5669.12,Bills,Internet,Card,Kandy,0
4299,2025-09-24,1969.98,Health,Pharmacy,Mobile Wallet,Jaffna,0
4300,2025-09-24,4513.02,Shopping,Daraz,Card,Anuradhapura,0
4301,2025-09-25,4202.37,Shopping,Supermarket,Mobile Wallet,Colombo,0
4302,2025-09-25,9322.91,Bills,Water,Card,Kandy,0
4303,2025-09-25,3007.72,Education,Online Course,Cash,Kurunegala,0
4304,2025-09-25,7938.11,Bills,Internet,Mobile Wallet,Galle,0
4305,2025-09-26,3416.67,Education,Online Course,Mobile Wallet,Galle,0
4306,2025-09-26,4880.76,Shopping,Electronics Store,Cash,Galle,0
4307,2025-09-26,4769.06,Bills,Mobile,Cash,Kurunegala,0
4308,2025-09-26,10031.26,Food,Cargills,Online Transfer,Jaffna,1
4309,2025-09-26,2811.27,Education,Online Course,Mobile Wallet,Galle,0
4310,2025-09-27,4969.6,Transport,Bus,Card,Anuradhapura,0
4311,2025-09-27,3065.33,Entertainment,Spotify,Card,Jaffna,0
4312,2025-09-27,6865.84,Bills,Electricity,Online Transfer,Kurunegala,0
4313,2025-09-27,6033.36,Bills,Internet,Cash,Jaffna,0
4314,2025-09-28,3623.89,Education,University,Online Transfer,Jaffna,0
4315,2025-09-28,4122.55,Education,Book Shop,Online Transfer,Galle,0
4316,2025-09-28,7475.99,Bills,Mobile,Cash,Kurunegala,0
4317,2025-09-28,4884.56,Transport,Train,Mobile Wallet,Galle,0
4318,2025-09-28,7743.38,Bills,Mobile,Online Transfer,Anuradhapura,0
4319,2025-09-29,4520.3,Transport,Train,Online Transfer,Colombo,0
4320,2025-09-29,8379.91,Bills,Internet,Cash,Galle,0
4321,2025-09-29,1983.87,Health,Pharmacy,Card,Colombo,0
4322,2025-09-30,6342.98,Bills,Electricity,Card,Galle,0
4323,2025-09-30,7043.08,Food,Keells,Mobile Wallet,Kandy,0
4324,2025-10-01,2216.01,Entertainment,Gaming,Mobile Wallet,Galle,0
4325,2025-10-01,7853.46,Food,Restaurant,Online Transfer,Kurunegala,0
4326,2025-10-01,7796.44,Bills,Electricity,Card,Jaffna,0
4327,2025-10-01,2631.92,Shopping,Electronics Store,Card,Galle,0
4328,2025-10-01,5118.8,Shopping,Supermarket,Online Transfer,Colombo,0
4329,2025-10-02,4321.24,Shopping,Electronics Store,Cash,Kurunegala,1
4330,2025-10-02,2072.18,Entertainment,Spotify,Cash,Kurunegala,0
4331,2025-10-02,2691.85,Education,University,Mobile Wallet,Colombo,0
4332,2025-10-02,9498.76,Food,KFC,Online Transfer,Kandy,0
4333,2025-10-02,3447.23,Shopping,Daraz,Mobile Wallet,Kandy,0
4334,2025-10-02,6287.29,Transport,Train,Card,Galle,0
4335,2025-10-03,2288.75,Entertainment,Netflix,Card,Anuradhapura,0
4336,2025-10-04,6755.7,Transport,Bus,Mobile Wallet,Galle,0
4337,2025-10-04,9918.42,Food,Cargills,Card,Kurunegala,0
4338,2025-10-04,8789.24,Bills,Internet,Mobile Wallet,Colombo,0
4339,2025-10-04,6224.12,Food,KFC,Cash,Kurunegala,0
4340,2025-10-04,12270.03,Food,Keells,Card,Colombo,0
4341,2025-10-05,5881.86,Transport,Uber,Cash,Anuradhapura,0
4342,2025-10-05,4666.69,Shopping,Fashion Store,Card,Kurunegala,0
4343,2025-10-05,4500.0,Bills,Internet,Online Transfer,Colombo,0
4344,2025-10-05,6048.85,Food,Cargills,Cash,Anuradhapura,0
4345,2025-10-05,8115.41,Bills,Water,Cash,Anuradhapura,0
4346,2025-10-06,7332.59,Bills,Internet,Mobile Wallet,Jaffna,0
4347,2025-10-07,5014.24,Shopping,Fashion Store,Mobile Wallet,Galle,0
4348,2025-10-07,3468.51,Entertainment,Gaming,Card,Jaffna,0
4349,2025-10-08,4973.68,Food,Cargills,Card,Anuradhapura,1
4350,2025-10-08,4054.25,Food,Cargills,Card,Anuradhapura,0
4351,2025-10-08,4924.21,Shopping,Daraz,Card,Kandy,0
4352,2025-10-08,6861.32,Food,Restaurant,Cash,Kurunegala,0
4353,2025-10-08,7207.06,Bills,Mobile,Online Transfer,Galle,0
4354,2025-10-08,5580.07,Bills,Electricity,Online Transfer,Kurunegala,0
4355,2025-10-09,8129.01,Bills,Electricity,Online Transfer,Anuradhapura,0
4356,2025-10-09,2900.14,Education,Book Shop,Mobile Wallet,Kurunegala,0
4357,2025-10-09,6101.81,Bills,Internet,Mobile Wallet,Kurunegala,0
4358,2025-10-09,5281.27,Bills,Internet,Mobile Wallet,Jaffna,0
4359,2025-10-09,11296.82,Food,Keells,Cash,Jaffna,0
4360,2025-10-10,3198.42,Entertainment,Cinema,Cash,Anuradhapura,0
4361,2025-10-10,3552.79,Health,Medical Centre,Mobile Wallet,Colombo,0
4362,2025-10-10,4727.22,Education,Book Shop,Online Transfer,Colombo,0
4363,2025-10-10,8026.01,Food,Restaurant,Cash,Colombo,0
4364,2025-10-10,1590.88,Education,University,Mobile Wallet,Anuradhapura,0
4365,2025-10-11,6356.96,Bills,Mobile,Online Transfer,Galle,0
4366,2025-10-11,7510.45,Food,Restaurant,Cash,Kandy,0
4367,2025-10-11,7112.0,Shopping,Daraz,Mobile Wallet,Kandy,0
4368,2025-10-11,9052.7,Food,Pizza Hut,Card,Anuradhapura,0
4369,2025-10-12,7794.67,Shopping,Electronics Store,Card,Anuradhapura,0
4370,2025-10-12,6781.63,Bills,Internet,Card,Anuradhapura,0
4371,2025-10-12,3000.0,Entertainment,Netflix,Card,Colombo,0
4372,2025-10-12,10993.13,Food,Cargills,Card,Colombo,0
4373,2025-10-13,7675.17,Food,Cargills,Online Transfer,Jaffna,0
4374,2025-10-13,8399.78,Food,Cargills,Online Transfer,Anuradhapura,0
4375,2025-10-14,5145.61,Transport,PickMe,Online Transfer,Jaffna,0
4376,2025-10-14,7381.57,Food,Keells,Mobile Wallet,Anuradhapura,0
4377,2025-10-14,2345.13,Education,Book Shop,Online Transfer,Jaffna,0
4378,2025-10-15,5823.15,Transport,Train,Online Transfer,Galle,0
4379,2025-10-15,6563.73,Food,Restaurant,Card,Colombo,0
4380,2025-10-15,11386.21,Bills,Mobile,Online Transfer,Colombo,0
4381,2025-10-15,5940.83,Shopping,Supermarket,Cash,Kandy,0
4382,2025-10-15,5298.96,Transport,Fuel Station,Mobile Wallet,Anuradhapura,0
4383,2025-10-15,4705.08,Shopping,Daraz,Online Transfer,Anuradhapura,0
4384,2025-10-15,11752.56,Food,Restaurant,Card,Kurunegala,0
4385,2025-10-15,2454.46,Transport,PickMe,Mobile Wallet,Jaffna,0
4386,2025-10-15,3009.14,Shopping,Fashion Store,Card,Galle,0
4387,2025-10-16,7463.8,Transport,Train,Card,Colombo,0
4388,2025-10-16,2718.16,Education,University,Card,Anuradhapura,0
4389,2025-10-16,7736.97,Food,Keells,Online Transfer,Kurunegala,0
4390,2025-10-17,2217.42,Education,Online Course,Cash,Kandy,0
4391,2025-10-17,3293.29,Education,University,Cash,Kandy,0
4392,2025-10-17,4325.79,Transport,Fuel Station,Card,Kandy,0
4393,2025-10-18,6742.82,Bills,Electricity,Cash,Kurunegala,0
4394,2025-10-18,6310.92,Transport,Fuel Station,Online Transfer,Colombo,0
4395,2025-10-18,8392.06,Bills,Mobile,Mobile Wallet,Kurunegala,0
4396,2025-10-19,8059.21,Bills,Electricity,Online Transfer,Colombo,0
4397,2025-10-19,5342.27,Bills,Mobile,Mobile Wallet,Kurunegala,0
4398,2025-10-19,6440.42,Shopping,Daraz,Card,Galle,0
4399,2025-10-19,7874.06,Shopping,Electronics Store,Cash,Anuradhapura,0
4400,2025-10-19,7371.67,Food,Cargills,Card,Colombo,0
4401,2025-10-20,2925.28,Entertainment,Spotify,Mobile Wallet,Anuradhapura,0
4402,2025-10-20,7228.43,Bills,Water,Mobile Wallet,Galle,1
4403,2025-10-20,4924.29,Bills,Water,Cash,Kandy,0
4404,2025-10-20,9463.5,Food,KFC,Online Transfer,Jaffna,0
4405,2025-10-20,3049.13,Entertainment,Gaming,Mobile Wallet,Jaffna,0
4406,2025-10-20,3241.04,Health,Medical Centre,Mobile Wallet,Jaffna,0
4407,2025-10-20,4709.56,Shopping,Electronics Store,Card,Jaffna,0
4408,2025-10-20,6826.32,Bills,Internet,Card,Colombo,0
4409,2025-10-20,5550.3,Bills,Internet,Cash,Colombo,0
4410,2025-10-21,1811.39,Health,Pharmacy,Card,Galle,0
4411,2025-10-21,6567.06,Food,Keells,Card,Kandy,0
4412,2025-10-22,2152.85,Entertainment,Gaming,Online Transfer,Kurunegala,0
4413,2025-10-22,4065.9,Education,University,Online Transfer,Galle,0
4414,2025-10-22,5329.55,Food,Pizza Hut,Online Transfer,Colombo,0
4415,2025-10-22,3351.38,Transport,Fuel Station,Mobile Wallet,Galle,0
4416,2025-10-23,6339.07,Shopping,Electronics Store,Mobile Wallet,Jaffna,0
4417,2025-10-23,5039.43,Bills,Mobile,Card,Colombo,0
4418,2025-10-23,8515.37,Food,Restaurant,Online Transfer,Anuradhapura,0
4419,2025-10-24,2263.76,Health,Hospital,Mobile Wallet,Anuradhapura,0
4420,2025-10-24,2641.14,Health,Medical Centre,Online Transfer,Kurunegala,0
4421,2025-10-25,6824.68,Food,KFC,Cash,Jaffna,0
4422,2025-10-25,8168.09,Food,Cargills,Card,Anuradhapura,0
4423,2025-10-25,6378.49,Shopping,Supermarket,Cash,Kurunegala,0
4424,2025-10-25,4950.64,Shopping,Supermarket,Cash,Galle,0
4425,2025-10-25,7670.13,Food,Pizza Hut,Cash,Colombo,0
4426,2025-10-26,10001.2,Food,KFC,Card,Jaffna,0
4427,2025-10-26,6743.2,Bills,Mobile,Mobile Wallet,Jaffna,0
4428,2025-10-26,4307.97,Shopping,Fashion Store,Card,Colombo,0
4429,2025-10-27,6308.17,Food,Restaurant,Cash,Galle,0
4430,2025-10-28,6699.01,Food,Keells,Online Transfer,Galle,0
4431,2025-10-28,9468.4,Bills,Electricity,Online Transfer,Kandy,0
4432,2025-10-28,1690.72,Health,Pharmacy,Cash,Galle,0
4433,2025-10-28,3357.17,Transport,Bus,Cash,Jaffna,0
4434,2025-10-28,7122.46,Food,Cargills,Card,Colombo,0
4435,2025-10-28,1452.48,Entertainment,Spotify,Mobile Wallet,Jaffna,0
4436,2025-10-28,6723.37,Food,Restaurant,Mobile Wallet,Kurunegala,0
4437,2025-10-29,2966.01,Education,Online Course,Card,Kandy,0
4438,2025-10-29,6156.04,Bills,Electricity,Card,Colombo,0
4439,2025-10-29,3463.07,Shopping,Fashion Store,Cash,Colombo,0
4440,2025-10-30,6383.91,Food,Cargills,Card,Anuradhapura,0
4441,2025-10-30,6703.68,Bills,Water,Cash,Colombo,0
4442,2025-10-30,5372.68,Shopping,Fashion Store,Card,Galle,0
4443,2025-10-30,6452.95,Food,Pizza Hut,Online Transfer,Anuradhapura,0
4444,2025-10-30,3476.07,Shopping,Supermarket,Card,Colombo,0
4445,2025-10-30,4962.96,Shopping,Daraz,Mobile Wallet,Colombo,0
4446,2025-10-30,1836.01,Health,Pharmacy,Card,Kandy,0
4447,2025-10-31,5082.45,Food,Keells,Online Transfer,Colombo,0
4448,2025-10-31,5773.49,Bills,Water,Card,Anuradhapura,0
4449,2025-10-31,8758.94,Food,Keells,Cash,Galle,0
4450,2025-10-31,6043.6,Bills,Electricity,Card,Jaffna,0
4451,2025-10-31,5920.41,Bills,Electricity,Online Transfer,Anuradhapura,0
4452,2025-10-31,6451.58,Food,Pizza Hut,Online Transfer,Jaffna,0
4453,2025-10-31,7525.91,Food,Restaurant,Mobile Wallet,Kandy,0
4454,2025-11-01,6503.38,Bills,Internet,Cash,Colombo,0
4455,2025-11-02,4500.0,Bills,Internet,Online Transfer,Colombo,0
4456,2025-11-03,15125.8,Food,Keells,Online Transfer,Kandy,1
4457,2025-11-03,6019.11,Shopping,Supermarket,Mobile Wallet,Colombo,0
4458,2025-11-03,4692.09,Transport,Bus,Mobile Wallet,Galle,0
4459,2025-11-03,9101.99,Shopping,Electronics Store,Mobile Wallet,Kandy,0
4460,2025-11-03,4507.02,Education,Online Course,Cash,Galle,0
4461,2025-11-04,8565.49,Bills,Mobile,Mobile Wallet,Colombo,0
4462,2025-11-04,5001.25,Transport,Bus,Online Transfer,Kandy,0
4463,2025-11-04,10161.84,Food,Cargills,Mobile Wallet,Jaffna,0
4464,2025-11-05,6124.18,Shopping,Electronics Store,Card,Galle,0
4465,2025-11-05,8739.28,Bills,Water,Online Transfer,Kandy,0
4466,2025-11-05,4332.54,Transport,Fuel Station,Mobile Wallet,Jaffna,0
4467,2025-11-06,7567.16,Bills,Water,Online Transfer,Galle,0
4468,2025-11-06,3219.48,Health,Medical Centre,Online Transfer,Anuradhapura,0
4469,2025-11-06,3613.69,Health,Pharmacy,Mobile Wallet,Jaffna,0
4470,2025-11-06,9147.15,Bills,Electricity,Online Transfer,Jaffna,0
4471,2025-11-06,6036.65,Bills,Internet,Card,Kurunegala,0
4472,2025-11-06,8990.02,Food,Restaurant,Mobile Wallet,Jaffna,0
4473,2025-11-07,9683.9,Bills,Water,Online Transfer,Kandy,0
4474,2025-11-07,10515.98,Food,KFC,Mobile Wallet,Kurunegala,0
4475,2025-11-07,4645.4,Transport,Bus,Card,Anuradhapura,0
4476,2025-11-07,3700.68,Entertainment,Gaming,Card,Anuradhapura,0
4477,2025-11-08,11064.01,Food,Restaurant,Online Transfer,Kandy,0
4478,2025-11-09,3209.17,Health,Medical Centre,Cash,Kandy,0
4479,2025-11-09,3000.0,Entertainment,Netflix,Card,Colombo,0
4480,2025-11-09,9115.93,Bills,Mobile,Mobile Wallet,Kurunegala,0
4481,2025-11-09,9743.64,Food,KFC,Cash,Colombo,0
4482,2025-11-09,3656.48,Education,University,Card,Jaffna,0
4483,2025-11-09,2885.55,Education,Book Shop,Online Transfer,Kurunegala,0
4484,2025-11-10,3040.93,Education,University,Cash,Jaffna,0
4485,2025-11-11,3015.92,Shopping,Daraz,Cash,Colombo,0
4486,2025-11-11,3141.9,Education,Online Course,Card,Kurunegala,0
4487,2025-11-11,3704.95,Transport,Uber,Card,Jaffna,0
4488,2025-11-11,3462.8,Health,Hospital,Mobile Wallet,Kandy,0
4489,2025-11-11,5629.18,Bills,Electricity,Online Transfer,Colombo,0
4490,2025-11-11,10957.06,Food,Cargills,Mobile Wallet,Anuradhapura,0
4491,2025-11-12,7099.09,Transport,Uber,Cash,Colombo,0
4492,2025-11-12,9200.54,Food,Cargills,Mobile Wallet,Kandy,0
4493,2025-11-12,8428.49,Food,Cargills,Online Transfer,Anuradhapura,0
4494,2025-11-12,5407.46,Shopping,Fashion Store,Online Transfer,Kurunegala,0
4495,2025-11-13,10754.07,Food,Restaurant,Online Transfer,Colombo,0
4496,2025-11-13,5930.05,Shopping,Electronics Store,Mobile Wallet,Anuradhapura,0
4497,2025-11-13,6487.93,Bills,Water,Cash,Kandy,0
4498,2025-11-13,5052.65,Transport,Bus,Mobile Wallet,Kurunegala,0
4499,2025-11-13,5733.75,Transport,PickMe,Cash,Colombo,0
4500,2025-11-14,7002.04,Food,Restaurant,Card,Kandy,0
4501,2025-11-14,8496.47,Bills,Mobile,Online Transfer,Kurunegala,0
4502,2025-11-14,3057.2,Health,Pharmacy,Cash,Kandy,0
4503,2025-11-15,4013.6,Entertainment,Netflix,Card,Kandy,0
4504,2025-11-15,7058.76,Food,Restaurant,Online Transfer,Kurunegala,0
4505,2025-11-15,8350.9,Bills,Mobile,Mobile Wallet,Kandy,0
4506,2025-11-16,6898.97,Bills,Internet,Card,Galle,0
4507,2025-11-16,7957.38,Food,Restaurant,Online Transfer,Jaffna,0
4508,2025-11-16,2975.11,Transport,PickMe,Card,Anuradhapura,0
4509,2025-11-16,7601.82,Bills,Internet,Online Transfer,Colombo,0
4510,2025-11-16,2423.6,Health,Hospital,Cash,Kandy,0
4511,2025-11-16,2189.0,Transport,Fuel Station,Mobile Wallet,Colombo,0
4512,2025-11-16,2730.83,Health,Medical Centre,Mobile Wallet,Jaffna,0
4513,2025-11-16,7687.88,Bills,Electricity,Online Transfer,Colombo,0
4514,2025-11-16,3229.44,Health,Hospital,Mobile Wallet,Kandy,0
4515,2025-11-17,3009.24,Transport,Fuel Station,Mobile Wallet,Galle,1
4516,2025-11-17,5383.84,Transport,Bus,Cash,Kurunegala,0
4517,2025-11-18,5090.71,Transport,Train,Card,Colombo,0
4518,2025-11-18,5410.68,Bills,Water,Card,Anuradhapura,0
4519,2025-11-18,7263.25,Food,KFC,Cash,Colombo,0
4520,2025-11-18,8440.43,Food,Cargills,Mobile Wallet,Anuradhapura,0
4521,2025-11-19,6213.54,Food,Keells,Mobile Wallet,Colombo,0
4522,2025-11-19,6352.34,Food,Pizza Hut,Online Transfer,Jaffna,0
4523,2025-11-19,2686.05,Transport,PickMe,Mobile Wallet,Kurunegala,0
4524,2025-11-20,3757.24,Transport,Fuel Station,Card,Kandy,0
4525,2025-11-20,4196.54,Shopping,Daraz,Mobile Wallet,Colombo,0
4526,2025-11-20,7199.12,Food,Pizza Hut,Card,Jaffna,0
4527,2025-11-20,7162.96,Food,Keells,Cash,Anuradhapura,0
4528,2025-11-20,3410.45,Shopping,Daraz,Card,Kurunegala,0
4529,2025-11-20,5449.29,Food,KFC,Online Transfer,Galle,0
4530,2025-11-21,5394.92,Shopping,Supermarket,Online Transfer,Jaffna,0
4531,2025-11-21,3163.88,Shopping,Electronics Store,Card,Galle,0
4532,2025-11-21,4199.54,Shopping,Daraz,Mobile Wallet,Kandy,0
4533,2025-11-21,4762.91,Entertainment,Netflix,Online Transfer,Colombo,0
4534,2025-11-21,2340.99,Education,Book Shop,Card,Kurunegala,0
4535,2025-11-22,2872.11,Transport,Bus,Card,Kurunegala,0
4536,2025-11-22,7478.6,Food,Restaurant,Mobile Wallet,Anuradhapura,1
4537,2025-11-22,4231.84,Bills,Electricity,Card,Galle,0
4538,2025-11-22,2431.17,Health,Medical Centre,Cash,Kurunegala,0
4539,2025-11-22,4361.27,Transport,Train,Mobile Wallet,Colombo,0
4540,2025-11-23,4492.89,Entertainment,Spotify,Cash,Kandy,0
4541,2025-11-23,9397.24,Bills,Water,Mobile Wallet,Kurunegala,0
4542,2025-11-23,3002.94,Health,Medical Centre,Online Transfer,Anuradhapura,0
4543,2025-11-23,5644.15,Transport,Fuel Station,Card,Galle,0
4544,2025-11-24,6005.69,Shopping,Daraz,Mobile Wallet,Galle,0
4545,2025-11-24,3962.27,Transport,Train,Mobile Wallet,Colombo,0
4546,2025-11-24,4094.34,Education,Online Course,Cash,Kurunegala,0
4547,2025-11-25,4234.35,Entertainment,Gaming,Online Transfer,Kurunegala,0
4548,2025-11-26,5171.84,Transport,Train,Mobile Wallet,Jaffna,0
4549,2025-11-26,4599.82,Education,Book Shop,Card,Anuradhapura,0
4550,2025-11-26,6551.36,Bills,Electricity,Online Transfer,Galle,0
4551,2025-11-27,12458.13,Food,Keells,Cash,Colombo,0
4552,2025-11-27,10483.57,Food,Restaurant,Card,Colombo,0
4553,2025-11-27,4973.46,Education,University,Cash,Anuradhapura,0
4554,2025-11-27,3423.19,Education,Online Course,Card,Colombo,0
4555,2025-11-27,10731.74,Bills,Mobile,Online Transfer,Kandy,0
4556,2025-11-28,6539.7,Transport,PickMe,Mobile Wallet,Galle,0
4557,2025-11-28,14814.04,Food,KFC,Mobile Wallet,Kurunegala,0
4558,2025-11-28,2533.12,Entertainment,Netflix,Online Transfer,Kandy,0
4559,2025-11-28,3947.18,Entertainment,Netflix,Mobile Wallet,Kurunegala,0
4560,2025-11-28,6366.96,Transport,Uber,Cash,Kandy,0
4561,2025-11-29,13562.32,Food,Keells,Cash,Kandy,0
4562,2025-11-29,7329.57,Transport,Fuel Station,Mobile Wallet,Kurunegala,0
4563,2025-11-29,6590.6,Transport,Uber,Cash,Anuradhapura,0
4564,2025-11-30,7838.36,Food,Keells,Card,Anuradhapura,0
4565,2025-11-30,15108.38,Food,Cargills,Mobile Wallet,Jaffna,0
4566,2025-12-01,7139.59,Food,Restaurant,Card,Kurunegala,0
4567,2025-12-01,9938.62,Food,Keells,Online Transfer,Colombo,0
4568,2025-12-01,2591.87,Education,Book Shop,Card,Kurunegala,0
4569,2025-12-02,7023.7,Bills,Water,Mobile Wallet,Kurunegala,0
4570,2025-12-02,2574.51,Transport,Bus,Cash,Kandy,0
4571,2025-12-03,1688.71,Entertainment,Gaming,Cash,Kurunegala,0
4572,2025-12-03,3000.58,Entertainment,Netflix,Mobile Wallet,Kandy,0
4573,2025-12-03,7677.2,Food,KFC,Card,Kurunegala,0
4574,2025-12-03,6016.52,Food,Keells,Cash,Colombo,0
4575,2025-12-03,3671.2,Transport,Bus,Card,Galle,0
4576,2025-12-04,6046.27,Food,Keells,Cash,Galle,0
4577,2025-12-04,5940.56,Transport,PickMe,Mobile Wallet,Kandy,0
4578,2025-12-04,2365.09,Health,Hospital,Cash,Kandy,0
4579,2025-12-04,7139.37,Food,KFC,Online Transfer,Jaffna,0
4580,2025-12-04,6567.2,Food,KFC,Cash,Kandy,0
4581,2025-12-04,7973.51,Shopping,Fashion Store,Cash,Galle,0
4582,2025-12-04,7356.46,Bills,Water,Mobile Wallet,Jaffna,0
4583,2025-12-05,1993.41,Entertainment,Spotify,Card,Galle,0
4584,2025-12-05,6281.55,Food,Cargills,Online Transfer,Kandy,0
4585,2025-12-05,5141.95,Bills,Internet,Online Transfer,Kandy,0
4586,2025-12-05,7538.02,Food,Cargills,Online Transfer,Colombo,0
4587,2025-12-05,8446.84,Food,Restaurant,Cash,Jaffna,0
4588,2025-12-06,2486.73,Shopping,Fashion Store,Mobile Wallet,Kandy,0
4589,2025-12-06,8958.18,Bills,Electricity,Online Transfer,Anuradhapura,0
4590,2025-12-06,3602.21,Education,Book Shop,Online Transfer,Anuradhapura,0
4591,2025-12-06,3301.51,Education,Online Course,Cash,Kandy,0
4592,2025-12-07,8390.57,Shopping,Supermarket,Card,Anuradhapura,0
4593,2025-12-07,11658.31,Food,Cargills,Mobile Wallet,Galle,0
4594,2025-12-07,4500.0,Bills,Internet,Online Transfer,Colombo,0
4595,2025-12-07,6263.94,Shopping,Supermarket,Online Transfer,Jaffna,0
4596,2025-12-07,7119.86,Food,Keells,Mobile Wallet,Jaffna,0
4597,2025-12-08,6548.63,Bills,Water,Card,Anuradhapura,0
4598,2025-12-08,3121.72,Entertainment,Gaming,Online Transfer,Colombo,0
4599,2025-12-08,11738.82,Food,Cargills,Mobile Wallet,Colombo,0
4600,2025-12-08,6079.11,Bills,Water,Online Transfer,Jaffna,0
4601,2025-12-10,4468.36,Shopping,Fashion Store,Mobile Wallet,Colombo,0
4602,2025-12-10,2487.22,Entertainment,Gaming,Card,Galle,0
4603,2025-12-10,6333.16,Bills,Electricity,Mobile Wallet,Anuradhapura,0
4604,2025-12-10,11933.31,Shopping,Electronics Store,Mobile Wallet,Anuradhapura,0
4605,2025-12-11,9768.49,Food,Cargills,Cash,Anuradhapura,0
4606,2025-12-11,7089.14,Shopping,Fashion Store,Cash,Kandy,0
4607,2025-12-11,6482.53,Shopping,Fashion Store,Mobile Wallet,Jaffna,0
4608,2025-12-11,8088.24,Food,Keells,Cash,Anuradhapura,0
4609,2025-12-12,3285.65,Entertainment,Gaming,Cash,Jaffna,0
4610,2025-12-12,7151.52,Food,Restaurant,Cash,Kandy,0
4611,2025-12-12,5479.62,Transport,Fuel Station,Card,Jaffna,0
4612,2025-12-12,8268.88,Transport,Train,Mobile Wallet,Jaffna,0
4613,2025-12-12,7795.9,Transport,Train,Online Transfer,Anuradhapura,0
4614,2025-12-12,9560.87,Food,Keells,Online Transfer,Galle,0
4615,2025-12-13,11209.33,Food,Cargills,Online Transfer,Kandy,0
4616,2025-12-13,4375.16,Shopping,Electronics Store,Cash,Kandy,0
4617,2025-12-14,3000.0,Entertainment,Netflix,Card,Colombo,0
4618,2025-12-14,6597.14,Transport,PickMe,Online Transfer,Jaffna,0
4619,2025-12-14,6972.31,Shopping,Daraz,Cash,Kandy,0
4620,2025-12-15,7402.73,Bills,Water,Online Transfer,Anuradhapura,0
4621,2025-12-15,4693.04,Shopping,Supermarket,Online Transfer,Anuradhapura,0
4622,2025-12-16,2974.9,Entertainment,Gaming,Online Transfer,Colombo,0
4623,2025-12-16,6315.25,Bills,Water,Cash,Kandy,0
4624,2025-12-16,7081.29,Bills,Mobile,Mobile Wallet,Jaffna,0
4625,2025-12-16,2141.27,Entertainment,Netflix,Mobile Wallet,Kurunegala,0
4626,2025-12-16,10040.2,Bills,Internet,Cash,Anuradhapura,0
4627,2025-12-16,7241.76,Shopping,Daraz,Card,Anuradhapura,0
4628,2025-12-17,11868.75,Food,Cargills,Mobile Wallet,Jaffna,0
4629,2025-12-17,7913.11,Food,Restaurant,Card,Galle,0
4630,2025-12-17,5936.56,Transport,Train,Online Transfer,Kurunegala,0
4631,2025-12-17,4455.57,Transport,Uber,Card,Kurunegala,0
4632,2025-12-17,4246.79,Education,Online Course,Mobile Wallet,Colombo,0
4633,2025-12-17,8730.12,Bills,Electricity,Card,Kandy,0
4634,2025-12-18,6645.46,Bills,Water,Cash,Galle,0
4635,2025-12-18,7713.33,Food,Pizza Hut,Online Transfer,Jaffna,0
4636,2025-12-19,2601.5,Health,Medical Centre,Online Transfer,Kurunegala,0
4637,2025-12-19,5379.38,Shopping,Fashion Store,Card,Kandy,0
4638,2025-12-19,8528.85,Shopping,Fashion Store,Cash,Kurunegala,1
4639,2025-12-19,3605.78,Education,University,Mobile Wallet,Kandy,0
4640,2025-12-20,8340.79,Shopping,Daraz,Online Transfer,Galle,0
4641,2025-12-20,12949.43,Food,Cargills,Online Transfer,Jaffna,0
4642,2025-12-20,4025.39,Health,Pharmacy,Cash,Colombo,0
4643,2025-12-20,8126.26,Food,Cargills,Mobile Wallet,Galle,0
4644,2025-12-20,4956.62,Transport,Train,Online Transfer,Anuradhapura,0
4645,2025-12-21,8375.56,Bills,Electricity,Online Transfer,Colombo,0
4646,2025-12-21,7943.7,Bills,Mobile,Online Transfer,Jaffna,0
4647,2025-12-21,4011.49,Transport,Bus,Mobile Wallet,Kurunegala,0
4648,2025-12-21,4776.67,Transport,PickMe,Online Transfer,Colombo,0
4649,2025-12-21,6604.32,Transport,Uber,Cash,Kurunegala,0
4650,2025-12-21,5154.92,Transport,Train,Cash,Kandy,0
4651,2025-12-21,3259.14,Transport,Fuel Station,Mobile Wallet,Jaffna,0
4652,2025-12-22,1989.78,Education,University,Card,Galle,0
4653,2025-12-22,10751.04,Food,KFC,Online Transfer,Anuradhapura,0
4654,2025-12-22,3463.22,Shopping,Supermarket,Card,Galle,0
4655,2025-12-23,1876.09,Health,Pharmacy,Card,Galle,0
4656,2025-12-23,7766.48,Food,KFC,Mobile Wallet,Colombo,0
4657,2025-12-23,3955.97,Education,Book Shop,Cash,Colombo,0
4658,2025-12-24,3212.38,Bills,Internet,Mobile Wallet,Galle,0
4659,2025-12-24,5699.77,Shopping,Fashion Store,Cash,Kandy,0
4660,2025-12-24,6306.31,Food,Cargills,Cash,Jaffna,0
4661,2025-12-24,7102.85,Bills,Electricity,Cash,Galle,0
4662,2025-12-24,2936.23,Shopping,Electronics Store,Mobile Wallet,Colombo,0
4663,2025-12-24,7089.94,Food,Keells,Mobile Wallet,Colombo,0
4664,2025-12-25,8043.12,Food,KFC,Cash,Kurunegala,0
4665,2025-12-25,2644.55,Health,Medical Centre,Card,Jaffna,0
4666,2025-12-25,8042.86,Food,Pizza Hut,Mobile Wallet,Jaffna,0
4667,2025-12-25,10526.56,Food,KFC,Mobile Wallet,Galle,0
4668,2025-12-25,5404.1,Shopping,Supermarket,Mobile Wallet,Galle,0
4669,2025-12-26,3096.6,Education,Online Course,Online Transfer,Kurunegala,0
4670,2025-12-26,7374.44,Food,KFC,Online Transfer,Jaffna,0
4671,2025-12-26,3957.99,Transport,Train,Card,Anuradhapura,0
4672,2025-12-26,9134.93,Food,Keells,Online Transfer,Kurunegala,0
4673,2025-12-26,2483.19,Education,University,Cash,Galle,0
4674,2025-12-27,5001.53,Bills,Electricity,Online Transfer,Kurunegala,0
4675,2025-12-27,2101.71,Health,Medical Centre,Cash,Jaffna,0
4676,2025-12-27,9137.71,Food,Restaurant,Online Transfer,Kandy,0
4677,2025-12-27,3970.12,Shopping,Daraz,Cash,Kandy,0
4678,2025-12-27,2590.38,Entertainment,Netflix,Cash,Kandy,0
4679,2025-12-28,10965.36,Bills,Electricity,Mobile Wallet,Anuradhapura,1
4680,2025-12-28,2204.22,Entertainment,Cinema,Cash,Anuradhapura,0
4681,2025-12-28,6721.14,Food,KFC,Mobile Wallet,Anuradhapura,0
4682,2025-12-29,7404.73,Bills,Mobile,Cash,Colombo,0
4683,2025-12-29,6682.88,Bills,Water,Online Transfer,Kandy,0
4684,2025-12-29,5946.97,Shopping,Electronics Store,Online Transfer,Kurunegala,0
4685,2025-12-29,1651.64,Entertainment,Cinema,Mobile Wallet,Galle,0
4686,2025-12-29,3550.67,Education,Book Shop,Cash,Kandy,0
4687,2025-12-30,8157.48,Bills,Water,Card,Galle,0
4688,2025-12-30,8120.81,Transport,Uber,Card,Colombo,0
4689,2025-12-30,7137.0,Transport,PickMe,Cash,Kurunegala,0
4690,2025-12-30,3202.74,Transport,Bus,Card,Jaffna,0
4691,2025-12-31,5560.62,Bills,Mobile,Mobile Wallet,Colombo,0
4692,2025-12-31,2773.39,Entertainment,Netflix,Online Transfer,Jaffna,0
4693,2025-12-31,5086.31,Shopping,Electronics Store,Online Transfer,Colombo,0
4694,2025-12-31,7805.88,Bills,Mobile,Cash,Colombo,0
4695,2025-12-31,5171.72,Education,University,Online Transfer,Kandy,0
4696,2025-12-31,6642.42,Bills,Water,Cash,Galle,0
4697,2026-01-01,1778.94,Health,Hospital,Card,Galle,0
4698,2026-01-01,11720.38,Food,Keells,Cash,Jaffna,0
4699,2026-01-01,10541.82,Bills,Water,Card,Kandy,0
4700,2026-01-01,2467.19,Health,Pharmacy,Online Transfer,Kandy,1
4701,2026-01-01,2704.82,Health,Pharmacy,Cash,Galle,0
4702,2026-01-01,4579.36,Transport,Bus,Online Transfer,Jaffna,0
4703,2026-01-01,6734.55,Transport,Uber,Online Transfer,Jaffna,0
4704,2026-01-02,10355.49,Food,Restaurant,Mobile Wallet,Anuradhapura,0
4705,2026-01-02,8562.41,Food,Pizza Hut,Mobile Wallet,Kandy,0
4706,2026-01-02,2795.2,Education,Book Shop,Mobile Wallet,Colombo,0
4707,2026-01-02,2275.06,Entertainment,Gaming,Card,Kandy,0
4708,2026-01-02,3108.48,Entertainment,Gaming,Cash,Jaffna,0
4709,2026-01-03,7532.96,Bills,Mobile,Cash,Anuradhapura,0
4710,2026-01-03,2303.3,Entertainment,Spotify,Card,Galle,0
4711,2026-01-04,11033.93,Food,Keells,Cash,Kurunegala,0
4712,2026-01-04,4500.0,Bills,Internet,Online Transfer,Colombo,0
4713,2026-01-04,16203.92,Bills,Internet,Card,Anuradhapura,0
4714,2026-01-05,5010.35,Bills,Electricity,Mobile Wallet,Jaffna,0
4715,2026-01-05,6806.13,Bills,Internet,Online Transfer,Colombo,0
4716,2026-01-05,3511.59,Education,University,Card,Kandy,0
4717,2026-01-05,3172.1,Education,Book Shop,Cash,Colombo,0
4718,2026-01-05,1426.76,Health,Hospital,Card,Colombo,0
4719,2026-01-05,12529.58,Bills,Water,Online Transfer,Jaffna,0
4720,2026-01-05,3614.91,Education,University,Cash,Anuradhapura,0
4721,2026-01-05,8763.11,Food,Pizza Hut,Cash,Jaffna,0
4722,2026-01-06,6650.43,Bills,Electricity,Cash,Jaffna,0
4723,2026-01-06,1539.31,Health,Hospital,Cash,Galle,0
4724,2026-01-07,3452.55,Education,University,Online Transfer,Colombo,0
4725,2026-01-07,6207.57,Shopping,Fashion Store,Card,Jaffna,0
4726,2026-01-07,10274.29,Bills,Mobile,Cash,Kurunegala,0
4727,2026-01-07,4546.88,Shopping,Electronics Store,Cash,Kurunegala,0
4728,2026-01-07,6324.25,Shopping,Daraz,Card,Jaffna,0
4729,2026-01-08,3175.51,Entertainment,Netflix,Cash,Galle,0
4730,2026-01-08,4477.38,Education,Online Course,Online Transfer,Kandy,0
4731,2026-01-08,9729.4,Food,Keells,Online Transfer,Kandy,0
4732,2026-01-08,5734.53,Bills,Water,Mobile Wallet,Jaffna,0
4733,2026-01-08,4180.23,Transport,PickMe,Cash,Kandy,1
4734,2026-01-08,6173.31,Transport,Uber,Cash,Kurunegala,0
4735,2026-01-08,2046.03,Health,Pharmacy,Card,Kurunegala,0
4736,2026-01-09,3098.68,Education,University,Mobile Wallet,Kurunegala,0
4737,2026-01-09,8115.59,Food,Pizza Hut,Card,Jaffna,0
4738,2026-01-09,4137.64,Education,University,Card,Anuradhapura,0
4739,2026-01-10,8304.65,Food,Restaurant,Online Transfer,Jaffna,0
4740,2026-01-10,9038.28,Food,Restaurant,Card,Colombo,0
4741,2026-01-11,3000.0,Entertainment,Netflix,Card,Colombo,0
4742,2026-01-11,9077.7,Bills,Mobile,Card,Colombo,0
4743,2026-01-11,4189.64,Entertainment,Netflix,Cash,Anuradhapura,0
4744,2026-01-11,6799.32,Bills,Water,Cash,Kandy,0
4745,2026-01-12,5429.98,Bills,Mobile,Mobile Wallet,Galle,0
4746,2026-01-12,10051.07,Food,Pizza Hut,Card,Colombo,0
4747,2026-01-12,5161.87,Bills,Internet,Online Transfer,Kurunegala,0
4748,2026-01-12,5919.47,Bills,Internet,Mobile Wallet,Galle,0
4749,2026-01-12,2770.86,Entertainment,Netflix,Card,Kurunegala,0
4750,2026-01-13,5889.8,Food,Restaurant,Mobile Wallet,Colombo,0
4751,2026-01-13,2468.8,Health,Medical Centre,Cash,Colombo,0
4752,2026-01-13,8437.42,Bills,Water,Card,Kandy,0
4753,2026-01-14,7734.71,Bills,Electricity,Online Transfer,Galle,0
4754,2026-01-14,5159.77,Bills,Electricity,Mobile Wallet,Galle,0
4755,2026-01-14,15985.16,Food,Cargills,Cash,Kandy,0
4756,2026-01-15,6708.97,Bills,Mobile,Cash,Anuradhapura,0
4757,2026-01-15,5855.16,Education,Book Shop,Online Transfer,Colombo,0
4758,2026-01-16,3653.23,Education,Online Course,Cash,Jaffna,0
4759,2026-01-16,15523.29,Food,KFC,Cash,Colombo,0
4760,2026-01-17,14239.25,Food,KFC,Cash,Anuradhapura,0
4761,2026-01-17,10481.04,Food,Pizza Hut,Online Transfer,Jaffna,0
4762,2026-01-17,12982.67,Food,Keells,Mobile Wallet,Anuradhapura,0
4763,2026-01-17,3158.07,Education,Online Course,Mobile Wallet,Galle,0
4764,2026-01-17,13107.2,Bills,Water,Mobile Wallet,Anuradhapura,0
4765,2026-01-18,6364.63,Shopping,Supermarket,Card,Kandy,0
4766,2026-01-18,4121.31,Education,Online Course,Card,Galle,0
4767,2026-01-18,8299.55,Bills,Electricity,Online Transfer,Colombo,0
4768,2026-01-19,12830.91,Food,Restaurant,Cash,Galle,0
4769,2026-01-19,7075.52,Shopping,Supermarket,Online Transfer,Anuradhapura,0
4770,2026-01-19,9082.21,Food,Keells,Card,Jaffna,0
4771,2026-01-20,7939.5,Bills,Electricity,Card,Kurunegala,0
4772,2026-01-20,7540.71,Bills,Internet,Card,Anuradhapura,0
4773,2026-01-20,2842.61,Entertainment,Netflix,Online Transfer,Colombo,0
4774,2026-01-20,4371.73,Shopping,Fashion Store,Card,Kurunegala,0
4775,2026-01-21,7288.65,Shopping,Fashion Store,Mobile Wallet,Jaffna,0
4776,2026-01-21,12908.67,Food,KFC,Online Transfer,Kandy,0
4777,2026-01-21,5537.12,Transport,Uber,Cash,Colombo,0
4778,2026-01-21,7461.43,Food,Pizza Hut,Card,Anuradhapura,0
4779,2026-01-22,7110.48,Shopping,Supermarket,Cash,Galle,0
4780,2026-01-23,7320.57,Bills,Electricity,Online Transfer,Galle,0
4781,2026-01-23,7506.48,Bills,Electricity,Cash,Kandy,0
4782,2026-01-23,10458.88,Bills,Mobile,Card,Anuradhapura,0
4783,2026-01-23,10782.46,Food,KFC,Online Transfer,Colombo,0
4784,2026-01-23,5678.61,Shopping,Supermarket,Card,Galle,0
4785,2026-01-23,6454.12,Transport,PickMe,Card,Kurunegala,0
4786,2026-01-24,6350.09,Food,Pizza Hut,Mobile Wallet,Galle,0
4787,2026-01-24,2785.56,Entertainment,Spotify,Online Transfer,Anuradhapura,0
4788,2026-01-24,2440.96,Entertainment,Spotify,Card,Jaffna,0
4789,2026-01-24,4110.6,Entertainment,Cinema,Card,Colombo,0
4790,2026-01-25,2830.85,Entertainment,Gaming,Card,Colombo,0
4791,2026-01-25,3162.41,Education,Book Shop,Card,Anuradhapura,0
4792,2026-01-25,8729.83,Transport,Fuel Station,Card,Colombo,0
4793,2026-01-25,5077.72,Bills,Internet,Online Transfer,Colombo,0
4794,2026-01-25,4932.76,Transport,Train,Mobile Wallet,Jaffna,0
4795,2026-01-25,3447.29,Transport,Train,Card,Anuradhapura,0
4796,2026-01-25,7297.06,Shopping,Daraz,Card,Galle,0
4797,2026-01-26,2042.77,Education,Book Shop,Online Transfer,Jaffna,0
4798,2026-01-26,2163.38,Health,Hospital,Cash,Kurunegala,0
4799,2026-01-26,8721.72,Bills,Internet,Cash,Jaffna,0
4800,2026-01-26,7695.0,Food,KFC,Card,Jaffna,0
4801,2026-01-26,4613.49,Bills,Water,Online Transfer,Kandy,0
4802,2026-01-27,7527.68,Bills,Electricity,Mobile Wallet,Kandy,0
4803,2026-01-27,3781.87,Transport,Bus,Mobile Wallet,Jaffna,0
4804,2026-01-28,8774.27,Food,KFC,Mobile Wallet,Colombo,0
4805,2026-01-28,6921.56,Transport,Train,Online Transfer,Kandy,0
4806,2026-01-28,7495.49,Food,KFC,Online Transfer,Galle,0
4807,2026-01-28,2763.98,Education,Online Course,Cash,Anuradhapura,0
4808,2026-01-28,6155.92,Bills,Mobile,Card,Anuradhapura,0
4809,2026-01-28,4753.24,Transport,Uber,Mobile Wallet,Galle,0
4810,2026-01-29,4779.1,Food,Keells,Cash,Anuradhapura,0
4811,2026-01-29,3789.27,Transport,PickMe,Online Transfer,Anuradhapura,0
4812,2026-01-29,9764.29,Food,Restaurant,Cash,Jaffna,0
4813,2026-01-29,7655.1,Bills,Electricity,Online Transfer,Kurunegala,0
4814,2026-01-29,7502.15,Food,Cargills,Mobile Wallet,Galle,0
4815,2026-01-30,6235.63,Bills,Water,Card,Anuradhapura,0
4816,2026-01-30,4859.39,Transport,Uber,Mobile Wallet,Anuradhapura,0
4817,2026-01-31,5539.1,Transport,Uber,Card,Anuradhapura,0
4818,2026-01-31,6059.77,Food,Pizza Hut,Card,Jaffna,0
4819,2026-01-31,7702.04,Food,Keells,Mobile Wallet,Jaffna,0
4820,2026-02-01,7556.94,Bills,Water,Cash,Galle,0
4821,2026-02-01,4500.0,Bills,Internet,Online Transfer,Colombo,0
4822,2026-02-01,4832.35,Shopping,Daraz,Cash,Galle,0
4823,2026-02-01,3252.5,Health,Hospital,Online Transfer,Galle,0
4824,2026-02-01,5499.42,Shopping,Daraz,Cash,Kandy,0
4825,2026-02-02,2713.75,Entertainment,Cinema,Online Transfer,Colombo,0
4826,2026-02-02,3512.58,Transport,PickMe,Cash,Kandy,0
4827,2026-02-03,5075.52,Shopping,Supermarket,Cash,Galle,0
4828,2026-02-03,7797.71,Food,Keells,Cash,Jaffna,0
4829,2026-02-03,9191.64,Food,Restaurant,Mobile Wallet,Jaffna,0
4830,2026-02-04,5741.55,Bills,Water,Mobile Wallet,Colombo,0
4831,2026-02-04,8233.92,Food,Keells,Cash,Kurunegala,0
4832,2026-02-04,7079.29,Bills,Water,Mobile Wallet,Kurunegala,0
4833,2026-02-04,6730.25,Bills,Internet,Online Transfer,Anuradhapura,0
4834,2026-02-04,3269.17,Education,Book Shop,Mobile Wallet,Kandy,0
4835,2026-02-05,4825.26,Shopping,Fashion Store,Online Transfer,Kandy,0
4836,2026-02-05,6865.57,Food,Pizza Hut,Mobile Wallet,Colombo,0
4837,2026-02-05,5599.23,Food,Keells,Mobile Wallet,Kandy,0
4838,2026-02-05,8160.47,Bills,Electricity,Mobile Wallet,Anuradhapura,0
4839,2026-02-06,6358.63,Food,Cargills,Card,Jaffna,0
4840,2026-02-06,3533.4,Shopping,Supermarket,Mobile Wallet,Jaffna,0
4841,2026-02-06,2064.95,Health,Pharmacy,Mobile Wallet,Kandy,0
4842,2026-02-07,10181.96,Food,Cargills,Cash,Kandy,0
4843,2026-02-07,10227.05,Food,Restaurant,Card,Anuradhapura,0
4844,2026-02-07,16946.17,Food,KFC,Cash,Kandy,0
4845,2026-02-07,6942.79,Food,Cargills,Online Transfer,Jaffna,0
4846,2026-02-07,10917.8,Bills,Mobile,Cash,Anuradhapura,0
4847,2026-02-08,5883.93,Transport,Uber,Card,Kandy,0
4848,2026-02-08,3216.7,Education,Book Shop,Mobile Wallet,Jaffna,0
4849,2026-02-08,3000.0,Entertainment,Netflix,Card,Colombo,0
4850,2026-02-08,8855.97,Food,Cargills,Mobile Wallet,Anuradhapura,0
4851,2026-02-08,5932.91,Bills,Mobile,Card,Jaffna,0
4852,2026-02-08,8138.02,Food,KFC,Online Transfer,Jaffna,0
4853,2026-02-09,7793.26,Shopping,Fashion Store,Card,Galle,0
4854,2026-02-09,2970.55,Shopping,Fashion Store,Cash,Galle,0
4855,2026-02-09,3718.78,Shopping,Electronics Store,Mobile Wallet,Anuradhapura,0
4856,2026-02-10,2835.87,Entertainment,Netflix,Cash,Galle,0
4857,2026-02-10,7058.42,Bills,Water,Online Transfer,Kurunegala,0
4858,2026-02-10,3550.12,Shopping,Electronics Store,Cash,Galle,0
4859,2026-02-10,7610.03,Food,Restaurant,Mobile Wallet,Galle,0
4860,2026-02-10,7326.97,Food,Pizza Hut,Cash,Kandy,0
4861,2026-02-11,5022.0,Shopping,Electronics Store,Cash,Jaffna,0
4862,2026-02-11,1746.13,Health,Hospital,Mobile Wallet,Colombo,0
4863,2026-02-11,1783.61,Health,Hospital,Mobile Wallet,Kurunegala,0
4864,2026-02-11,3363.36,Education,University,Mobile Wallet,Colombo,0
4865,2026-02-11,3865.16,Transport,Train,Online Transfer,Kurunegala,0
4866,2026-02-11,5579.73,Bills,Electricity,Mobile Wallet,Galle,0
4867,2026-02-12,3565.3,Shopping,Fashion Store,Cash,Colombo,0
4868,2026-02-12,9521.95,Food,Restaurant,Card,Colombo,0
4869,2026-02-12,6641.01,Food,Cargills,Mobile Wallet,Anuradhapura,0
4870,2026-02-12,6184.47,Food,Pizza Hut,Mobile Wallet,Kandy,0
4871,2026-02-13,6631.71,Bills,Internet,Card,Anuradhapura,0
4872,2026-02-13,6489.23,Bills,Internet,Mobile Wallet,Colombo,0
4873,2026-02-13,7976.69,Food,Cargills,Cash,Colombo,0
4874,2026-02-13,2952.6,Entertainment,Spotify,Mobile Wallet,Anuradhapura,0
4875,2026-02-13,2851.28,Education,Book Shop,Cash,Anuradhapura,0
4876,2026-02-14,7919.86,Food,Cargills,Cash,Jaffna,0
4877,2026-02-14,6595.23,Bills,Mobile,Mobile Wallet,Kurunegala,0
4878,2026-02-14,5336.99,Transport,Bus,Mobile Wallet,Kandy,0
4879,2026-02-14,8190.38,Food,Keells,Online Transfer,Kurunegala,0
4880,2026-02-15,3209.67,Entertainment,Gaming,Mobile Wallet,Kurunegala,0
4881,2026-02-15,4758.22,Bills,Mobile,Cash,Jaffna,0
4882,2026-02-15,9509.09,Bills,Electricity,Online Transfer,Colombo,0
4883,2026-02-15,5183.57,Education,Online Course,Mobile Wallet,Kurunegala,0
4884,2026-02-15,2181.29,Health,Medical Centre,Online Transfer,Jaffna,0
4885,2026-02-15,7205.74,Bills,Water,Online Transfer,Kurunegala,0
4886,2026-02-16,5942.58,Shopping,Daraz,Cash,Kandy,0
4887,2026-02-16,5820.94,Food,Restaurant,Online Transfer,Galle,1
4888,2026-02-16,4008.81,Shopping,Supermarket,Online Transfer,Galle,0
4889,2026-02-16,9027.03,Bills,Electricity,Mobile Wallet,Kurunegala,0
4890,2026-02-16,5674.34,Food,Cargills,Mobile Wallet,Kandy,0
4891,2026-02-16,2971.81,Health,Pharmacy,Card,Anuradhapura,0
4892,2026-02-17,8966.5,Food,Pizza Hut,Card,Colombo,0
4893,2026-02-17,6619.32,Bills,Mobile,Card,Anuradhapura,0
4894,2026-02-17,4583.03,Shopping,Fashion Store,Online Transfer,Anuradhapura,0
4895,2026-02-17,5997.63,Shopping,Fashion Store,Card,Kandy,0
4896,2026-02-17,3304.07,Health,Hospital,Cash,Colombo,0
4897,2026-02-17,3616.25,Education,Book Shop,Card,Colombo,0
4898,2026-02-17,7816.51,Bills,Electricity,Mobile Wallet,Anuradhapura,0
4899,2026-02-18,3374.31,Education,Book Shop,Mobile Wallet,Anuradhapura,0
4900,2026-02-18,9758.79,Food,Cargills,Online Transfer,Colombo,0
4901,2026-02-18,10141.08,Food,Cargills,Online Transfer,Anuradhapura,0
4902,2026-02-19,7127.21,Bills,Internet,Online Transfer,Galle,0
4903,2026-02-19,4893.94,Transport,PickMe,Card,Jaffna,0
4904,2026-02-20,5278.97,Transport,PickMe,Card,Anuradhapura,0
4905,2026-02-21,2906.62,Education,Online Course,Cash,Jaffna,0
4906,2026-02-21,4521.47,Shopping,Fashion Store,Cash,Kandy,0
4907,2026-02-21,6018.62,Transport,Uber,Mobile Wallet,Colombo,0
4908,2026-02-21,7531.79,Food,Cargills,Cash,Jaffna,0
4909,2026-02-21,15674.5,Food,Keells,Cash,Anuradhapura,0
4910,2026-02-22,6316.42,Transport,PickMe,Mobile Wallet,Anuradhapura,0
4911,2026-02-22,6173.69,Entertainment,Netflix,Card,Kurunegala,0
4912,2026-02-23,4572.45,Shopping,Supermarket,Card,Kandy,0
4913,2026-02-23,3724.27,Shopping,Daraz,Card,Jaffna,0
4914,2026-02-23,3621.28,Education,Online Course,Cash,Anuradhapura,0
4915,2026-02-23,4353.06,Education,University,Online Transfer,Galle,0
4916,2026-02-23,3821.31,Entertainment,Spotify,Mobile Wallet,Colombo,0
4917,2026-02-23,3467.76,Education,Online Course,Mobile Wallet,Anuradhapura,0
4918,2026-02-24,11317.46,Food,Pizza Hut,Online Transfer,Colombo,0
4919,2026-02-24,8847.87,Food,Cargills,Online Transfer,Galle,0
4920,2026-02-24,3575.05,Entertainment,Spotify,Online Transfer,Kurunegala,0
4921,2026-02-24,10777.27,Food,Cargills,Online Transfer,Colombo,0
4922,2026-02-25,6069.69,Shopping,Supermarket,Cash,Kurunegala,0
4923,2026-02-25,12413.18,Food,KFC,Online Transfer,Kandy,0
4924,2026-02-25,6002.03,Transport,Fuel Station,Cash,Anuradhapura,0
4925,2026-02-26,7253.64,Bills,Water,Cash,Anuradhapura,0
4926,2026-02-26,2718.51,Entertainment,Cinema,Cash,Galle,1
4927,2026-02-26,6134.2,Transport,Bus,Card,Kandy,0
4928,2026-02-26,8402.16,Food,KFC,Mobile Wallet,Jaffna,0
4929,2026-02-27,5655.86,Transport,Train,Card,Jaffna,0
4930,2026-02-27,15182.34,Food,KFC,Card,Galle,0
4931,2026-02-27,7896.94,Transport,Uber,Online Transfer,Colombo,0
4932,2026-02-27,5095.77,Education,University,Cash,Kurunegala,0
4933,2026-02-27,5207.1,Transport,Uber,Card,Galle,0
4934,2026-02-28,4873.67,Shopping,Supermarket,Online Transfer,Kandy,0
4935,2026-02-28,10464.28,Bills,Water,Online Transfer,Kandy,0
4936,2026-02-28,3443.2,Education,Book Shop,Cash,Anuradhapura,0
4937,2026-03-01,6839.91,Shopping,Supermarket,Online Transfer,Colombo,0
4938,2026-03-01,4500.0,Bills,Internet,Online Transfer,Colombo,0
4939,2026-03-01,8410.54,Shopping,Electronics Store,Cash,Jaffna,0
4940,2026-03-01,2880.74,Entertainment,Cinema,Mobile Wallet,Colombo,0
4941,2026-03-01,9689.82,Food,Cargills,Online Transfer,Colombo,0
4942,2026-03-02,3017.0,Entertainment,Gaming,Online Transfer,Galle,0
4943,2026-03-02,2806.42,Health,Hospital,Mobile Wallet,Kurunegala,0
4944,2026-03-02,5791.46,Transport,Fuel Station,Mobile Wallet,Kurunegala,0
4945,2026-03-03,4859.0,Transport,Train,Online Transfer,Kandy,0
4946,2026-03-03,4967.94,Shopping,Electronics Store,Mobile Wallet,Colombo,0
4947,2026-03-03,3141.92,Health,Medical Centre,Cash,Anuradhapura,0
4948,2026-03-03,10383.79,Shopping,Electronics Store,Mobile Wallet,Anuradhapura,0
4949,2026-03-03,5530.57,Shopping,Supermarket,Card,Kandy,0
4950,2026-03-04,5970.32,Bills,Electricity,Cash,Jaffna,0
4951,2026-03-04,2002.18,Health,Hospital,Mobile Wallet,Kandy,0
4952,2026-03-04,4383.54,Transport,Bus,Mobile Wallet,Kurunegala,0
4953,2026-03-04,4674.37,Shopping,Fashion Store,Online Transfer,Jaffna,0
4954,2026-03-04,2342.96,Education,University,Card,Jaffna,0
4955,2026-03-04,2634.43,Education,Book Shop,Online Transfer,Jaffna,0
4956,2026-03-05,3693.57,Shopping,Supermarket,Mobile Wallet,Colombo,0
4957,2026-03-06,8474.21,Bills,Internet,Card,Anuradhapura,0
4958,2026-03-06,10243.2,Food,Pizza Hut,Cash,Anuradhapura,0
4959,2026-03-06,4391.1,Transport,Train,Mobile Wallet,Anuradhapura,0
4960,2026-03-06,5572.94,Education,Book Shop,Online Transfer,Anuradhapura,0
4961,2026-03-06,3811.41,Transport,Fuel Station,Cash,Kurunegala,0
4962,2026-03-07,8481.65,Food,Cargills,Online Transfer,Anuradhapura,0
4963,2026-03-07,7268.21,Food,Keells,Cash,Colombo,0
4964,2026-03-07,6340.13,Transport,Train,Card,Colombo,0
4965,2026-03-07,6890.27,Food,KFC,Card,Kurunegala,0
4966,2026-03-07,11278.25,Bills,Mobile,Mobile Wallet,Anuradhapura,1
4967,2026-03-07,5630.91,Shopping,Fashion Store,Online Transfer,Kurunegala,0
4968,2026-03-08,5621.02,Education,University,Cash,Anuradhapura,0
4969,2026-03-08,13435.79,Shopping,Supermarket,Online Transfer,Jaffna,0
4970,2026-03-08,6221.33,Entertainment,Netflix,Cash,Kurunegala,0
4971,2026-03-08,5212.26,Shopping,Electronics Store,Mobile Wallet,Anuradhapura,0
4972,2026-03-08,3000.0,Entertainment,Netflix,Card,Colombo,0
4973,2026-03-08,5733.31,Shopping,Daraz,Cash,Galle,0
4974,2026-03-09,5415.74,Shopping,Supermarket,Cash,Colombo,0
4975,2026-03-09,7995.09,Shopping,Electronics Store,Card,Jaffna,1
4976,2026-03-09,14622.78,Food,Cargills,Card,Jaffna,0
4977,2026-03-09,5693.59,Transport,Fuel Station,Online Transfer,Kandy,0
4978,2026-03-10,4496.22,Shopping,Daraz,Card,Jaffna,0
4979,2026-03-10,5875.93,Shopping,Daraz,Online Transfer,Kurunegala,0
4980,2026-03-10,7242.42,Shopping,Daraz,Mobile Wallet,Jaffna,0
4981,2026-03-11,5309.85,Transport,Train,Mobile Wallet,Galle,0
4982,2026-03-11,5116.84,Transport,Fuel Station,Online Transfer,Anuradhapura,0
4983,2026-03-11,4337.21,Transport,Uber,Card,Colombo,0
4984,2026-03-12,4197.69,Health,Pharmacy,Mobile Wallet,Galle,0
4985,2026-03-12,7774.46,Food,Restaurant,Mobile Wallet,Galle,0
4986,2026-03-13,5361.42,Transport,Train,Card,Kandy,0
4987,2026-03-13,9297.74,Bills,Internet,Online Transfer,Kandy,0
4988,2026-03-13,4157.77,Health,Pharmacy,Mobile Wallet,Galle,0
4989,2026-03-14,8179.66,Bills,Internet,Online Transfer,Jaffna,0
4990,2026-03-14,7809.27,Shopping,Supermarket,Mobile Wallet,Galle,0
4991,2026-03-14,9243.97,Shopping,Daraz,Cash,Colombo,0
4992,2026-03-14,8831.39,Food,Cargills,Cash,Jaffna,0
4993,2026-03-14,3338.92,Entertainment,Spotify,Mobile Wallet,Anuradhapura,0
4994,2026-03-15,6726.16,Food,Pizza Hut,Online Transfer,Galle,0
4995,2026-03-15,5691.1,Shopping,Supermarket,Card,Kurunegala,0
4996,2026-03-15,7273.72,Food,Cargills,Online Transfer,Colombo,0
4997,2026-03-15,8399.46,Bills,Electricity,Online Transfer,Colombo,0
4998,2026-03-15,2468.41,Education,Online Course,Cash,Galle,0
4999,2026-03-15,6969.81,Food,Restaurant,Mobile Wallet,Jaffna,0
5000,2026-03-16,7436.71,Food,Restaurant,Cash,Galle,0
5001,2026-03-16,2028.84,Health,Hospital,Card,Anuradhapura,0
5002,2026-03-16,6967.14,Shopping,Supermarket,Mobile Wallet,Galle,0
5003,2026-03-16,5215.98,Shopping,Supermarket,Cash,Kurunegala,0
5004,2026-03-16,5902.5,Shopping,Daraz,Card,Galle,0
5005,2026-03-17,5717.95,Shopping,Daraz,Online Transfer,Galle,0
5006,2026-03-17,3196.96,Education,Online Course,Cash,Jaffna,0
5007,2026-03-18,7991.17,Food,KFC,Mobile Wallet,Kandy,0
5008,2026-03-19,9101.97,Food,KFC,Online Transfer,Colombo,0
5009,2026-03-19,7390.65,Bills,Internet,Card,Galle,0
5010,2026-03-19,6674.71,Food,Keells,Online Transfer,Jaffna,0
5011,2026-03-19,5040.33,Shopping,Daraz,Cash,Anuradhapura,0
5012,2026-03-20,2311.93,Education,University,Mobile Wallet,Jaffna,0
5013,2026-03-20,11743.42,Food,Cargills,Card,Kurunegala,0
5014,2026-03-20,1518.93,Health,Pharmacy,Mobile Wallet,Kandy,0
5015,2026-03-20,4506.36,Shopping,Daraz,Card,Kurunegala,0
5016,2026-03-21,3355.49,Entertainment,Spotify,Online Transfer,Kandy,0
5017,2026-03-21,2328.51,Education,University,Online Transfer,Anuradhapura,0
5018,2026-03-21,6137.62,Shopping,Fashion Store,Card,Kurunegala,0
5019,2026-03-21,3297.87,Health,Medical Centre,Cash,Kurunegala,0
5020,2026-03-21,7139.02,Transport,Bus,Mobile Wallet,Galle,0
5021,2026-03-21,6563.05,Shopping,Supermarket,Card,Colombo,0
5022,2026-03-21,10070.78,Food,Keells,Card,Galle,0
5023,2026-03-22,9094.05,Bills,Mobile,Online Transfer,Kurunegala,1
5024,2026-03-22,6510.11,Bills,Internet,Cash,Kandy,0
5025,2026-03-22,2930.73,Entertainment,Spotify,Online Transfer,Colombo,0
5026,2026-03-23,6318.61,Transport,Uber,Online Transfer,Jaffna,0
5027,2026-03-23,8464.25,Food,Restaurant,Mobile Wallet,Colombo,0
5028,2026-03-23,6751.27,Bills,Water,Cash,Colombo,0
5029,2026-03-23,5426.78,Transport,PickMe,Online Transfer,Anuradhapura,0
5030,2026-03-23,8491.75,Food,KFC,Mobile Wallet,Kurunegala,0
5031,2026-03-23,5030.13,Bills,Electricity,Card,Jaffna,0
5032,2026-03-23,4404.48,Bills,Electricity,Mobile Wallet,Kurunegala,0
5033,2026-03-24,5314.23,Bills,Internet,Cash,Kurunegala,0
5034,2026-03-24,6493.34,Shopping,Supermarket,Mobile Wallet,Galle,0
5035,2026-03-25,4233.42,Transport,Uber,Online Transfer,Kandy,0
5036,2026-03-25,7530.42,Food,Restaurant,Cash,Anuradhapura,0
5037,2026-03-25,10932.13,Food,KFC,Cash,Kurunegala,0
5038,2026-03-26,4088.91,Transport,PickMe,Cash,Colombo,0
5039,2026-03-27,6120.88,Bills,Mobile,Online Transfer,Anuradhapura,0
5040,2026-03-27,5515.28,Shopping,Electronics Store,Mobile Wallet,Kandy,0
5041,2026-03-27,4761.36,Bills,Electricity,Cash,Colombo,0
5042,2026-03-27,3367.27,Education,University,Mobile Wallet,Anuradhapura,0
5043,2026-03-27,3204.93,Education,Online Course,Online Transfer,Kurunegala,0
5044,2026-03-27,4665.48,Shopping,Supermarket,Online Transfer,Jaffna,0
5045,2026-03-27,2807.5,Education,University,Mobile Wallet,Colombo,0
5046,2026-03-28,4290.81,Shopping,Electronics Store,Online Transfer,Colombo,0
5047,2026-03-28,7397.45,Bills,Water,Online Transfer,Colombo,0
5048,2026-03-28,2241.67,Education,University,Cash,Anuradhapura,0
5049,2026-03-28,4205.93,Shopping,Electronics Store,Card,Anuradhapura,0
5050,2026-03-28,3240.87,Education,University,Online Transfer,Galle,0
5051,2026-03-28,2836.79,Education,Book Shop,Cash,Jaffna,0
5052,2026-03-28,2275.49,Health,Medical Centre,Card,Kandy,0
5053,2026-03-28,8207.94,Food,Restaurant,Card,Kandy,0
5054,2026-03-29,5618.53,Transport,Bus,Mobile Wallet,Kandy,0
5055,2026-03-29,9729.42,Bills,Electricity,Card,Kurunegala,0
5056,2026-03-30,8115.2,Food,KFC,Card,Colombo,0
5057,2026-03-30,7451.2,Shopping,Daraz,Cash,Kurunegala,0
5058,2026-03-30,8160.92,Bills,Water,Online Transfer,Anuradhapura,0
5059,2026-03-30,8469.96,Transport,Train,Card,Kurunegala,0
5060,2026-03-30,9180.4,Food,KFC,Card,Colombo,0
5061,2026-03-31,5892.05,Bills,Electricity,Cash,Anuradhapura,0
5062,2026-03-31,7136.18,Food,Keells,Online Transfer,Kurunegala,0
5063,2026-03-31,3822.37,Education,Online Course,Online Transfer,Kurunegala,0
5064,2026-03-31,5109.05,Transport,Bus,Online Transfer,Anuradhapura,0
5065,2026-04-01,4507.62,Bills,Mobile,Cash,Kurunegala,0
5066,2026-04-02,3546.82,Transport,Uber,Mobile Wallet,Galle,0
5067,2026-04-02,3018.24,Entertainment,Gaming,Online Transfer,Kurunegala,0
5068,2026-04-02,5619.92,Transport,Train,Mobile Wallet,Anuradhapura,0
5069,2026-04-02,3873.81,Education,University,Card,Kandy,0
5070,2026-04-02,6936.39,Bills,Internet,Mobile Wallet,Galle,0
5071,2026-04-02,5925.44,Bills,Electricity,Mobile Wallet,Galle,0
5072,2026-04-02,6969.46,Shopping,Supermarket,Mobile Wallet,Kurunegala,0
5073,2026-04-03,6068.8,Food,Restaurant,Online Transfer,Galle,0
5074,2026-04-03,8071.2,Food,Keells,Online Transfer,Jaffna,0
5075,2026-04-03,6842.27,Bills,Electricity,Online Transfer,Kandy,0
5076,2026-04-03,4940.61,Bills,Mobile,Mobile Wallet,Jaffna,0
5077,2026-04-04,3529.56,Education,University,Cash,Colombo,0
5078,2026-04-04,3283.55,Education,University,Card,Kurunegala,0
5079,2026-04-04,7016.15,Shopping,Electronics Store,Online Transfer,Jaffna,0
5080,2026-04-04,4628.08,Bills,Internet,Card,Kandy,0
5081,2026-04-04,3571.97,Entertainment,Cinema,Card,Kurunegala,0
5082,2026-04-05,5911.54,Bills,Electricity,Cash,Galle,0
5083,2026-04-05,4500.0,Bills,Internet,Online Transfer,Colombo,0
5084,2026-04-05,14918.15,Food,KFC,Online Transfer,Anuradhapura,0
5085,2026-04-05,9847.78,Food,Pizza Hut,Mobile Wallet,Galle,0
5086,2026-04-05,2301.65,Health,Medical Centre,Cash,Kurunegala,0
5087,2026-04-05,4544.02,Bills,Mobile,Cash,Jaffna,0
5088,2026-04-05,11174.35,Shopping,Supermarket,Card,Kurunegala,0
5089,2026-04-06,3209.05,Education,Book Shop,Online Transfer,Kurunegala,0
5090,2026-04-06,10789.55,Bills,Internet,Card,Jaffna,0
5091,2026-04-06,6892.48,Food,Cargills,Online Transfer,Kurunegala,0
5092,2026-04-06,2484.59,Entertainment,Cinema,Mobile Wallet,Jaffna,0
5093,2026-04-07,2493.87,Education,University,Card,Colombo,0
5094,2026-04-07,8078.86,Bills,Mobile,Mobile Wallet,Anuradhapura,0
5095,2026-04-07,6722.34,Bills,Mobile,Card,Kandy,0
5096,2026-04-07,6544.2,Shopping,Supermarket,Online Transfer,Galle,0
5097,2026-04-08,5166.15,Food,Keells,Mobile Wallet,Jaffna,0
5098,2026-04-08,5663.74,Shopping,Electronics Store,Online Transfer,Galle,0
5099,2026-04-08,3569.15,Health,Pharmacy,Cash,Colombo,0
5100,2026-04-08,3900.03,Transport,Train,Online Transfer,Galle,0
5101,2026-04-08,3726.72,Transport,Fuel Station,Card,Kurunegala,0
5102,2026-04-09,9301.73,Food,KFC,Online Transfer,Colombo,0
5103,2026-04-09,7528.37,Bills,Water,Online Transfer,Kandy,0
5104,2026-04-09,3558.27,Health,Pharmacy,Cash,Kandy,0
5105,2026-04-09,3987.24,Transport,PickMe,Online Transfer,Jaffna,0
5106,2026-04-10,5778.54,Bills,Water,Online Transfer,Anuradhapura,0
5107,2026-04-10,7886.9,Food,KFC,Card,Jaffna,0
5108,2026-04-10,2955.61,Health,Hospital,Card,Jaffna,0
5109,2026-04-11,3383.99,Health,Medical Centre,Card,Kurunegala,0
5110,2026-04-11,3382.29,Education,Online Course,Cash,Colombo,0
5111,2026-04-11,9626.11,Food,KFC,Card,Jaffna,0
5112,2026-04-12,10292.71,Food,Pizza Hut,Cash,Galle,0
5113,2026-04-12,13285.41,Food,Keells,Cash,Colombo,0
5114,2026-04-12,3000.0,Entertainment,Netflix,Card,Colombo,0
5115,2026-04-13,11128.15,Bills,Water,Cash,Kurunegala,0
5116,2026-04-13,8499.87,Shopping,Fashion Store,Online Transfer,Jaffna,0
5117,2026-04-13,5920.54,Shopping,Electronics Store,Online Transfer,Galle,0
5118,2026-04-13,5518.59,Transport,Fuel Station,Online Transfer,Anuradhapura,0
5119,2026-04-14,6943.75,Food,KFC,Online Transfer,Colombo,0
5120,2026-04-14,4655.84,Transport,Fuel Station,Mobile Wallet,Kandy,0
5121,2026-04-14,4854.79,Entertainment,Spotify,Card,Kandy,0
5122,2026-04-14,6486.26,Shopping,Supermarket,Cash,Anuradhapura,0
5123,2026-04-14,11641.84,Food,Pizza Hut,Online Transfer,Jaffna,0
5124,2026-04-14,4253.82,Transport,Train,Mobile Wallet,Jaffna,0
5125,2026-04-15,8273.65,Bills,Mobile,Card,Galle,0
5126,2026-04-15,6779.56,Bills,Electricity,Cash,Jaffna,0
5127,2026-04-15,9983.55,Food,Pizza Hut,Cash,Kandy,0
5128,2026-04-16,7249.36,Transport,PickMe,Mobile Wallet,Jaffna,0
5129,2026-04-16,7520.57,Bills,Internet,Cash,Kandy,0
5130,2026-04-16,8021.74,Shopping,Electronics Store,Cash,Galle,0
5131,2026-04-17,4559.03,Education,Online Course,Online Transfer,Colombo,0
5132,2026-04-17,5467.41,Education,Book Shop,Online Transfer,Colombo,0
5133,2026-04-17,3382.45,Education,Online Course,Mobile Wallet,Jaffna,0
5134,2026-04-18,3115.83,Health,Hospital,Online Transfer,Kandy,0
5135,2026-04-18,11237.33,Bills,Internet,Mobile Wallet,Kandy,0
5136,2026-04-18,3447.77,Entertainment,Gaming,Online Transfer,Kurunegala,0
5137,2026-04-18,13004.4,Bills,Internet,Mobile Wallet,Anuradhapura,0
5138,2026-04-19,4133.38,Education,Book Shop,Card,Anuradhapura,0
5139,2026-04-19,10492.08,Food,Restaurant,Mobile Wallet,Anuradhapura,0
5140,2026-04-19,3169.7,Entertainment,Cinema,Card,Colombo,0
5141,2026-04-19,8066.95,Bills,Electricity,Online Transfer,Colombo,0
5142,2026-04-19,9466.12,Bills,Water,Mobile Wallet,Jaffna,0
5143,2026-04-20,7633.31,Bills,Internet,Mobile Wallet,Galle,0
5144,2026-04-20,2877.22,Entertainment,Cinema,Card,Jaffna,0
5145,2026-04-20,3508.6,Entertainment,Gaming,Cash,Kurunegala,0
5146,2026-04-20,2668.84,Health,Hospital,Mobile Wallet,Anuradhapura,0
5147,2026-04-20,9493.46,Food,Cargills,Cash,Galle,0
5148,2026-04-20,4426.44,Education,Online Course,Cash,Kandy,0
5149,2026-04-20,8491.47,Shopping,Fashion Store,Online Transfer,Colombo,0
5150,2026-04-20,6383.31,Shopping,Supermarket,Online Transfer,Anuradhapura,0
5151,2026-04-20,6522.88,Shopping,Supermarket,Card,Jaffna,0
5152,2026-04-21,4080.97,Education,University,Cash,Kandy,0
5153,2026-04-21,17304.28,Food,KFC,Online Transfer,Galle,0
5154,2026-04-21,2539.67,Entertainment,Gaming,Online Transfer,Anuradhapura,0
5155,2026-04-22,7862.14,Shopping,Daraz,Mobile Wallet,Colombo,0
5156,2026-04-22,2946.07,Health,Hospital,Mobile Wallet,Galle,0
5157,2026-04-23,9138.83,Bills,Mobile,Mobile Wallet,Colombo,0
5158,2026-04-23,7495.14,Bills,Water,Mobile Wallet,Jaffna,0
5159,2026-04-24,7268.44,Shopping,Electronics Store,Online Transfer,Anuradhapura,0
5160,2026-04-25,8705.57,Shopping,Fashion Store,Online Transfer,Kurunegala,0
5161,2026-04-25,4844.93,Entertainment,Spotify,Mobile Wallet,Jaffna,0
5162,2026-04-25,16149.18,Food,KFC,Card,Anuradhapura,0
5163,2026-04-25,2466.86,Entertainment,Cinema,Card,Jaffna,0
5164,2026-04-25,11412.53,Bills,Electricity,Cash,Jaffna,0
5165,2026-04-26,3914.06,Shopping,Supermarket,Mobile Wallet,Anuradhapura,0
5166,2026-04-26,8303.47,Food,Keells,Online Transfer,Anuradhapura,0
5167,2026-04-26,5068.11,Transport,Bus,Online Transfer,Kandy,0
5168,2026-04-26,5680.24,Education,Book Shop,Card,Jaffna,0
5169,2026-04-26,8377.05,Shopping,Fashion Store,Card,Colombo,0
5170,2026-04-26,5263.08,Education,University,Cash,Jaffna,0
5171,2026-04-26,2290.17,Entertainment,Gaming,Mobile Wallet,Anuradhapura,0
5172,2026-04-27,3022.77,Entertainment,Gaming,Card,Kurunegala,0
5173,2026-04-27,6508.75,Food,Pizza Hut,Cash,Kandy,1
5174,2026-04-27,5296.63,Shopping,Fashion Store,Online Transfer,Galle,0
5175,2026-04-28,7577.06,Food,Cargills,Cash,Kurunegala,0
5176,2026-04-28,7913.0,Food,Cargills,Online Transfer,Anuradhapura,0
5177,2026-04-28,7311.04,Bills,Electricity,Mobile Wallet,Anuradhapura,0
5178,2026-04-28,5124.53,Shopping,Daraz,Cash,Jaffna,0
5179,2026-04-29,5870.08,Bills,Mobile,Cash,Kurunegala,0
5180,2026-04-29,8010.85,Food,Pizza Hut,Card,Anuradhapura,0
5181,2026-04-29,8229.39,Food,Cargills,Online Transfer,Kandy,0
5182,2026-04-29,3403.27,Education,Book Shop,Cash,Galle,0
5183,2026-04-29,10959.27,Food,Pizza Hut,Online Transfer,Jaffna,0
5184,2026-04-30,6765.9,Transport,Bus,Card,Colombo,0
5185,2026-04-30,6835.18,Bills,Electricity,Card,Kurunegala,0
5186,2026-04-30,12541.42,Food,Keells,Online Transfer,Kurunegala,0
5187,2026-05-01,4921.06,Shopping,Daraz,Mobile Wallet,Galle,0
5188,2026-05-01,3543.35,Education,University,Mobile Wallet,Anuradhapura,0
5189,2026-05-01,9240.16,Food,Cargills,Cash,Jaffna,0
5190,2026-05-02,8219.9,Food,KFC,Card,Kurunegala,0
5191,2026-05-02,7691.47,Food,Cargills,Mobile Wallet,Galle,0
5192,2026-05-02,6561.53,Shopping,Electronics Store,Cash,Anuradhapura,0
5193,2026-05-02,5288.03,Shopping,Daraz,Mobile Wallet,Kandy,0
5194,2026-05-02,4536.53,Bills,Mobile,Online Transfer,Kurunegala,0
5195,2026-05-03,9344.89,Food,KFC,Mobile Wallet,Kurunegala,0
5196,2026-05-03,5542.84,Shopping,Supermarket,Cash,Kandy,0
5197,2026-05-03,4500.0,Bills,Internet,Online Transfer,Colombo,0
5198,2026-05-03,6275.25,Shopping,Daraz,Cash,Colombo,0
5199,2026-05-04,3539.83,Health,Hospital,Cash,Jaffna,0
5200,2026-05-04,4506.16,Transport,Train,Mobile Wallet,Kandy,0
5201,2026-05-05,4924.45,Transport,Train,Cash,Kurunegala,0
5202,2026-05-05,14265.45,Food,Restaurant,Mobile Wallet,Anuradhapura,1
5203,2026-05-05,2938.07,Shopping,Electronics Store,Cash,Galle,0
5204,2026-05-05,4588.68,Transport,Fuel Station,Mobile Wallet,Anuradhapura,0
5205,2026-05-05,3910.03,Shopping,Daraz,Card,Kurunegala,0
5206,2026-05-05,5533.63,Education,University,Mobile Wallet,Colombo,0
5207,2026-05-05,1679.85,Health,Hospital,Online Transfer,Jaffna,0
5208,2026-05-05,1725.11,Health,Hospital,Cash,Colombo,0
5209,2026-05-06,7014.1,Bills,Electricity,Card,Kurunegala,0
5210,2026-05-06,10168.6,Food,Restaurant,Mobile Wallet,Colombo,0
5211,2026-05-06,10210.97,Food,KFC,Card,Anuradhapura,0
5212,2026-05-06,5691.67,Shopping,Daraz,Mobile Wallet,Anuradhapura,0
5213,2026-05-06,2155.66,Health,Pharmacy,Cash,Jaffna,0
5214,2026-05-07,5299.97,Shopping,Electronics Store,Mobile Wallet,Galle,0
5215,2026-05-07,4908.21,Transport,Train,Card,Anuradhapura,0
5216,2026-05-07,5660.06,Shopping,Supermarket,Cash,Kurunegala,0
5217,2026-05-07,7011.65,Bills,Internet,Card,Kandy,0
5218,2026-05-07,4500.7,Food,KFC,Mobile Wallet,Kurunegala,0
5219,2026-05-08,2801.83,Transport,Bus,Cash,Galle,0
5220,2026-05-08,7551.51,Bills,Mobile,Online Transfer,Jaffna,0
5221,2026-05-08,10460.65,Food,Restaurant,Card,Galle,0
5222,2026-05-08,2242.15,Health,Hospital,Cash,Jaffna,0
5223,2026-05-09,3435.3,Entertainment,Gaming,Mobile Wallet,Jaffna,0
5224,2026-05-09,4666.42,Transport,Bus,Card,Colombo,0
5225,2026-05-09,3492.05,Entertainment,Cinema,Online Transfer,Jaffna,0
5226,2026-05-09,9453.63,Bills,Water,Cash,Anuradhapura,0
5227,2026-05-09,6661.22,Bills,Water,Cash,Kandy,0
5228,2026-05-09,4597.19,Shopping,Electronics Store,Mobile Wallet,Jaffna,0
5229,2026-05-10,2428.15,Entertainment,Gaming,Mobile Wallet,Galle,0
5230,2026-05-10,12535.83,Food,Keells,Card,Kurunegala,1
5231,2026-05-10,3000.0,Entertainment,Netflix,Card,Colombo,0
5232,2026-05-11,7119.73,Bills,Water,Cash,Kandy,0
5233,2026-05-11,3769.61,Transport,Train,Online Transfer,Kandy,0
5234,2026-05-11,13887.59,Food,Keells,Cash,Anuradhapura,0
5235,2026-05-12,6280.58,Bills,Water,Mobile Wallet,Jaffna,0
5236,2026-05-12,3034.15,Education,University,Mobile Wallet,Jaffna,0
5237,2026-05-12,9679.68,Bills,Water,Online Transfer,Galle,0
5238,2026-05-12,7384.83,Food,KFC,Card,Kurunegala,0
5239,2026-05-12,3478.27,Health,Hospital,Online Transfer,Galle,0
5240,2026-05-12,8372.78,Shopping,Daraz,Card,Colombo,0
5241,2026-05-12,2170.95,Health,Hospital,Online Transfer,Galle,0
5242,2026-05-12,3320.87,Entertainment,Spotify,Cash,Jaffna,0
5243,2026-05-12,8706.85,Food,Restaurant,Mobile Wallet,Kurunegala,0
5244,2026-05-13,7342.15,Bills,Mobile,Mobile Wallet,Kurunegala,0
5245,2026-05-13,4026.1,Shopping,Supermarket,Card,Kurunegala,0
5246,2026-05-13,3538.01,Health,Pharmacy,Cash,Kurunegala,0
5247,2026-05-13,5024.21,Transport,PickMe,Card,Kandy,0
5248,2026-05-14,5084.01,Education,University,Card,Kurunegala,0
5249,2026-05-14,7713.68,Bills,Mobile,Card,Kurunegala,0
5250,2026-05-14,12334.47,Food,Cargills,Online Transfer,Galle,0
5251,2026-05-14,13675.37,Bills,Internet,Mobile Wallet,Kandy,0
5252,2026-05-14,7845.03,Food,Restaurant,Cash,Galle,0
5253,2026-05-14,5377.71,Bills,Electricity,Mobile Wallet,Colombo,0
5254,2026-05-15,5248.15,Transport,Uber,Cash,Kandy,0
5255,2026-05-15,3423.68,Entertainment,Spotify,Card,Galle,0
5256,2026-05-16,7156.39,Shopping,Supermarket,Card,Colombo,0
5257,2026-05-16,4919.29,Shopping,Daraz,Cash,Jaffna,0
5258,2026-05-16,4054.83,Transport,Bus,Cash,Jaffna,0
5259,2026-05-16,5694.75,Shopping,Daraz,Online Transfer,Kandy,0
5260,2026-05-17,7867.38,Bills,Electricity,Online Transfer,Colombo,0
5261,2026-05-17,13786.5,Food,KFC,Online Transfer,Jaffna,0
5262,2026-05-17,7691.46,Bills,Electricity,Online Transfer,Colombo,0
5263,2026-05-18,9724.23,Bills,Internet,Online Transfer,Kurunegala,0
5264,2026-05-18,4378.89,Entertainment,Gaming,Card,Galle,0
5265,2026-05-18,5245.01,Transport,PickMe,Mobile Wallet,Galle,0
5266,2026-05-18,15109.28,Bills,Mobile,Cash,Jaffna,0
5267,2026-05-18,4015.67,Education,Book Shop,Card,Jaffna,0
5268,2026-05-19,4261.92,Entertainment,Netflix,Card,Colombo,0
5269,2026-05-19,3884.78,Education,University,Mobile Wallet,Kandy,0
5270,2026-05-19,9494.13,Shopping,Supermarket,Cash,Kurunegala,0
5271,2026-05-20,4349.39,Education,University,Card,Colombo,0
5272,2026-05-20,3158.05,Health,Hospital,Cash,Galle,0
5273,2026-05-21,11174.02,Food,Cargills,Online Transfer,Kandy,0
5274,2026-05-21,3239.48,Health,Medical Centre,Card,Jaffna,0
5275,2026-05-21,4722.16,Entertainment,Spotify,Cash,Galle,0
5276,2026-05-21,2476.8,Health,Hospital,Card,Kurunegala,0
5277,2026-05-21,10054.26,Bills,Mobile,Mobile Wallet,Kurunegala,0
5278,2026-05-21,3661.68,Entertainment,Spotify,Cash,Kandy,0
5279,2026-05-21,8094.44,Transport,Bus,Mobile Wallet,Kandy,0
5280,2026-05-22,11920.61,Bills,Mobile,Mobile Wallet,Jaffna,0
5281,2026-05-22,6762.24,Shopping,Supermarket,Online Transfer,Colombo,0
5282,2026-05-22,7899.13,Food,Cargills,Mobile Wallet,Colombo,0
5283,2026-05-23,14575.62,Food,KFC,Online Transfer,Kandy,0
5284,2026-05-23,14883.07,Food,Cargills,Mobile Wallet,Colombo,0
5285,2026-05-24,2683.99,Entertainment,Netflix,Mobile Wallet,Anuradhapura,0
5286,2026-05-24,7617.28,Transport,Fuel Station,Card,Anuradhapura,0
5287,2026-05-24,3597.48,Education,Online Course,Online Transfer,Jaffna,0
5288,2026-05-24,1352.91,Health,Pharmacy,Card,Jaffna,0
5289,2026-05-24,3848.34,Education,Online Course,Card,Kandy,0
5290,2026-05-24,9246.57,Transport,Fuel Station,Mobile Wallet,Galle,0
5291,2026-05-25,9128.48,Food,Restaurant,Mobile Wallet,Kurunegala,0
5292,2026-05-25,6181.82,Bills,Electricity,Cash,Anuradhapura,0
5293,2026-05-25,9549.07,Bills,Internet,Mobile Wallet,Anuradhapura,0
5294,2026-05-25,9504.68,Bills,Water,Card,Anuradhapura,0
5295,2026-05-25,4848.12,Transport,Bus,Mobile Wallet,Anuradhapura,0
5296,2026-05-25,5067.58,Bills,Mobile,Card,Colombo,0
5297,2026-05-25,4885.19,Transport,Bus,Mobile Wallet,Kandy,0
5298,2026-05-25,3263.79,Transport,PickMe,Card,Jaffna,0
5299,2026-05-25,6006.67,Bills,Electricity,Cash,Anuradhapura,0
5300,2026-05-26,13382.34,Food,Cargills,Card,Kandy,0
5301,2026-05-26,9952.25,Food,Cargills,Card,Anuradhapura,0
5302,2026-05-27,5739.42,Food,Restaurant,Mobile Wallet,Kurunegala,0
5303,2026-05-27,5858.47,Shopping,Fashion Store,Online Transfer,Galle,0
5304,2026-05-27,4531.89,Shopping,Daraz,Online Transfer,Kandy,0
5305,2026-05-27,10433.15,Bills,Internet,Cash,Colombo,0
5306,2026-05-28,5923.43,Bills,Mobile,Mobile Wallet,Anuradhapura,0
5307,2026-05-28,3913.93,Education,University,Online Transfer,Jaffna,0
5308,2026-05-29,5556.26,Bills,Water,Card,Galle,0
5309,2026-05-29,9829.72,Food,Keells,Mobile Wallet,Jaffna,0
5310,2026-05-30,4023.15,Education,University,Cash,Colombo,0
5311,2026-05-30,4762.25,Shopping,Supermarket,Online Transfer,Kandy,0
5312,2026-05-30,7425.72,Shopping,Daraz,Cash,Anuradhapura,0
5313,2026-05-30,3577.1,Education,Online Course,Card,Kurunegala,0
5314,2026-05-31,10754.48,Food,Cargills,Online Transfer,Colombo,0
5315,2026-05-31,3198.59,Entertainment,Gaming,Mobile Wallet,Anuradhapura,0
5316,2026-05-31,11204.02,Bills,Electricity,Cash,Colombo,0
5317,2026-05-31,4109.54,Education,University,Cash,Anuradhapura,0
5318,2026-05-31,5246.27,Shopping,Electronics Store,Cash,Anuradhapura,0
5319,2026-05-31,4977.71,Transport,Train,Card,Galle,0
5320,2026-05-31,5265.3,Shopping,Supermarket,Cash,Galle,0
5321,2026-05-31,8886.58,Food,KFC,Cash,Jaffna,0
5322,2026-06-01,8004.55,Food,Cargills,Online Transfer,Colombo,0
5323,2026-06-02,1869.22,Health,Pharmacy,Card,Anuradhapura,0
5324,2026-06-02,3569.17,Education,University,Cash,Galle,0
5325,2026-06-02,7794.22,Food,Restaurant,Mobile Wallet,Kurunegala,0
5326,2026-06-02,5585.89,Shopping,Fashion Store,Cash,Colombo,0
5327,2026-06-03,8609.91,Bills,Electricity,Online Transfer,Galle,0
5328,2026-06-03,4136.83,Transport,PickMe,Mobile Wallet,Kandy,0
5329,2026-06-03,2972.61,Education,Online Course,Card,Kandy,0
5330,2026-06-03,5185.89,Transport,Fuel Station,Online Transfer,Jaffna,0
5331,2026-06-04,7332.29,Bills,Water,Mobile Wallet,Kurunegala,0
5332,2026-06-04,6428.7,Shopping,Daraz,Card,Colombo,0
5333,2026-06-05,7879.63,Transport,Uber,Online Transfer,Kurunegala,0
5334,2026-06-05,4329.64,Bills,Mobile,Mobile Wallet,Jaffna,0
5335,2026-06-05,6145.63,Food,KFC,Online Transfer,Jaffna,0
5336,2026-06-05,1783.9,Education,University,Card,Galle,0
5337,2026-06-06,3560.02,Education,Online Course,Cash,Colombo,0
5338,2026-06-06,9133.63,Bills,Electricity,Card,Galle,0
5339,2026-06-06,5043.55,Shopping,Daraz,Online Transfer,Anuradhapura,0
5340,2026-06-06,9206.08,Food,Keells,Mobile Wallet,Kurunegala,0
5341,2026-06-06,6075.74,Transport,Bus,Cash,Kurunegala,0
5342,2026-06-06,4729.41,Education,Book Shop,Mobile Wallet,Colombo,0
5343,2026-06-07,4500.0,Bills,Internet,Online Transfer,Colombo,0
5344,2026-06-07,9788.6,Transport,Bus,Mobile Wallet,Kurunegala,0
5345,2026-06-07,6936.51,Shopping,Supermarket,Mobile Wallet,Jaffna,0
5346,2026-06-08,3534.26,Bills,Water,Cash,Anuradhapura,0
5347,2026-06-08,3119.67,Education,Book Shop,Cash,Anuradhapura,0
5348,2026-06-08,7333.52,Food,Keells,Card,Galle,1
5349,2026-06-08,11547.56,Food,Keells,Cash,Colombo,0
5350,2026-06-08,4248.29,Entertainment,Gaming,Cash,Galle,0
5351,2026-06-09,2307.12,Health,Hospital,Cash,Colombo,0
5352,2026-06-09,5702.94,Shopping,Electronics Store,Cash,Galle,0
5353,2026-06-09,2838.8,Entertainment,Spotify,Online Transfer,Kandy,0
5354,2026-06-09,6681.12,Transport,PickMe,Mobile Wallet,Kurunegala,0
5355,2026-06-09,12600.07,Food,Restaurant,Online Transfer,Jaffna,0
5356,2026-06-09,3433.52,Education,Online Course,Online Transfer,Colombo,0
5357,2026-06-09,7326.58,Bills,Internet,Cash,Kurunegala,0
5358,2026-06-09,5900.94,Bills,Internet,Card,Jaffna,0
5359,2026-06-10,4323.73,Shopping,Fashion Store,Online Transfer,Jaffna,0
5360,2026-06-10,3330.09,Health,Medical Centre,Mobile Wallet,Kandy,0
5361,2026-06-10,7706.11,Food,Pizza Hut,Mobile Wallet,Colombo,0
5362,2026-06-10,4641.44,Bills,Water,Cash,Anuradhapura,0
5363,2026-06-10,4183.3,Shopping,Electronics Store,Online Transfer,Colombo,0
5364,2026-06-10,7729.38,Transport,Uber,Cash,Colombo,0
5365,2026-06-11,7732.05,Bills,Mobile,Online Transfer,Colombo,0
5366,2026-06-12,11342.6,Food,Keells,Card,Galle,0
5367,2026-06-12,3472.53,Education,Book Shop,Card,Kurunegala,0
5368,2026-06-12,9316.21,Food,Keells,Card,Colombo,0
5369,2026-06-13,7029.86,Transport,Uber,Card,Jaffna,0
5370,2026-06-13,9434.04,Bills,Internet,Mobile Wallet,Kandy,0
5371,2026-06-14,4911.7,Transport,Fuel Station,Mobile Wallet,Colombo,0
5372,2026-06-14,4157.05,Shopping,Fashion Store,Card,Kurunegala,0
5373,2026-06-14,7504.29,Food,KFC,Online Transfer,Jaffna,0
5374,2026-06-14,3232.33,Transport,Bus,Cash,Galle,0
5375,2026-06-14,6426.95,Transport,Train,Online Transfer,Jaffna,0
5376,2026-06-14,3000.0,Entertainment,Netflix,Card,Colombo,0
5377,2026-06-15,2661.35,Education,Online Course,Cash,Galle,0
5378,2026-06-15,10115.31,Food,Cargills,Online Transfer,Anuradhapura,1
5379,2026-06-16,6293.58,Food,Keells,Card,Kandy,0
5380,2026-06-16,6173.71,Food,Keells,Card,Colombo,0
5381,2026-06-16,3166.79,Shopping,Electronics Store,Card,Colombo,0
5382,2026-06-16,4724.04,Shopping,Daraz,Card,Kandy,0
5383,2026-06-16,5201.26,Shopping,Fashion Store,Mobile Wallet,Jaffna,0
5384,2026-06-16,6126.97,Food,Keells,Online Transfer,Jaffna,0
5385,2026-06-16,4329.7,Entertainment,Gaming,Card,Anuradhapura,0
5386,2026-06-16,5754.46,Food,Restaurant,Cash,Galle,0
5387,2026-06-17,2809.86,Transport,Train,Online Transfer,Colombo,0
5388,2026-06-17,4423.12,Transport,Uber,Card,Jaffna,0
5389,2026-06-17,4570.57,Bills,Water,Online Transfer,Colombo,0
5390,2026-06-17,5007.52,Food,Pizza Hut,Cash,Anuradhapura,0
5391,2026-06-17,5718.69,Bills,Electricity,Card,Galle,0
5392,2026-06-18,5171.87,Shopping,Daraz,Mobile Wallet,Kandy,1
5393,2026-06-18,5826.76,Bills,Water,Mobile Wallet,Colombo,0
5394,2026-06-18,5060.75,Food,Restaurant,Online Transfer,Galle,0
5395,2026-06-18,2840.27,Health,Medical Centre,Cash,Colombo,0
5396,2026-06-18,7260.29,Food,Cargills,Cash,Galle,0
5397,2026-06-19,2559.03,Education,University,Card,Galle,0
5398,2026-06-19,5211.34,Food,Pizza Hut,Cash,Galle,0
5399,2026-06-19,6399.12,Food,KFC,Cash,Jaffna,0
5400,2026-06-20,4440.01,Health,Pharmacy,Cash,Anuradhapura,0
5401,2026-06-20,6084.88,Food,Keells,Cash,Colombo,0
5402,2026-06-20,6850.56,Bills,Water,Online Transfer,Jaffna,0
5403,2026-06-20,7917.23,Food,Pizza Hut,Card,Jaffna,0
5404,2026-06-20,1625.05,Entertainment,Cinema,Online Transfer,Galle,0
5405,2026-06-20,3168.33,Education,University,Cash,Galle,0
5406,2026-06-21,5428.1,Transport,Uber,Cash,Galle,0
5407,2026-06-21,8685.72,Food,Pizza Hut,Card,Galle,0
5408,2026-06-21,1546.84,Entertainment,Gaming,Card,Galle,0
5409,2026-06-21,7526.42,Bills,Electricity,Online Transfer,Colombo,0
5410,2026-06-21,2990.5,Shopping,Daraz,Cash,Jaffna,0
5411,2026-06-21,4151.73,Transport,Fuel Station,Online Transfer,Kurunegala,0
5412,2026-06-21,5005.4,Transport,Bus,Cash,Anuradhapura,0
5413,2026-06-22,4402.98,Shopping,Daraz,Cash,Jaffna,0
5414,2026-06-22,5627.34,Bills,Internet,Card,Jaffna,0
5415,2026-06-22,5579.74,Bills,Internet,Mobile Wallet,Galle,0
5416,2026-06-22,4782.69,Education,University,Card,Jaffna,0
5417,2026-06-22,2038.78,Health,Pharmacy,Mobile Wallet,Kandy,0
5418,2026-06-22,5347.62,Bills,Internet,Card,Colombo,0
5419,2026-06-23,6452.47,Food,Keells,Cash,Galle,0
5420,2026-06-23,1931.37,Education,University,Mobile Wallet,Anuradhapura,0
5421,2026-06-23,2399.9,Education,Book Shop,Card,Kurunegala,0
5422,2026-06-23,2283.07,Entertainment,Spotify,Card,Colombo,0
5423,2026-06-23,6869.72,Bills,Water,Cash,Colombo,0
5424,2026-06-23,2236.43,Entertainment,Spotify,Mobile Wallet,Anuradhapura,0
5425,2026-06-23,7497.82,Shopping,Fashion Store,Card,Kandy,0
5426,2026-06-24,5133.79,Bills,Mobile,Cash,Galle,0
5427,2026-06-24,1946.04,Health,Medical Centre,Mobile Wallet,Jaffna,1
5428,2026-06-24,2295.07,Education,Book Shop,Online Transfer,Galle,0
5429,2026-06-24,5317.05,Shopping,Supermarket,Online Transfer,Jaffna,0
5430,2026-06-24,3852.22,Education,University,Cash,Kandy,0
5431,2026-06-24,3155.21,Education,Online Course,Cash,Colombo,0
5432,2026-06-24,6137.91,Bills,Internet,Mobile Wallet,Kandy,0
5433,2026-06-25,6355.78,Bills,Internet,Mobile Wallet,Anuradhapura,0
5434,2026-06-25,4543.45,Shopping,Electronics Store,Mobile Wallet,Kurunegala,0
5435,2026-06-25,5436.45,Transport,Bus,Online Transfer,Kurunegala,0
5436,2026-06-26,8700.48,Food,Restaurant,Mobile Wallet,Anuradhapura,0
5437,2026-06-26,9916.36,Food,Pizza Hut,Cash,Colombo,0
5438,2026-06-26,5147.82,Transport,Train,Card,Jaffna,0
5439,2026-06-27,7952.02,Food,Keells,Cash,Colombo,0
5440,2026-06-27,3859.01,Education,Online Course,Mobile Wallet,Anuradhapura,0
5441,2026-06-27,4331.55,Shopping,Fashion Store,Mobile Wallet,Galle,0
5442,2026-06-28,7467.36,Shopping,Daraz,Online Transfer,Kurunegala,0
5443,2026-06-29,2188.89,Entertainment,Spotify,Online Transfer,Kandy,0
5444,2026-06-29,7957.14,Food,Keells,Cash,Galle,0
5445,2026-06-29,2653.35,Education,Online Course,Card,Jaffna,0
5446,2026-06-30,5326.36,Transport,Train,Cash,Kandy,0
5447,2026-07-01,2042.22,Health,Hospital,Cash,Kandy,0
5448,2026-07-01,2836.95,Health,Medical Centre,Card,Anuradhapura,0
5449,2026-07-01,8458.2,Food,KFC,Cash,Anuradhapura,0
5450,2026-07-01,10204.13,Food,Keells,Card,Colombo,0
5451,2026-07-02,6942.63,Bills,Water,Card,Kurunegala,0
5452,2026-07-02,2836.94,Entertainment,Cinema,Card,Kandy,0
5453,2026-07-02,3133.78,Entertainment,Spotify,Mobile Wallet,Kurunegala,0
5454,2026-07-02,4304.72,Transport,Bus,Online Transfer,Galle,0
5455,2026-07-02,5614.68,Shopping,Fashion Store,Card,Colombo,0
5456,2026-07-02,10545.56,Bills,Water,Mobile Wallet,Jaffna,0
5457,2026-07-02,7634.64,Bills,Electricity,Mobile Wallet,Anuradhapura,0
5458,2026-07-02,5163.13,Bills,Water,Card,Colombo,0
5459,2026-07-02,6442.3,Transport,Fuel Station,Card,Anuradhapura,0
5460,2026-07-03,9268.59,Food,Restaurant,Cash,Jaffna,0
5461,2026-07-03,10601.22,Bills,Mobile,Mobile Wallet,Kandy,0
5462,2026-07-03,3013.12,Health,Hospital,Cash,Anuradhapura,0
5463,2026-07-04,2961.73,Entertainment,Gaming,Cash,Colombo,0
5464,2026-07-04,8832.16,Food,Cargills,Card,Colombo,0
5465,2026-07-04,3484.26,Education,Book Shop,Cash,Colombo,0
5466,2026-07-04,3876.68,Shopping,Daraz,Mobile Wallet,Galle,0
5467,2026-07-04,3138.14,Education,Online Course,Online Transfer,Anuradhapura,0
5468,2026-07-04,7790.86,Shopping,Electronics Store,Card,Kurunegala,0
5469,2026-07-04,10163.74,Food,KFC,Mobile Wallet,Colombo,0
5470,2026-07-04,9941.85,Food,Restaurant,Cash,Anuradhapura,0
5471,2026-07-05,9380.85,Food,Cargills,Card,Colombo,0
5472,2026-07-05,5919.25,Food,Pizza Hut,Card,Kandy,0
5473,2026-07-05,4500.0,Bills,Internet,Online Transfer,Colombo,0
5474,2026-07-05,2973.78,Health,Medical Centre,Cash,Kurunegala,0
5475,2026-07-05,9288.2,Transport,Uber,Online Transfer,Galle,1
5476,2026-07-05,4039.23,Shopping,Supermarket,Card,Kurunegala,0
5477,2026-07-06,10100.13,Food,Keells,Cash,Kurunegala,0
5478,2026-07-06,4520.06,Bills,Internet,Card,Anuradhapura,0
5479,2026-07-06,2279.66,Health,Pharmacy,Cash,Colombo,0
5480,2026-07-06,8271.29,Shopping,Fashion Store,Cash,Colombo,0
5481,2026-07-06,4989.08,Shopping,Electronics Store,Mobile Wallet,Colombo,0
5482,2026-07-07,6059.49,Shopping,Electronics Store,Card,Colombo,0
5483,2026-07-07,13601.28,Food,Restaurant,Online Transfer,Anuradhapura,0
5484,2026-07-07,5791.49,Transport,PickMe,Cash,Kandy,0
5485,2026-07-07,2123.97,Entertainment,Gaming,Mobile Wallet,Kandy,0
5486,2026-07-07,6836.04,Bills,Internet,Card,Kandy,0
5487,2026-07-07,2439.74,Health,Hospital,Cash,Kurunegala,0
5488,2026-07-08,7760.61,Food,Cargills,Mobile Wallet,Galle,0
5489,2026-07-08,7608.32,Bills,Mobile,Card,Anuradhapura,0
5490,2026-07-09,4955.44,Transport,Fuel Station,Card,Kandy,0
5491,2026-07-09,5506.27,Bills,Water,Card,Anuradhapura,0
5492,2026-07-09,8929.17,Food,Pizza Hut,Card,Galle,0
5493,2026-07-10,4917.05,Transport,PickMe,Cash,Galle,0
5494,2026-07-10,3391.88,Transport,Bus,Mobile Wallet,Colombo,0
5495,2026-07-10,2659.41,Health,Medical Centre,Card,Colombo,0
5496,2026-07-10,5497.16,Transport,Train,Card,Kurunegala,0
5497,2026-07-10,5952.66,Shopping,Daraz,Cash,Colombo,0
5498,2026-07-11,3383.85,Education,Book Shop,Online Transfer,Anuradhapura,0
5499,2026-07-11,4632.36,Shopping,Daraz,Mobile Wallet,Anuradhapura,1
5500,2026-07-11,5158.61,Bills,Water,Online Transfer,Jaffna,0
5501,2026-07-11,3968.86,Shopping,Fashion Store,Cash,Colombo,0
5502,2026-07-12,4142.86,Bills,Electricity,Online Transfer,Kandy,0
5503,2026-07-12,3000.0,Entertainment,Netflix,Card,Colombo,0
5504,2026-07-12,6863.58,Bills,Mobile,Mobile Wallet,Galle,0
5505,2026-07-12,19988.5,Food,Keells,Online Transfer,Colombo,1
5506,2026-07-12,5182.11,Transport,Train,Mobile Wallet,Kurunegala,0
5507,2026-07-13,5801.61,Bills,Electricity,Online Transfer,Kandy,0
5508,2026-07-13,2211.63,Entertainment,Cinema,Online Transfer,Anuradhapura,0
5509,2026-07-14,11239.4,Food,Restaurant,Cash,Anuradhapura,0
5510,2026-07-14,8826.93,Food,Cargills,Online Transfer,Colombo,0
5511,2026-07-14,6235.29,Bills,Mobile,Card,Jaffna,0
5512,2026-07-14,8064.89,Shopping,Fashion Store,Online Transfer,Galle,0
5513,2026-07-14,7346.95,Bills,Water,Card,Anuradhapura,0
5514,2026-07-14,7066.41,Bills,Electricity,Cash,Galle,0
5515,2026-07-15,8052.28,Food,KFC,Cash,Kandy,0
5516,2026-07-15,8306.78,Food,Cargills,Cash,Kurunegala,0
5517,2026-07-15,9786.1,Bills,Electricity,Mobile Wallet,Colombo,0
5518,2026-07-16,10059.85,Shopping,Fashion Store,Mobile Wallet,Colombo,0
5519,2026-07-16,4618.94,Shopping,Fashion Store,Mobile Wallet,Anuradhapura,0
5520,2026-07-17,9159.34,Bills,Internet,Mobile Wallet,Jaffna,0
5521,2026-07-17,8037.05,Food,Restaurant,Cash,Galle,0
5522,2026-07-17,3100.98,Entertainment,Gaming,Cash,Anuradhapura,0
5523,2026-07-17,9188.81,Food,Restaurant,Online Transfer,Galle,0
5524,2026-07-18,7784.85,Bills,Internet,Card,Kandy,0
5525,2026-07-19,8029.72,Food,Pizza Hut,Mobile Wallet,Kurunegala,0
5526,2026-07-19,6832.34,Bills,Electricity,Online Transfer,Colombo,0
5527,2026-07-19,12752.75,Bills,Mobile,Mobile Wallet,Jaffna,0
5528,2026-07-19,1795.32,Entertainment,Netflix,Online Transfer,Anuradhapura,0
5529,2026-07-19,3205.34,Education,University,Online Transfer,Kurunegala,0
5530,2026-07-19,5953.77,Bills,Electricity,Cash,Jaffna,0
5531,2026-07-20,2556.95,Education,University,Mobile Wallet,Kandy,0
5532,2026-07-20,2657.83,Education,Book Shop,Cash,Kandy,0
5533,2026-07-21,1621.67,Health,Medical Centre,Cash,Colombo,0
5534,2026-07-21,7161.4,Food,Pizza Hut,Cash,Kandy,0
5535,2026-07-21,5354.06,Bills,Water,Mobile Wallet,Jaffna,0
5536,2026-07-22,2505.03,Shopping,Daraz,Mobile Wallet,Jaffna,0
5537,2026-07-22,1368.57,Health,Medical Centre,Card,Anuradhapura,0
5538,2026-07-22,2446.35,Education,Online Course,Mobile Wallet,Colombo,0
5539,2026-07-22,5223.63,Food,Keells,Online Transfer,Kandy,0
5540,2026-07-23,4211.54,Bills,Mobile,Online Transfer,Kurunegala,0
5541,2026-07-23,5746.06,Shopping,Fashion Store,Cash,Anuradhapura,0
5542,2026-07-23,5388.76,Food,KFC,Online Transfer,Galle,0
5543,2026-07-23,7593.25,Food,Cargills,Online Transfer,Jaffna,0
5544,2026-07-24,5230.07,Transport,Fuel Station,Online Transfer,Galle,0
5545,2026-07-24,5988.37,Shopping,Electronics Store,Cash,Kurunegala,0
5546,2026-07-24,7390.97,Food,Pizza Hut,Online Transfer,Kandy,0
5547,2026-07-24,5537.39,Food,Cargills,Online Transfer,Anuradhapura,0
5548,2026-07-24,7160.23,Food,Restaurant,Mobile Wallet,Colombo,0
5549,2026-07-24,3674.68,Transport,Train,Card,Kurunegala,0
5550,2026-07-24,4659.33,Shopping,Daraz,Mobile Wallet,Kurunegala,0
5551,2026-07-24,3737.25,Bills,Water,Mobile Wallet,Kurunegala,0
5552,2026-07-24,3223.86,Shopping,Daraz,Card,Anuradhapura,0
5553,2026-07-25,6691.09,Food,Cargills,Cash,Jaffna,0
5554,2026-07-25,2089.35,Health,Medical Centre,Card,Jaffna,0
5555,2026-07-25,11003.09,Food,Pizza Hut,Online Transfer,Kurunegala,0
5556,2026-07-25,2857.88,Transport,Fuel Station,Online Transfer,Anuradhapura,0
5557,2026-07-25,5509.62,Shopping,Fashion Store,Online Transfer,Anuradhapura,0
5558,2026-07-26,7449.02,Bills,Electricity,Card,Anuradhapura,0
5559,2026-07-26,11153.18,Bills,Internet,Mobile Wallet,Galle,0
5560,2026-07-26,7260.6,Food,Pizza Hut,Online Transfer,Colombo,0
5561,2026-07-27,4156.62,Education,Book Shop,Cash,Kurunegala,0
5562,2026-07-27,4036.56,Education,Online Course,Mobile Wallet,Jaffna,0
5563,2026-07-27,12958.49,Food,Restaurant,Card,Anuradhapura,0
5564,2026-07-27,6480.98,Bills,Mobile,Mobile Wallet,Anuradhapura,0
5565,2026-07-27,3269.55,Education,University,Online Transfer,Jaffna,0
5566,2026-07-27,7976.26,Food,Pizza Hut,Mobile Wallet,Kandy,0
5567,2026-07-28,4537.67,Shopping,Daraz,Mobile Wallet,Colombo,0
5568,2026-07-28,6057.8,Food,KFC,Online Transfer,Kurunegala,0
5569,2026-07-28,6593.47,Bills,Internet,Cash,Kandy,0
5570,2026-07-28,6064.3,Food,KFC,Online Transfer,Galle,0
5571,2026-07-29,2801.11,Health,Medical Centre,Cash,Kandy,0
5572,2026-07-29,8057.6,Food,Pizza Hut,Online Transfer,Kandy,0
5573,2026-07-29,4461.24,Transport,PickMe,Card,Colombo,0
5574,2026-07-29,3268.01,Transport,Bus,Cash,Kandy,0
5575,2026-07-29,8443.1,Food,Restaurant,Online Transfer,Colombo,0
5576,2026-07-30,8342.66,Food,Cargills,Cash,Anuradhapura,0
5577,2026-07-30,2580.8,Entertainment,Netflix,Online Transfer,Anuradhapura,0
5578,2026-07-30,5240.27,Transport,Fuel Station,Card,Anuradhapura,0
5579,2026-07-30,7829.05,Shopping,Daraz,Mobile Wallet,Anuradhapura,0
5580,2026-07-31,8109.54,Food,Pizza Hut,Cash,Kandy,0
5581,2026-07-31,8807.95,Food,Keells,Mobile Wallet,Galle,0
5582,2026-07-31,3541.49,Entertainment,Cinema,Online Transfer,Galle,0
5583,2026-07-31,4946.73,Transport,PickMe,Card,Kandy,0
