Model,MAE,MSE,RMSE,R2 Score,Training Time (seconds)
Tuned Random Forest,49.2247,6727.17,82.01932699065507,0.999611,18.63
Linear Regression,6272.995,78204696.8,8843.341947476643,0.548,0.12
Random Forest,6468.933,87064496.7,9330.835798576674,0.497,2.45
